-0.0539827197790146,-0.119787253439426,0.0438393726944923,1.52416708054216,0.220348101008749,-0.148713413906659
-0.0506577640771866,-0.111217997968197,0.0289176795631647,1.52350604781834,0.203598104575069,-0.133629414476583
-0.0185291189700365,-0.204578042030334,0.0130148800089955,1.523083963577,0.194545397418261,-0.126976133900635
0.0292735565453768,-0.330309063196182,0.033493522554636,1.52331917506477,0.18326800231389,-0.120142548758549
0.0577960088849068,-0.463467389345169,0.0655872747302055,1.52415268371396,0.162631908700494,-0.105723502526166
0.0598988458514214,-0.462377905845642,0.0688059702515602,1.52519618822973,0.136006848714897,-0.0863307451089464
0.0398747995495796,-0.337906002998352,0.0399628765881062,1.52604917880006,0.116337022405545,-0.0723470143529106
0.00173939997330308,-0.18628266453743,0.00996076688170433,1.52631163677048,0.106633295749043,-0.0662260427376593
-0.010966008529067,-0.098573312163353,-0.00178324081934988,1.52613139747207,0.103999520259805,-0.0654642363274487
0.00626224651932716,-0.0338012389838696,-0.0240350160747766,1.52607410038632,0.109001540505616,-0.0712500456114207
0.0171274114400148,-0.0155721660703421,-0.0485099963843822,1.5262046104817,0.124173828637695,-0.0867026738485336
0.0256758909672499,0.0374242067337036,-0.0526741147041321,1.52646444610014,0.143123107715636,-0.105416332724026
0.0234311129897833,0.0450813286006451,-0.0398653782904148,1.52674755113894,0.160265627204398,-0.121929852219975
0.0264687146991491,0.0473269037902355,-0.0216877069324255,1.52708777862684,0.17156795331204,-0.132481863799796
0.00843645073473454,0.0181314684450626,-0.0303776022046804,1.5272842714024,0.181245149204804,-0.141764950278587
0.000143101438879967,0.0266948640346527,-0.0571226589381695,1.52716917724355,0.19888938143632,-0.159116086042262
-0.00219808332622051,0.0474020056426525,-0.0336218625307083,1.52703120314738,0.21299731388577,-0.172602151516547
-0.017303267493844,0.0529989041388035,-0.0123549252748489,1.52680696202817,0.219573157950246,-0.178376749804307
-0.0302603449672461,0.0271776951849461,0.00782704260200262,1.5264082421017,0.217120751906592,-0.175350829123983
-0.028099188581109,0.0184880662709475,0.00462858565151691,1.52602361155118,0.212187348502666,-0.170128729116024
-0.0141855049878359,0.0324600748717785,-0.00274304370395839,1.52575463116949,0.211607116923763,-0.169130030094733
-0.0034463070333004,0.0323591381311417,-0.0122851505875587,1.52565977120105,0.214465937331911,-0.171433506814129
-0.00661653466522694,0.0388545915484428,-0.0155033133924007,1.52557192708722,0.220577786502778,-0.177042329544675
-0.0152715407311916,0.0400562100112438,-0.000606656074523926,1.52537797746698,0.222534419356945,-0.178360101883035
-0.0228535626083612,0.0109332110732794,0.0142670981585979,1.52510378158743,0.218461685239866,-0.173934139738909
-0.0259984862059355,-0.0475474111735821,0.00991709157824516,1.52477029550389,0.211911291936827,-0.167826392972123
-0.0227976348251104,-0.0648880526423454,0.00992081966251135,1.52445575868906,0.206029545225682,-0.162866551273697
-0.0270696114748716,-0.0626965314149857,0.0109631810337305,1.52413173817656,0.1990869152587,-0.156909243880383
-0.0153397172689438,-0.023781094700098,0.0089418413117528,1.52386922298159,0.194636963799494,-0.153018315460487
0.00485769519582391,-0.0195179060101509,0.0144173009321094,1.52389804359157,0.191032189403259,-0.149703241634498
-0.0186492279171944,-0.0193674378097057,0.021740460768342,1.52383370877421,0.184654942799307,-0.143648900808607
-0.0346681401133537,-0.0246833730489016,0.0259029809385538,1.52345406435668,0.175428665560235,-0.134762683151326
-0.0486108586192131,-0.034307237714529,0.0364826582372189,1.52291400102428,0.162152029044353,-0.121987889043602
-0.0616385042667389,-0.0384324751794338,0.0641614198684692,1.52219903585331,0.142406052210586,-0.102717343392513
-0.0587180852890015,-0.090250663459301,0.0972368121147156,1.5214941726123,0.112393823191823,-0.0737847883781853
-0.0546367913484573,-0.112898722290993,0.118600688874722,1.52084936417627,0.0750628051340559,-0.0380329491319925
-0.0547046959400177,-0.139925003051758,0.127117484807968,1.52018492932174,0.0347700260296638,0.000349980753929367
-0.0665091574192047,-0.140901863574982,0.136651605367661,1.51925691768464,-0.00701981659836267,0.0400388771390286
-0.0591814741492271,-0.138693302869797,0.151653185486794,1.51827093477599,-0.0506690724348015,0.0816419565495763
-0.0370282381772995,-0.10402000695467,0.176395013928413,1.51740779169091,-0.099330220613615,0.128592358584526
-0.0329599902033806,-0.111502692103386,0.198841735720634,1.51655875218206,-0.152359710202326,0.180121801260239
-0.0502790585160255,-0.14807054400444,0.230732560157776,1.51529667492611,-0.21235510300779,0.238203058767589
-0.0612126663327217,-0.19116023182869,0.263726472854614,1.51351380251981,-0.276755751471346,0.300025508691247
-0.0646449476480484,-0.218070685863495,0.291445165872574,1.51131200042187,-0.345214024680054,0.365416509300082
-0.0902625620365143,-0.219003155827522,0.296618610620499,1.50858178663253,-0.408688445556083,0.425691059849409
-0.132844910025597,-0.225320175290108,0.292063534259796,1.50513949198864,-0.4627511422557,0.476531995660287
-0.173477813601494,-0.213132753968239,0.307831048965454,1.50096626750614,-0.50780139186748,0.518422512207397
-0.215640187263489,-0.24721722304821,0.378010123968124,1.49568826281516,-0.553116020940593,0.560315278670524
-0.304844915866852,-0.278818309307098,0.466041445732117,1.48878163196743,-0.59912070469127,0.602294213497833
-0.411048322916031,-0.285466611385345,0.547578930854797,1.47975556405513,-0.639678565992215,0.638932895587423
-0.527989029884338,-0.337487727403641,0.639681696891785,1.46833048241778,-0.67220716963517,0.66684688600776
-0.560530185699463,-0.347817599773407,0.705674827098846,1.4553083473827,-0.702270978710133,0.69175781656604
-0.556994080543518,-0.288489043712616,0.665172934532166,1.44232417386526,-0.725348222374133,0.710254297733315
-0.554098427295685,-0.17635902762413,0.574523746967316,1.43000112686044,-0.737099942793212,0.718962371651901
-0.507609724998474,-0.100108735263348,0.495870471000671,1.41899470932401,-0.741900814328052,0.721908488688768
-0.44384753704071,-0.0294878259301186,0.391692399978638,1.40958469733655,-0.74283577959575,0.722080368324894
-0.380899995565414,0.0442356616258621,0.258676558732986,1.40214175679205,-0.738130804570502,0.717581492472171
-0.376030147075653,0.074165865778923,0.188250869512558,1.39595988631515,-0.728887476916392,0.70925242715805
-0.49294638633728,0.0236611440777779,0.155401304364204,1.38934350779235,-0.714148103027238,0.694929337686906
-0.643126308917999,-0.0676892772316933,0.150062739849091,1.3810701132873,-0.693109427474923,0.673011230653602
-0.686577379703522,-0.116343893110752,0.124100640416145,1.37184372840024,-0.669987307089208,0.647769144930507
-0.675304710865021,-0.0496386364102364,0.0516168549656868,1.36304478790249,-0.645332501716166,0.621410487571511
-0.691592335700989,0.077742226421833,-0.0391420759260654,1.35478642041531,-0.616442283304439,0.592158379967966
-0.666415870189667,0.122696913778782,-0.116896793246269,1.34720333274969,-0.58352448052898,0.560366569157375
-0.600244581699371,0.0227114632725716,-0.126176834106445,1.34053274547262,-0.55394887692472,0.53105947906837
-0.585476577281952,0.0617067962884903,-0.110022649168968,1.33386742779663,-0.528391794704972,0.505233319234084
-0.537691235542297,0.221179813146591,-0.217420995235443,1.32790223028315,-0.499715994581879,0.478347035589131
-0.472816079854965,0.326413005590439,-0.327965646982193,1.3233964529028,-0.465808047228883,0.448034643644766
-0.429396957159042,0.340889424085617,-0.419515520334244,1.31993552318898,-0.428874843341883,0.41523352179183
-0.459332227706909,0.244098454713821,-0.527671813964844,1.31681320169744,-0.388172517977574,0.377565223124409
-0.593040764331818,0.137221530079842,-0.588453650474548,1.31231831328996,-0.344126774291301,0.334664236638603
-0.761140286922455,0.127041593194008,-0.618392407894135,1.3050277898915,-0.297201067612336,0.287927369897244
-0.715107262134552,0.275022268295288,-0.646782755851746,1.29677190369289,-0.250008614365027,0.242311851822056
-0.51794308423996,0.334691733121872,-0.651849687099457,1.29046852005941,-0.204244871242522,0.199900505221921
-0.423228532075882,0.358130991458893,-0.638394892215729,1.28571126819287,-0.162109551191638,0.161620752348237
-0.464792758226395,0.241403862833977,-0.63450825214386,1.28045957568855,-0.122715748129966,0.125095201012006
-0.541578352451324,-0.0147869111970067,-0.62030827999115,1.27382781706403,-0.0878899796221629,0.0899181667688772
-0.601864039897919,-0.0866736173629761,-0.548148334026337,1.26570641445953,-0.0594876960315761,0.0587423945414381
-0.558541119098663,0.167133092880249,-0.635191082954407,1.25738808298094,-0.029068364440152,0.0279928489299552
-0.383102416992188,0.423566460609436,-0.720304131507874,1.25068088942858,0.00841857768188573,-0.00597931957942073
-0.12828503549099,0.509961009025574,-0.738853573799133,1.24717325252485,0.0485435369756601,-0.0405036475679966
0.0741362348198891,0.515513479709625,-0.734327793121338,1.24660507731893,0.0893628982196936,-0.0753439009254145
0.181655779480934,0.425199240446091,-0.719833791255951,1.24771721485915,0.12937146122316,-0.110148035030773
0.244512766599655,0.349118590354919,-0.716296076774597,1.2494434353499,0.168483747469147,-0.145451888460112
0.283069461584091,0.265451401472092,-0.736419439315796,1.2514229776013,0.207479839462089,-0.181953314717868
0.321515917778015,0.251141965389252,-0.745795369148254,1.25343680028869,0.247321852814958,-0.219965648204035
0.345167189836502,0.308286994695663,-0.771216809749603,1.25527763573014,0.28942739289737,-0.259694853969063
0.361177325248718,0.387230575084686,-0.776374876499176,1.25677723012172,0.333984934441657,-0.30091765531021
0.368602216243744,0.448928266763687,-0.774129807949066,1.2578560654846,0.379949752354943,-0.342433219112028
0.407055854797363,0.481169849634171,-0.785595774650574,1.25863704599397,0.427983100335108,-0.385380618094019
0.447451233863831,0.411742836236954,-0.772585690021515,1.25937203231681,0.476171391647281,-0.429027270488214
0.457480937242508,0.302716732025146,-0.697869122028351,1.26019785388153,0.521390468887405,-0.471217803970145
0.40570405125618,0.217806652188301,-0.623530685901642,1.26068302218974,0.561209944636506,-0.509215716335636
0.356276303529739,0.155491888523102,-0.574786365032196,1.26050289898319,0.596456358620223,-0.543443015195032
0.353627800941467,0.0995130315423012,-0.513983726501465,1.26014913550146,0.627990987743177,-0.574788470993964
0.414799004793167,0.0822743922472,-0.440980076789856,1.26065816910145,0.657630032248312,-0.604537113798808
0.520942747592926,0.078765943646431,-0.393302023410797,1.26252190360917,0.687846322100141,-0.635084123126145
0.613618612289429,0.143301799893379,-0.391567766666412,1.26541718711285,0.721623466431103,-0.668655028792946
0.659737110137939,0.171053528785706,-0.426483958959579,1.26835860760865,0.759907642566439,-0.706063183455824
0.6828733086586,0.0866763293743134,-0.389037251472473,1.27125550947537,0.798687054774067,-0.744796339552929
0.693817615509033,-0.0904731526970863,-0.29515814781189,1.27476067836205,0.833634997107388,-0.781889052936086
0.733718395233154,-0.157438054680824,-0.225545778870583,1.27911827711973,0.866120010300301,-0.818118387215239
0.81020599603653,-0.0916204378008842,-0.200419917702675,1.28416505690087,0.901398038336658,-0.856848217043664
0.962102293968201,-0.044607125222683,-0.39055472612381,1.28850462543281,0.947459350222566,-0.905717859676324
1.06827783584595,0.0124955773353577,-0.348156660795212,1.29256074797415,1.00342304496534,-0.964075109365924
1.07708728313446,0.00209140544757247,-0.258399069309235,1.29726029536339,1.06042793858032,-1.02325080541748
1.00528204441071,0.0210848040878773,-0.211856052279472,1.30140825299243,1.11564201510656,-1.08032307774542
0.923424124717712,0.0274092778563499,-0.11199177801609,1.30529551864979,1.16680711258733,-1.13295105313111
0.876603126525879,0.0141539266332984,0.00303280679509044,1.30981677684397,1.21372382770762,-1.18126394475124
0.891967713832855,0.0274412371218204,0.0736326724290848,1.31488304686091,1.26052566492178,-1.22932177635836
0.899911344051361,0.0385759137570858,0.139910236001015,1.3203689913322,1.30903274124417,-1.2788448931779
0.931524157524109,0.0548825226724148,0.180718794465065,1.32608264554139,1.36051561114941,-1.33117042674964
0.928077518939972,0.0106578022241592,0.2105563133955,1.33156719004962,1.41449573836637,-1.38639979738426
0.888505041599274,0.0434141531586647,0.226350992918015,1.3366644455721,1.46891446517196,-1.44186637965916
0.848909974098206,0.016636598855257,0.246358796954155,1.3411738748183,1.52285547627276,-1.496908114242
0.807087182998657,0.00400203000754118,0.277045845985413,1.34549435045092,1.57611467810348,-1.55141762688648
0.763112246990204,-0.0367595143616199,0.310895144939423,1.34954710702766,1.62762255419599,-1.60458451655805
0.752071559429169,-0.0613793730735779,0.355654358863831,1.35376144722917,1.67941176650181,-1.6584478119986
0.76457405090332,-0.0818407014012337,0.388822972774506,1.35786652504578,1.73346352157697,-1.71500060888757
0.781618297100067,-0.0645962059497833,0.388950824737549,1.36145890335126,1.79107657283702,-1.7750654071513
0.801027953624725,-0.052915845066309,0.362388968467712,1.36385291959816,1.85151652513109,-1.83764408489707
0.758068740367889,-0.11855424195528,0.402628272771835,1.36576463792515,1.9121593635681,-1.90099691850821
0.62738448381424,-0.194393619894981,0.482870370149612,1.36847669941011,1.96718713518073,-1.95983213340008
0.507244765758514,-0.236653983592987,0.574961960315704,1.37257587266012,2.01669689976958,-2.01396257051282
0.499318927526474,-0.0804321616888046,0.624191582202911,1.37750970264998,2.06906354271903,-2.06933162815267
0.627105414867401,0.0814092010259628,0.629454016685486,1.38122481097866,2.13252514068789,-2.13364100595806
0.748362839221954,0.11344064027071,0.653769731521606,1.38315336919699,2.2098554417184,-2.21045276004264
0.694454610347748,-0.0461641997098923,0.730156660079956,1.38447098635991,2.28991922018236,-2.29179864989661
0.477500438690186,-0.276440024375916,0.809685528278351,1.38730957945523,2.3631043546115,-2.36930601455557
0.218542113900185,-0.362887024879456,0.814324259757996,1.39236312797358,2.42395146026764,-2.43644390917916
0.162328913807869,-0.358444064855576,0.784059524536133,1.3981734561211,2.479132955043,-2.49806890518204
0.298150658607483,-0.343146085739136,0.727286815643311,1.40181906684166,2.53917548487043,-2.56428347918464
0.448854684829712,-0.184983864426613,0.670751631259918,1.40237354789089,2.60607817212227,-2.635798488666
0.540885031223297,-0.160754159092903,0.625450730323792,1.40009006197811,2.67409249179535,-2.70730496677553
0.507783532142639,-0.216854721307755,0.634792029857635,1.39687175370418,2.74061682975265,-2.77780603181257
0.35879510641098,-0.327774047851562,0.61555814743042,1.39442681350568,2.79814655225434,-2.84061060864907
0.155278459191322,-0.401512444019318,0.616297960281372,1.39418399213738,2.84748151782322,-2.89654175556978
-0.00246030278503895,-0.464617639780045,0.621617913246155,1.39603568822252,2.89223311929575,-2.9487765038664
-0.0976544618606567,-0.470446228981018,0.662644445896149,1.39932575157145,2.93815027048578,-3.00254763192388
-0.111035250127316,-0.440796464681625,0.729869544506073,1.40280756398603,2.99053522189568,-3.06267393826001
-0.0552369616925716,-0.387608349323273,0.806111574172974,1.40539952722066,3.05291465428872,-3.13216437161095
0.0128890927881002,-0.339170783758163,0.813010215759277,1.40613399469354,3.12137415845792,3.07629631273356
-0.0575949288904667,-0.336576044559479,0.830710113048553,1.40625799954824,-3.0927367281788,3.00115880210723
-0.270126104354858,-0.349349647760391,0.88591855764389,1.40795062458221,-3.01762943302884,2.91982017147987
-0.511809527873993,-0.358508795499802,0.984728217124939,1.41202550450911,-2.92963688044042,2.8252958302908
-0.694953799247742,-0.406883776187897,1.09242367744446,1.417162148613,-2.82145861235731,2.70982084171739
-0.742488265037537,-0.335896164178848,1.16480731964111,1.42098936535581,-2.69574412381348,2.57691577180815
-0.751051127910614,-0.178843677043915,1.16490638256073,1.42215252834489,-2.56038490884086,2.43655692538936
-0.738439202308655,-0.0759449973702431,1.18217754364014,1.42044427018235,-2.42354979269832,2.29674522186863
-0.70849221944809,-0.0772366300225258,1.16955530643463,1.41552199458463,-2.29332614322715,2.16378395922374
-0.71860933303833,-0.105658687651157,1.10858643054962,1.40876710246647,-2.17634965205615,2.04397205480569
-0.775847554206848,-0.227908700704575,1.0771222114563,1.4007687796998,-2.07001253409853,1.93335870288604
-0.889580547809601,-0.375861942768097,1.04846930503845,1.39198543718832,-1.97048702314078,1.82720518251027
-0.996836185455322,-0.411297172307968,1.00715351104736,1.38255049082823,-1.87458432083451,1.72338507433942
-1.02955281734467,-0.251092314720154,0.966515362262726,1.37223345314347,-1.78338627726998,1.62570453995099
-0.970464169979095,-0.0990031808614731,0.907242476940155,1.36099741421392,-1.70273388694768,1.54095411292887
-0.83976823091507,0.00497887749224901,0.824892222881317,1.34948263195774,-1.63671818585067,1.47297348039836
-0.672795236110687,0.0611215084791183,0.738458752632141,1.33842897252804,-1.58643757549944,1.42215300829638
-0.603563964366913,0.0493484735488892,0.620351314544678,1.32838713552204,-1.54759450895946,1.383031655686
-0.680460333824158,0.00371281057596207,0.51941591501236,1.31970884947412,-1.51008014508502,1.34480630077036
-0.855925917625427,-0.155897349119186,0.482874125242233,1.31140193994183,-1.46830554748251,1.30005241068192
-1.02765262126923,-0.23401266336441,0.504108071327209,1.30217758454184,-1.4214390084162,1.24799378598098
-1.09307825565338,-0.0840370133519173,0.548685669898987,1.2913770636429,-1.37148302045451,1.19385943082582
-1.03497397899628,0.116729110479355,0.478774428367615,1.28035648088486,-1.32331867795563,1.14448425148162
-0.886838555335999,0.298348695039749,0.349622845649719,1.27090402659866,-1.2798317779715,1.10280289751275
-0.683608174324036,0.386782169342041,0.25918510556221,1.26337381380597,-1.24424034147044,1.07130571728107
-0.589719533920288,0.345121800899506,0.246938824653625,1.25681674342325,-1.21587398063996,1.04724167831194
-0.643779277801514,0.296489834785461,0.215567857027054,1.25024523100823,-1.18875975031704,1.02363627465247
-0.767902851104736,0.284846216440201,0.152806207537651,1.24362130955431,-1.15766970041399,0.995321177495307
-0.843142449855804,0.235154286026955,0.106344692409039,1.23679748147475,-1.12320939678113,0.962981436870848
-0.858656466007233,0.185145452618599,0.0538633726537228,1.23005116582801,-1.08863966888146,0.929657665666741
-0.831549167633057,0.0970403626561165,0.00268966984003782,1.22367277853032,-1.05626609958191,0.897278194583197
-0.850150585174561,0.0199141502380371,-0.061586257070303,1.21790451799433,-1.02501610405299,0.864584914031966
-0.859414398670197,0.17242220044136,-0.10314754396677,1.21203745494275,-0.992147580016453,0.831211828774483
-0.771115124225616,0.386905461549759,-0.214500173926353,1.2074509324135,-0.956893550572201,0.798609873925247
-0.657384872436523,0.53314334154129,-0.307598978281021,1.20470555599545,-0.921198404724511,0.768327125994566
-0.711316227912903,0.530989646911621,-0.354943037033081,1.20243992732756,-0.884045402842584,0.737252014681015
-0.892234206199646,0.458093106746674,-0.379687607288361,1.19859735826731,-0.843047787021016,0.701037863465442
-0.967809915542603,0.562343597412109,-0.391824156045914,1.19299968045068,-0.79880542614481,0.661645182223346
-0.844561517238617,0.810350954532623,-0.479420870542526,1.18808908698232,-0.752346218024337,0.623348037507267
-0.644246220588684,1.00473356246948,-0.605016589164734,1.18574758277522,-0.704952335367027,0.587651518561788
-0.539338171482086,0.960638761520386,-0.658844888210297,1.18529730928652,-0.658059157313493,0.55318294923251
-0.600291013717651,0.670899093151093,-0.626419305801392,1.18417366404866,-0.614752116257956,0.519153891019767
-0.830168187618256,0.351986110210419,-0.528906106948853,1.17964351456789,-0.575424107479141,0.483845722914807
-0.949918806552887,0.357130259275436,-0.482688546180725,1.17157779384412,-0.537735630215802,0.448569227021707
-0.821167469024658,0.498904436826706,-0.587441861629486,1.16415143563931,-0.498987848498564,0.413600130631835
-0.54005354642868,0.711416959762573,-0.692202627658844,1.16019732989405,-0.458593228792085,0.380183334092362
-0.217457607388496,0.806846797466278,-0.785061180591583,1.16059942040872,-0.418454513719461,0.349220774407199
0.0414788872003555,0.893755316734314,-0.90931361913681,1.16520409313114,-0.377268430107304,0.318521437390876
0.0735470727086067,1.03365647792816,-1.04673707485199,1.17156760837051,-0.330402009663151,0.283552480339114
0.00715473387390375,1.22408556938171,-1.13669168949127,1.17694648832071,-0.274939822098941,0.242432854635101
0.0307631250470877,1.34188652038574,-1.15884971618652,1.18138718523946,-0.214484330841594,0.198375976190598
0.101848751306534,1.29300975799561,-1.12212419509888,1.1856663910892,-0.153974982015899,0.154348742926219
0.154794260859489,1.19876205921173,-1.08128941059113,1.18979346517767,-0.0954578168520203,0.111324053464509
0.192655086517334,1.06462645530701,-1.02030038833618,1.19355688904971,-0.0399371433562401,0.0695066161387484
0.242085218429565,1.01605784893036,-0.944199979305267,1.19712601258828,0.0122855232067913,0.0299545142846164
0.349467873573303,1.06549167633057,-0.91782134771347,1.2012128299225,0.0640623412859306,-0.00868337945985159
0.546084761619568,1.14001274108887,-0.982684254646301,1.20701831578717,0.119802413916088,-0.0504803997136895
0.757778108119965,1.1743084192276,-1.06457650661469,1.2149196228071,0.182735166738526,-0.0988723033314922
0.861170291900635,1.14239847660065,-1.06713950634003,1.22376594872047,0.25051751815584,-0.15258652870395
0.841634929180145,1.11130523681641,-1.02564585208893,1.23166396610697,0.319498017153306,-0.207984088473879
0.82754385471344,1.06062841415405,-0.996951878070831,1.23812335138322,0.38883185505194,-0.264191028486104
0.83152449131012,0.954674303531647,-0.961786925792694,1.24348091521574,0.457876029735583,-0.321359999836015
0.877980649471283,0.796636521816254,-0.908241450786591,1.24829588554115,0.525369635698632,-0.379045768067969
0.947631120681763,0.583419024944305,-0.824695944786072,1.25328899382424,0.59033589607903,-0.437155646691638
1.02595710754395,0.475090444087982,-0.761282324790955,1.25867477179495,0.65402062549309,-0.496239597868961
1.07677340507507,0.449060708284378,-0.722530126571655,1.26406720830304,0.719419809982041,-0.557779177800261
1.09654688835144,0.4340900182724,-0.667949199676514,1.26898450436369,0.785782359565818,-0.620368633985109
1.12166261672974,0.397431612014771,-0.614422857761383,1.27352482623493,0.852557956560216,-0.683818303709806
1.12985849380493,0.292568057775497,-0.573889553546906,1.27742532933177,0.919052623538539,-0.74812096513289
1.12046551704407,0.14913310110569,-0.470497667789459,1.28098010832176,0.982713954371185,-0.811628482403844
1.0631822347641,0.0708516240119934,-0.375896871089935,1.28448752678553,1.04174962516181,-0.871716476903274
1.01334500312805,0.0445110984146595,-0.281196445226669,1.28776468721607,1.09643039375554,-0.928067779766126
0.991280615329742,0.0396510921418667,-0.194838121533394,1.29128948212504,1.14895703744176,-0.982009484872744
0.973702669143677,0.0324709452688694,-0.134084492921829,1.29487217212292,1.20019486971624,-1.03478030523114
0.975445687770844,-0.0192750748246908,-0.0882008895277977,1.29833232793311,1.25126618689125,-1.08780126920226
0.91800719499588,-0.110455580055714,0.0245419032871723,1.30225281734221,1.29935118602945,-1.13892277078339
0.81810986995697,-0.217771396040916,0.118836984038353,1.30672378018498,1.34082244482406,-1.18478090764709
0.756449997425079,-0.247243270277977,0.225205227732658,1.31189835211049,1.3774155277648,-1.22650610084216
0.796206474304199,-0.182034432888031,0.307762682437897,1.31814793325048,1.4155768288253,-1.2690278868103
0.897748231887817,-0.13010199368,0.392844825983047,1.32525204257501,1.46099300683669,-1.31822461125246
0.979127287864685,-0.109520547091961,0.469221085309982,1.33311413842513,1.51535223402291,-1.37588627096194
0.952856540679932,-0.226992592215538,0.552237153053284,1.34134364249015,1.57304883216132,-1.43796971799792
0.814792096614838,-0.394871592521667,0.625932693481445,1.35005369382226,1.62608829734894,-1.49757171437847
0.689816355705261,-0.541339099407196,0.66449099779129,1.35892927941624,1.67148128387489,-1.55174782081255
0.637299656867981,-0.510592639446259,0.698355257511139,1.36810903833062,1.71559084318928,-1.60506121728837
0.650264143943787,-0.36351552605629,0.674020886421204,1.37666218147242,1.76512384833283,-1.66194521982736
0.718887686729431,-0.253663599491119,0.622244238853455,1.38368288890621,1.82455385001245,-1.72678690575681
0.767730891704559,-0.23971876502037,0.64179927110672,1.3894786262685,1.89403022934765,-1.80103091620734
0.71051949262619,-0.345110416412354,0.728897988796234,1.39532114850617,1.96747568295173,-1.88035762380175
0.568019330501556,-0.451152175664902,0.820781290531158,1.40224036051722,2.03871103610003,-1.95900611309181
0.416338235139847,-0.551980257034302,0.865618765354156,1.41013987887816,2.10533412606198,-2.03453104203265
0.273667126893997,-0.581683337688446,0.852913916110992,1.41849239384261,2.16623133138307,-2.10498450300895
0.195896953344345,-0.598644971847534,0.851323485374451,1.42691500813178,2.2251984630998,-2.17344383622977
0.207061722874641,-0.649253010749817,0.91649317741394,1.43542831318687,2.29292379599747,-2.25150774669964
0.261391013860703,-0.635428547859192,0.917928040027618,1.4429588399685,2.37608210626544,-2.34517343381738
0.287550985813141,-0.598008513450623,0.849784195423126,1.4484224383817,2.46836338507327,-2.44743186729311
0.231725260615349,-0.577557802200317,0.774682521820068,1.45235295349665,2.55881825998743,-2.5473760909573
0.141601756215096,-0.574147641658783,0.72283661365509,1.4558429614533,2.64320120014439,-2.64103104097192
0.0532766878604889,-0.582457482814789,0.709438264369965,1.45944479845464,2.72395913163641,-2.73112201073979
-0.0257270503789186,-0.560336768627167,0.726033985614777,1.463434616019,2.80737348473724,-2.82367580191866
-0.0716058537364006,-0.501617789268494,0.73113340139389,1.46739890259128,2.89740381467993,-2.92208487933157
-0.121810972690582,-0.447170734405518,0.743676364421844,1.47109516527314,2.99437537519817,-3.02652223744706
-0.175489917397499,-0.440180212259293,0.78925746679306,1.47452200705932,3.10305333896846,3.14070462495785
-0.223812058568001,-0.413748383522034,0.830618143081665,1.47734084742287,-3.0558078058238,3.00936569035064
-0.275963693857193,-0.35182324051857,0.821796178817749,1.47927670553201,-2.92192803162196,2.8692731816157
-0.369647294282913,-0.348179757595062,0.811578691005707,1.48057073963356,-2.782708347016,2.72432203763204
-0.501098275184631,-0.426358729600906,0.8576380610466,1.48147279851741,-2.62898483139316,2.56395351304229
-0.616790235042572,-0.503396511077881,0.92943263053894,1.4810087001198,-2.45550977240071,2.38256188228427
-0.687301456928253,-0.541927397251129,0.951363742351532,1.47819350322039,-2.2744878313814,2.19266246972335
-0.706376612186432,-0.473690003156662,0.937423169612885,1.47278748924735,-2.10556725591241,2.01536060792744
-0.720985352993011,-0.364453554153442,0.898988425731659,1.46524251427203,-1.9568706998844,1.85988449853261
-0.762016952037811,-0.297444403171539,0.836844623088837,1.45653931805917,-1.82775952181817,1.72523307136104
-0.777728021144867,-0.304027736186981,0.805764436721802,1.44689810981904,-1.71579841383885,1.60803822285183
-0.757304728031158,-0.422243058681488,0.788693070411682,1.43612486895055,-1.62406920858674,1.5097893034266
-0.775095760822296,-0.560934126377106,0.755333244800568,1.42477920418405,-1.54902683322325,1.42624948879832
-0.866629362106323,-0.70997017621994,0.747115254402161,1.41282268838774,-1.48144993761621,1.34778064787366
-1.0208226442337,-0.789540112018585,0.712926685810089,1.40019837517005,-1.41399528668363,1.26769214330542
-1.1824951171875,-0.785695850849152,0.678771615028381,1.38677638929726,-1.34377423892468,1.18426342044591
-1.31853103637695,-0.77659797668457,0.637312591075897,1.37234003854533,-1.27285425884917,1.10001448197489
-1.32470977306366,-0.62512081861496,0.608586132526398,1.3570271378211,-1.20683665039582,1.02198936479272
-1.15353620052338,-0.356755942106247,0.523457169532776,1.34226012498057,-1.15225841757361,0.959160573990919
-0.890192210674286,-0.0653281062841415,0.377007275819778,1.33016208685143,-1.11017543943756,0.91350941751837
-0.688753664493561,0.159329771995544,0.243972778320312,1.32119342684008,-1.07674903949947,0.880385336848971
-0.646398723125458,0.319972455501556,0.148288071155548,1.3141255605076,-1.04488985804127,0.851813672915167
-0.794060111045837,0.32040736079216,0.0960650816559792,1.30699833822865,-1.00753101816586,0.818314105052375
-1.01757597923279,0.194648876786232,0.0699240267276764,1.298190324933,-0.963331988515338,0.776208787327695
-1.20380067825317,0.00267118867486715,0.0460961870849133,1.28735136196764,-0.915120145360225,0.727106209054365
-1.28253364562988,-0.0533236376941204,0.0337812006473541,1.2749432092237,-0.867329519605419,0.676397206321657
-1.19584906101227,0.0824584290385246,-0.0125125292688608,1.26250429416721,-0.822490362145193,0.629793162088205
-0.976553738117218,0.254133254289627,-0.114511601626873,1.25232252206384,-0.781671393244091,0.590107896982631
-0.782786965370178,0.321965575218201,-0.218914970755577,1.24515458075919,-0.744761353860987,0.556082106838056
-0.761977255344391,0.261983186006546,-0.281849712133408,1.23937436376303,-0.709837670393266,0.523793031640105
-1.00478076934814,0.0833292827010155,-0.294284552335739,1.23172823960705,-0.672964800973981,0.487045553457519
-1.36504232883453,0.0861895158886909,-0.28380873799324,1.21948233501597,-0.631010847095016,0.443285570460941
-1.50412857532501,0.334487497806549,-0.348547518253326,1.20385374140635,-0.582772042579222,0.395792892934109
-1.28643703460693,0.635777831077576,-0.514508306980133,1.189807863778,-0.532114788304709,0.349882502723337
-0.902068853378296,0.910022139549255,-0.730674922466278,1.18100778431034,-0.479692999195706,0.306734044070569
-0.594766438007355,1.04409074783325,-0.903693616390228,1.17734601582726,-0.425660565087602,0.264753073042022
-0.48508682847023,1.08844995498657,-1.01827871799469,1.17605367439185,-0.369432739885367,0.221353803994056
-0.469957143068314,1.17270088195801,-1.04479694366455,1.17456627665522,-0.311142750365811,0.176843163877133
-0.470932126045227,1.25926613807678,-1.05753374099731,1.17215856875474,-0.251693230067558,0.132476457439403
-0.483568012714386,1.25382316112518,-1.07470905780792,1.16865587375572,-0.191835921263288,0.0880519906785282
-0.478445947170258,1.25608658790588,-1.05117785930634,1.16401885526008,-0.133354722212974,0.0449595849785107
-0.379231482744217,1.18408703804016,-1.06235146522522,1.15941509727449,-0.0772095166326687,0.00368113561250904
-0.202073737978935,1.10729157924652,-1.0911785364151,1.15621186780366,-0.0225090911035834,-0.0374869275404335
0.0260249376296997,1.17978596687317,-1.10030353069305,1.15532765923892,0.0321552572469795,-0.0784469473242214
0.303328692913055,1.34829187393188,-1.13357770442963,1.15743301182934,0.0903852586916853,-0.120751234921205
0.5732102394104,1.40637791156769,-1.16807675361633,1.16259008905475,0.153191705498269,-0.166357261000825
0.736096918582916,1.32881700992584,-1.14893817901611,1.16956875091744,0.218206741919268,-0.214768230037691
0.792926609516144,1.14166522026062,-1.06224644184113,1.17685477187657,0.281323266265948,-0.263553507353174
0.788674890995026,0.92252916097641,-0.935400128364563,1.1837106275218,0.339252262732875,-0.309961258134848
0.793032884597778,0.772592902183533,-0.820177376270294,1.19020299694595,0.391709352148625,-0.353383294408834
0.84620875120163,0.802715420722961,-0.809122085571289,1.19660485981031,0.444070248435633,-0.39706076331762
0.970352828502655,0.870011866092682,-0.872327387332916,1.20314581831103,0.502563265433816,-0.446023580575292
1.14746618270874,0.898263216018677,-0.898915350437164,1.21031454605708,0.568288517972566,-0.501973247164413
1.3134788274765,0.842383205890656,-0.872259259223938,1.21841381763189,0.639652832566367,-0.564221271711874
1.39845597743988,0.707885026931763,-0.83766371011734,1.22658806127807,0.714435204867821,-0.63161808209276
1.35371625423431,0.5560662150383,-0.713150262832642,1.23389865741778,0.787103396828412,-0.699072703639903
1.27569198608398,0.485757172107697,-0.562073409557343,1.24051471833082,0.854018709748659,-0.761935378408097
1.2268408536911,0.478947460651398,-0.458803445100784,1.24658408843658,0.917585143712156,-0.821385071493101
1.20160150527954,0.462180197238922,-0.374613463878632,1.25227558839261,0.979623313962745,-0.879360866271261
1.18610167503357,0.40521839261055,-0.306419491767883,1.25758230324563,1.04063888484809,-0.936777116615875
1.20779120922089,0.354638040065765,-0.226229608058929,1.26283845741904,1.10115882523991,-0.99450487210965
1.26899075508118,0.298405915498734,-0.155400171875954,1.26836629470414,1.16366204134561,-1.05499035276402
1.29262149333954,0.262004226446152,-0.0538240186870098,1.27422580515634,1.22777051578308,-1.11781776485569
1.2602733373642,0.262385338544846,-0.0102467117831111,1.27985096681819,1.29239747911738,-1.18115864337917
1.191734790802,0.148151680827141,0.0319143235683441,1.28446393908665,1.3549792037617,-1.24344201364288
1.12989377975464,0.021347139030695,0.161681100726128,1.28939316962243,1.41319107087652,-1.30313395636975
1.06609904766083,-0.0308486856520176,0.269081085920334,1.29509307599165,1.46787259467378,-1.36030659642038
1.02726805210114,-0.0444582402706146,0.323282271623611,1.30092084937341,1.52160880187852,-1.41677228475504
0.99947863817215,-0.0702581256628036,0.33375683426857,1.30624528531214,1.57580563266315,-1.47393926801808
0.960041761398315,-0.0960479155182838,0.335610926151276,1.31082073209143,1.62965225574024,-1.53100702048409
0.924773275852203,-0.119636327028275,0.348174124956131,1.3147342202225,1.68275230852307,-1.5876848804777
0.91404926776886,-0.105469644069672,0.355594217777252,1.31809607530025,1.73640534455621,-1.64483793039373
0.915761649608612,-0.146370470523834,0.404692262411118,1.32110284551288,1.79153866648653,-1.70365561803075
0.923594832420349,-0.254264444112778,0.48687157034874,1.32438662137213,1.84826944871554,-1.76548066381173
0.878297388553619,-0.386894673109055,0.552661180496216,1.32798208989693,1.90449753806887,-1.82878678398809
1.00272238254547,-0.716925024986267,0.712274551391602,1.33194085357837,1.9611136399338,-1.89545213852648
1.61463642120361,-0.914071619510651,1.05354225635529,1.33600079606238,2.05486899995683,-2.00507792700014
1.94255721569061,-1.02265799045563,1.08867514133453,1.33544650733473,2.17484465861855,-2.14402994707207
2.01104331016541,-0.946735024452209,1.17570197582245,1.33027051690733,2.30168909554558,-2.28973202197195
1.89965236186981,-0.917713761329651,1.24015307426453,1.32233383371373,2.42314761910452,-2.42915847071712
1.62230598926544,-0.837177395820618,1.27153635025024,1.31359534567232,2.53018951367842,-2.5533103633849
1.22309923171997,-0.736976206302643,1.22418367862701,1.3063652543098,2.61913655094934,-2.65726870148987
0.849367439746857,-0.694219946861267,1.18975591659546,1.30191263426896,2.69190154003518,-2.74365855900244
0.606705248355865,-0.727879405021667,1.15717327594757,1.29976162234126,2.7543102961345,-2.81958585194561
0.517986595630646,-0.739835381507874,1.0668740272522,1.29803211231609,2.8091919080788,-2.88808245555205
0.527663707733154,-0.690764248371124,0.933487355709076,1.29504776225045,2.8567883944693,-2.94860045506712
0.560583293437958,-0.589716196060181,0.821662843227386,1.29042009343605,2.8985088157307,-3.0018258051437
0.597258269786835,-0.474309474229813,0.767547905445099,1.28444980694591,2.93686282783311,-3.04988729323844
0.617757141590118,-0.369537770748138,0.735745012760162,1.27745507008916,2.97360034364987,-3.09451716274167
0.577139139175415,-0.304307907819748,0.748360931873322,1.27023304381667,3.00905483510877,-3.13665271159517
0.461058080196381,-0.352962523698807,0.863968193531036,1.26410389805083,3.0457924141424,3.1027438698899
0.338111937046051,-0.377484649419785,1.03295385837555,1.25952448654,3.08766171746109,3.05295254625446
0.234964489936829,-0.380815744400024,1.13053417205811,1.25603082601207,3.13361703014943,2.9986161834666
0.182454153895378,-0.338163614273071,1.16334223747253,1.25277818187105,-3.1018355630474,2.94272104255591
0.148715898394585,-0.280834794044495,1.12046003341675,1.24926198947977,-3.05528848334051,2.88890041832417
0.0863704904913902,-0.200730383396149,1.05819046497345,1.24587686183415,-3.01106542102364,2.83861934111419
0.0301508978009224,-0.132405385375023,1.02692067623138,1.24280233738718,-2.96816943254784,2.79092435388733
-0.0229828916490078,-0.106253676116467,1.00951325893402,1.23993642165735,-2.92599864025778,2.7445814181511
-0.112579360604286,-0.111186921596527,1.01960551738739,1.23749877066541,-2.8838297819878,2.69826022107759
-0.275864154100418,-0.120001718401909,1.04843854904175,1.23631291340765,-2.83967717111125,2.64959786996379
-0.466807186603546,-0.0864876955747604,1.070725440979,1.23692213562007,-2.79190331296651,2.5974238078918
-0.65268337726593,0.0218624770641327,1.12088656425476,1.23907413744175,-2.73775373066502,2.53978397870405
-0.754796147346497,0.0558044649660587,1.0988963842392,1.2420771607199,-2.67972725057466,2.47918208016051
-0.756220102310181,0.0354536548256874,1.14051842689514,1.24415548690785,-2.61911160204049,2.41591714030911
-0.679499506950378,-0.0125500913709402,1.14203798770905,1.24421370100031,-2.55908970126453,2.35262409625702
-0.561660766601562,-0.0373039059340954,1.07122504711151,1.24215323253191,-2.50433946376387,2.29430787401623
-0.450916111469269,-0.0286779291927814,0.957679510116577,1.23871292081838,-2.45720769097157,2.24393188781474
-0.398912310600281,0.00520999822765589,0.8587287068367,1.23476283983574,-2.41631748274446,2.20056544935074
-0.413527727127075,-0.0100579038262367,0.824443161487579,1.23075686099558,-2.37845026576112,2.16039432009935
-0.491578847169876,-0.0593314468860626,0.855926513671875,1.22675294348493,-2.34009025278227,2.11894483402546
-0.612424612045288,-0.161349952220917,0.9084392786026,1.22282052085999,-2.29924794660794,2.07347615730217
-0.780289769172668,-0.0887524485588074,0.971498131752014,1.21883571161725,-2.25388465620181,2.02271647099628
-1.22274553775787,0.100807629525661,0.993371188640594,1.21670284735724,-2.19386296378359,1.95951242588758
-1.62494516372681,0.31999671459198,0.919416844844818,1.21727547995661,-2.11785178572633,1.88232276413898
-1.88426375389099,0.511380791664124,0.835684359073639,1.21905081986143,-2.02915338038168,1.79513033243198
-1.97186422348022,0.550274133682251,0.737966597080231,1.22015682489356,-1.93443779649284,1.70297738588092
-1.88534665107727,0.632470726966858,0.590160608291626,1.2200016240096,-1.84192057843106,1.61408096387104
-1.75161516666412,0.696923494338989,0.405264854431152,1.21930343364769,-1.75529210656441,1.53287910920384
-1.61466503143311,0.570347428321838,0.345155715942383,1.21776468022688,-1.67648330627688,1.45886376017801
-1.43868982791901,0.488848030567169,0.451950073242188,1.21314599901334,-1.60702522309036,1.39292574982609
-1.24502921104431,0.50865775346756,0.483132481575012,1.20597221113741,-1.54735238544131,1.33706947462965
-1.13464248180389,0.608443677425385,0.408121883869171,1.19857504487403,-1.49430577891703,1.28943921440034
-1.14922845363617,0.700343549251556,0.367534250020981,1.19115239867548,-1.44250020425303,1.24461080446681
-1.23421967029572,0.740656852722168,0.33711776137352,1.18321702613904,-1.38923404734309,1.19905485666647
-1.32484471797943,0.774682998657227,0.341901868581772,1.1742281599458,-1.33406810444457,1.15181652084641
-1.37982940673828,0.773161292076111,0.415233582258224,1.16326175116848,-1.2794512225458,1.10510623701667
-1.39123272895813,0.707617163658142,0.502669394016266,1.14991685618427,-1.22853336571238,1.06131723679294
-1.42655158042908,0.737110316753387,0.519556522369385,1.13502842562003,-1.18048140704949,1.02043246064429
-1.59361362457275,0.802729845046997,0.490767240524292,1.11880383341581,-1.13090019995853,0.978531508006749
-1.8372403383255,0.889192521572113,0.443344861268997,1.10073615418909,-1.07668816621577,0.932512712999439
-2.03961539268494,0.961565554141998,0.431420296430588,1.08023253087382,-1.01924721005187,0.883661776868337
-2.13150453567505,0.969731628894806,0.459666311740875,1.05717425851249,-0.962930023250688,0.836113116858322
-2.09667205810547,0.947026312351227,0.498317837715149,1.03240775833707,-0.911783279148572,0.793523553819614
-1.96040892601013,0.922634422779083,0.514131665229797,1.00738280611823,-0.867278832977646,0.757846957799558
-1.78227865695953,0.915179491043091,0.493922024965286,0.983313195694778,-0.829155445277856,0.728813142122688
-1.57134914398193,0.93522435426712,0.377835363149643,0.961625215050643,-0.795319310874708,0.704736321028253
-1.39178657531738,0.945317447185516,0.193184018135071,0.943469682400473,-0.763495466060807,0.683169659815532
-1.35297048091888,0.855446934700012,0.0214026775211096,0.92775353132198,-0.732352946814403,0.661137814785252
-1.40595400333405,0.801390111446381,-0.0110346246510744,0.912148299490778,-0.701969996259567,0.638331582427309
-1.46697926521301,0.768289387226105,0.0227113552391529,0.895191056717573,-0.672889145503852,0.616169861885292
-1.47434961795807,0.863547742366791,0.00994149781763554,0.877413410652041,-0.644169165204947,0.594993382042102
-1.39696264266968,1.06199562549591,-0.0715943723917007,0.860359526655321,-0.613666394831859,0.574659450697389
-1.26281523704529,1.22860503196716,-0.184831976890564,0.845318404749424,-0.581105124930697,0.555043588834749
-1.11155760288239,1.25759601593018,-0.301297873258591,0.832671431556471,-0.548093982418094,0.536014230811425
-0.965672791004181,1.24333214759827,-0.411433428525925,0.822400732655231,-0.515665686612216,0.517418102196306
-0.830624163150787,1.24438488483429,-0.501332700252533,0.814257024093364,-0.483544219420417,0.499031044333324
-0.770318746566772,1.34982287883759,-0.576663374900818,0.807540938911729,-0.450554575864446,0.480617505179839
-0.876427054405212,1.51246428489685,-0.632728278636932,0.800052263109308,-0.414434635904375,0.460870075745752
-1.02870392799377,1.66145873069763,-0.648523449897766,0.790182211773199,-0.375264324658559,0.440020897315201
-1.14876270294189,1.80798482894897,-0.692947149276733,0.777988643253568,-0.333433642927947,0.418330058065264
-1.19922745227814,1.88252425193787,-0.773300528526306,0.764422384238377,-0.289610273175968,0.39584112408279
-1.13235819339752,1.83688843250275,-0.741939187049866,0.750549086095479,-0.246757095825066,0.374276684912807
-0.929300665855408,1.65538942813873,-0.683126449584961,0.738179480360164,-0.208168542975823,0.355666036846778
-0.613789021968842,1.3777391910553,-0.686688184738159,0.729432882487449,-0.175243210963767,0.339399082446385
-0.292830765247345,1.28557920455933,-0.831005394458771,0.725394161753921,-0.144536922076069,0.32269317640288
-0.0697281584143639,1.28580868244171,-0.998295545578003,0.725198997760989,-0.11239555257089,0.303404061887866
0.0467856638133526,1.29261338710785,-1.04025053977966,0.726923504355511,-0.079191619950881,0.282595137277219
0.0930293276906013,1.31659352779388,-0.967303335666656,0.729076803539085,-0.0462452282757544,0.262609605291595
0.128579869866371,1.41860008239746,-0.892212808132172,0.731227981030668,-0.013273430164879,0.244260894504398
0.14675460755825,1.55056476593018,-0.902644395828247,0.733301622562516,0.0214164494084801,0.226240045739851
0.145490944385529,1.66157066822052,-1.00506961345673,0.734891426801637,0.0591115330756696,0.206515824123843
0.179278999567032,1.76814532279968,-1.09445536136627,0.736110622372735,0.099836710524065,0.18467172004016
0.221545487642288,1.79567122459412,-1.1763881444931,0.737167679414281,0.142768310774103,0.16097977712469
0.222273603081703,1.79090356826782,-1.25969064235687,0.737435986702601,0.186914815944855,0.135496434467767
0.212032422423363,1.73657166957855,-1.30573403835297,0.736576892457043,0.231345068984474,0.108851791232626
0.205556407570839,1.61863934993744,-1.29307663440704,0.734699418220651,0.274173907580053,0.0822272572279488
0.21256211400032,1.5658243894577,-1.23968398571014,0.732194896454302,0.315105753697233,0.0565987182702648
0.227210566401482,1.4847137928009,-1.2065612077713,0.72936651538425,0.354487695347039,0.0319502843416337
0.227015092968941,1.21849143505096,-1.17692124843597,0.726029502794167,0.390282066517428,0.00796852365761491
0.250949710607529,0.89391416311264,-1.10232663154602,0.722619200950566,0.420392068576037,-0.0148282144981382
0.314614176750183,0.730286121368408,-1.06683039665222,0.7198211931453,0.446347911727986,-0.0367350618927188
0.404590129852295,0.745818436145782,-1.12069714069366,0.717521988477272,0.472324284007356,-0.0596729750417207
0.513183236122131,0.837833344936371,-1.23417437076569,0.715372553965457,0.501408847989957,-0.0852501589925653
0.632771670818329,0.885837852954865,-1.26325297355652,0.71378514751593,0.532803972598093,-0.112928105082514
0.742817461490631,0.792662680149078,-1.17185056209564,0.713366889548475,0.563512086801509,-0.140834598185302
0.822650551795959,0.682532966136932,-1.03687417507172,0.714529219400777,0.591918855095198,-0.167615192406109
0.892866611480713,0.607110917568207,-0.899790048599243,0.717201441086141,0.618004608778455,-0.192959295147784
0.98358428478241,0.625632107257843,-0.794519543647766,0.721413651556612,0.643338086744276,-0.217501721432309
1.09387457370758,0.675224184989929,-0.73501443862915,0.727064777545411,0.66977745997434,-0.242429512148428
1.23315048217773,0.716971099376678,-0.699892103672028,0.734143867173948,0.697864588974027,-0.26869006314286
1.40644919872284,0.718541264533997,-0.654976308345795,0.742813521929417,0.727650137901285,-0.297001413401255
1.6001843214035,0.788743793964386,-0.511605560779572,0.754072829484073,0.759315188359925,-0.326837703963488
1.79162538051605,0.915353715419769,-0.351106435060501,0.768400506938079,0.793988533043581,-0.358001951772221
1.94087910652161,0.945546984672546,-0.237967908382416,0.785039425581233,0.831325744500211,-0.390992267697461
2.08775210380554,0.878907263278961,-0.215718790888786,0.802779877995999,0.870958687028126,-0.42703910596931
2.19319748878479,0.746344447135925,-0.206619843840599,0.820803356612831,0.911676070854777,-0.466607420711748
2.26461982727051,0.617147266864777,-0.206282675266266,0.838378685034692,0.953333912125555,-0.509547176365142
2.24181294441223,0.359833717346191,-0.15008145570755,0.85531934452014,0.993621242762543,-0.554193644603762
2.14724779129028,0.158296599984169,-0.0537085831165314,0.871638304329096,1.03020239326269,-0.598083295271855
2.04644775390625,0.071459174156189,0.0213771108537912,0.887278283029396,1.06433296184412,-0.640605671679812
1.95669984817505,0.0763609856367111,0.0485658533871174,0.901891939489723,1.09779765780743,-0.682225959799529
1.86508417129517,0.147158458828926,0.0437679030001163,0.915058715176548,1.13213619650874,-0.723367590707765
1.7646998167038,0.188910692930222,0.0677198395133018,0.926902991197884,1.16681886192684,-0.763583405648184
1.70552706718445,0.151636302471161,0.133513242006302,0.938231691156398,1.2008302058185,-0.802760252614163
1.69658231735229,0.0425782538950443,0.184610769152641,0.949486953218356,1.23391220706266,-0.842047215444252
1.74531066417694,-0.0451800934970379,0.220084607601166,0.960639951706819,1.26703572053514,-0.883092904191401
1.78758943080902,-0.0549211390316486,0.259865343570709,0.971725405699074,1.30186445062459,-0.92634250148039
1.78045272827148,0.0126816090196371,0.34318819642067,0.982979367426993,1.33850853041533,-0.970787737782444
1.73830258846283,0.0803618505597115,0.409195691347122,0.99428327492611,1.37671743343107,-1.01542328701366
1.70160448551178,0.172843843698502,0.460311353206635,1.00539031037856,1.41636407314282,-1.06019424533675
1.7217561006546,0.325461894273758,0.467000663280487,1.01575919380381,1.45962839644097,-1.1064203660725
1.76193988323212,0.477030366659164,0.498383730649948,1.02529386852161,1.50790187262894,-1.15539201085364
1.80811190605164,0.527037858963013,0.578831970691681,1.03457338337018,1.56005125552695,-1.20712825799272
1.90674602985382,0.465130567550659,0.633879482746124,1.04335356740657,1.61557931711141,-1.26290258398658
1.9777637720108,0.389227569103241,0.679121792316437,1.05118156789203,1.67398327473188,-1.32322922054021
1.95116198062897,0.354686349630356,0.67571085691452,1.05728101769871,1.73367576422674,-1.3854662491843
1.80741035938263,0.284489691257477,0.787913024425507,1.0628830377105,1.79121939309845,-1.44605381911672
1.66672360897064,0.143982663750648,0.917153537273407,1.06939617235471,1.84527774013678,-1.50432392539754
1.59262752532959,-0.0967615097761154,0.989057302474976,1.07618456774398,1.89568895366104,-1.56193407741477
1.56394100189209,-0.319706976413727,0.985447108745575,1.08213327224353,1.9429461891925,-1.61982761214569
1.53868043422699,-0.489753812551498,0.954143822193146,1.08657208071527,1.98761999023968,-1.67777386251165
1.5239679813385,-0.45191216468811,0.929521799087524,1.08960322235733,2.03144276135196,-1.73552263919944
1.54549217224121,-0.221530333161354,0.898917317390442,1.09095392188715,2.07837973060376,-1.79359570999177
1.55068242549896,-0.00385420629754663,0.908777356147766,1.09077652932751,2.12918275259907,-1.85202007972612
1.49540162086487,0.0240341499447823,1.01524353027344,1.09036911935024,2.18165130388974,-1.91079539068543
1.39256370067596,-0.0628490820527077,1.07963609695435,1.09055217762826,2.23280336560086,-1.96887462068729
1.29255211353302,-0.210789814591408,1.06602418422699,1.09038418492301,2.27959101145916,-2.02443670489342
1.20397138595581,-0.278493762016296,1.08353710174561,1.0900681401463,2.32288062907033,-2.07760984081035
1.17904686927795,-0.286788463592529,1.13142609596252,1.08968328067566,2.36544321868282,-2.13051529911637
1.18051373958588,-0.251305818557739,1.08447933197021,1.08807068992214,2.40804636365749,-2.18300340153408
1.03807270526886,-0.307131260633469,1.0461186170578,1.08589746366664,2.44723612084236,-2.23200292830529
0.798498749732971,-0.455953508615494,1.15121233463287,1.08609275876268,2.48154864800234,-2.27764520807709
0.678396582603455,-0.613000631332397,1.24212300777435,1.08859640140017,2.51310750810106,-2.32286677614817
0.696315169334412,-0.689839780330658,1.26672744750977,1.0911178768757,2.54403796681761,-2.36927717533936
0.778474986553192,-0.623171508312225,1.25237572193146,1.09209586362549,2.5765394654096,-2.41705319344036
0.84814727306366,-0.520893335342407,1.20273435115814,1.09099826535477,2.61092780708477,-2.46513596860861
0.814641535282135,-0.448994934558868,1.25491845607758,1.0891523373016,2.64651412718366,-2.51339125088773
0.754328370094299,-0.371455132961273,1.32615745067596,1.08783080048082,2.68410927661262,-2.56255045186773
0.7199866771698,-0.323508381843567,1.35268104076385,1.08650851826272,2.7229213254459,-2.6120725229462
0.726678371429443,-0.324800550937653,1.31854784488678,1.0842793049379,2.76110277436639,-2.66078025770602
0.709992349147797,-0.358500182628632,1.27782273292542,1.08104720696041,2.7973358350541,-2.70768253525608
0.652296543121338,-0.363546073436737,1.29559826850891,1.07768631178904,2.83212213589979,-2.75342518145073
0.538215279579163,-0.345640063285828,1.3023499250412,1.07490344389767,2.86614386286325,-2.79815859110664
0.361757129430771,-0.334673672914505,1.37490403652191,1.07396963776968,2.90016391324378,-2.84267245112177
0.290922373533249,-0.34594339132309,1.43317127227783,1.07429478277172,2.93537386400016,-2.88855708312298
0.375944048166275,-0.320231378078461,1.45831310749054,1.07333006275411,2.97168803191743,-2.93558496350821
0.486783474683762,-0.267720758914948,1.45481371879578,1.06991800585966,3.00903698148801,-2.98298308035249
0.535685539245605,-0.227826848626137,1.46691882610321,1.0645572916242,3.04672844760112,-3.03013743731827
0.505532145500183,-0.220997974276543,1.50304090976715,1.05846510864966,3.08431569859107,-3.07709225118137
0.5252605676651,-0.242437750101089,1.5629551410675,1.05166256145737,3.1222981569983,-3.12467012372119
0.606284558773041,-0.256289124488831,1.68094646930695,1.04300847691153,-3.12191854292705,3.10906661708583
0.705536842346191,-0.204251483082771,1.78416955471039,1.03177214764804,-3.08129496150259,3.05794076716184
0.736488103866577,-0.0701762363314629,1.77489113807678,1.01862275132994,-3.04037610285193,3.00799885291429
0.663334548473358,0.0631218999624252,1.72862350940704,1.00507343393387,-3.00049607233934,2.96135703862024
0.469457507133484,0.127891302108765,1.71995055675507,0.992889966729131,-2.96115879479493,2.91654144159662
0.226309016346931,0.176807448267937,1.74084520339966,0.983170670632476,-2.92129034094976,2.87175807856849
0.0625597611069679,0.225019186735153,1.69924449920654,0.975461374278415,-2.8812336099623,2.82735800740579
0.00442322064191103,0.218520805239677,1.64546096324921,0.9682633782905,-2.8427617176332,2.78484797334649
-0.0483326688408852,0.223874822258949,1.58531606197357,0.961187056802809,-2.80604217311048,2.74421340616278
-0.117678448557854,0.259349703788757,1.47169399261475,0.954657178365013,-2.77123713522779,2.7061728468734
-0.189600855112076,0.312873393297195,1.28651797771454,0.949302541362116,-2.7390197265603,2.67207202812252
-0.301782757043839,0.33830127120018,1.07542085647583,0.945859817387877,-2.70983082973238,2.64235580086438
-0.477728486061096,0.299605250358582,0.968508362770081,0.945066321445309,-2.68283636210101,2.61477675605697
-0.692263722419739,0.300840437412262,1.00876569747925,0.94657069208311,-2.65409289327241,2.58485902445797
-0.864487946033478,0.274992316961288,1.08558297157288,0.949597258068982,-2.62212538822608,2.55081305649624
-0.91608452796936,0.252769589424133,1.13755667209625,0.952707926231669,-2.5879569262161,2.51374198734958
-0.875634610652924,0.188723236322403,1.14416456222534,0.954714870508849,-2.55406651416544,2.47608884290163
-0.828253209590912,0.171961560845375,1.08785307407379,0.955630678909266,-2.52177128674585,2.43978010730395
-0.80699747800827,0.23080649971962,0.970571219921112,0.956431365895783,-2.49101382880301,2.40594708940342
-0.819239497184753,0.253276914358139,0.907502770423889,0.957486971272705,-2.46118201154051,2.37399734254101
-0.874330461025238,0.229082643985748,0.993627309799194,0.958074664476966,-2.43012455317073,2.34053009965969
-0.97333025932312,0.198732987046242,1.10509169101715,0.957845703596219,-2.39645751991648,2.30322510801438
-1.09180474281311,0.181009382009506,1.12779939174652,0.957578027296594,-2.36074516208573,2.26294742897586
-1.18607401847839,0.203858241438866,1.0620619058609,0.957939054656385,-2.32383115382657,2.22137942197735
-1.22976207733154,0.272723853588104,0.937959790229797,0.959255085990014,-2.28656500644149,2.18043607714668
-1.23147106170654,0.287003993988037,0.767085492610931,0.96165040933231,-2.25050087880544,2.14165524480357
-1.21174848079681,0.30219304561615,0.58246773481369,0.965274061566791,-2.21651481669872,2.10576499818029
-1.16658866405487,0.224231421947479,0.416079252958298,0.970084455349538,-2.18580516315119,2.073152626098
-1.12767589092255,0.102459073066711,0.356406629085541,0.9751757933896,-2.15825501152347,2.04250450372711
-1.13812720775604,-0.0448574051260948,0.336969792842865,0.980049740749096,-2.13292850278424,2.01197218130476
-1.23271119594574,-0.144162684679031,0.310625284910202,0.985357002716303,-2.10786405348722,1.97983090211284
-1.37648832798004,-0.122950345277786,0.301167339086533,0.99135252213262,-2.08010953153604,1.94419631898099
-1.52344584465027,-0.0919884368777275,0.289562344551086,0.998026440012143,-2.04834374772646,1.90447549031034
-1.61095225811005,-0.00596193876117468,0.301893830299377,1.00463322844557,-2.01239129469297,1.86110653393039
-1.62887132167816,0.110936716198921,0.276260912418365,1.01063483411403,-1.97297614786261,1.8158097302033
-1.62052071094513,0.160169512033463,0.172769412398338,1.01681250400796,-1.93252712307287,1.77076266599419
-1.63340198993683,0.23002715408802,0.0595483221113682,1.02360685111296,-1.890987037123,1.72568300398885
-1.65888035297394,0.289005279541016,-0.0751250684261322,1.03135030081474,-1.84785302599399,1.67999627016031
-1.68440651893616,0.352342694997787,-0.204454571008682,1.04009725987725,-1.80262531579219,1.63335387452661
-1.69042205810547,0.370552062988281,-0.248263031244278,1.04889335772737,-1.75564575155377,1.58532496170698
-1.76881170272827,0.434528917074203,-0.303176879882812,1.05716933387162,-1.70546123941212,1.53461133149632
-1.95701193809509,0.582878410816193,-0.476199805736542,1.06630125562837,-1.6481171569369,1.47805428642185
-2.21226143836975,0.750987529754639,-0.659251093864441,1.07680775868869,-1.57974896025372,1.41207414313808
-2.41420292854309,0.87831699848175,-0.722381830215454,1.08637258376793,-1.49996151332958,1.33598560824631
-2.50260877609253,0.971827805042267,-0.729272484779358,1.0930069413702,-1.41220240513076,1.2530364514813
-2.44867014884949,0.944744765758514,-0.681957185268402,1.09588425437571,-1.32276439137395,1.16872191407794
-2.26105213165283,0.915205240249634,-0.567560017108917,1.09453122109415,-1.23855564030665,1.08959074318435
-1.97108006477356,0.881259799003601,-0.581727504730225,1.09118312812677,-1.16291798180207,1.0195537061488
-1.64813315868378,0.837895810604095,-0.711031973361969,1.08889071167796,-1.09606739565855,0.958708149230142
-1.3633941411972,0.785961747169495,-0.857681095600128,1.08902234219756,-1.03609149269779,0.904620972721284
-1.15165340900421,0.741193234920502,-0.942854821681976,1.09100280761537,-0.980833590148652,0.855110704066997
-0.982322990894318,0.723119139671326,-0.931091666221619,1.09354791740214,-0.929556945197452,0.809688804564306
-0.831819772720337,0.725047290325165,-0.838264524936676,1.09573672723436,-0.882755576878066,0.769235810305167
-0.766639947891235,0.753413140773773,-0.737422287464142,1.09685032773335,-0.839558132965428,0.733250245174417
-0.796107292175293,0.749637842178345,-0.657518982887268,1.09633205084781,-0.797786414200663,0.699050952421712
-0.854536533355713,0.695228695869446,-0.554358243942261,1.09359793506792,-0.757585823455111,0.665980459110869
-0.898911416530609,0.537777543067932,-0.47149932384491,1.0887645093917,-0.720776737488915,0.634646797274702
-0.900275528430939,0.311681270599365,-0.431147634983063,1.08267415636892,-0.688716767682627,0.604901107880968
-0.862405359745026,0.202890068292618,-0.494019538164139,1.07672355352483,-0.659664142066909,0.575900825772351
-0.846399486064911,0.172933772206306,-0.61783093214035,1.07172080639086,-0.629897099235717,0.545044698715902
-0.818109810352325,0.253651797771454,-0.686986327171326,1.0673450993711,-0.598500753211418,0.512955040506818
-0.765435099601746,0.414445221424103,-0.744156360626221,1.06348567383927,-0.564902177689148,0.480687648155421
-0.69170868396759,0.566631257534027,-0.77129453420639,1.06028091408621,-0.529324606549289,0.44896232785443
-0.617184162139893,0.631275534629822,-0.765406250953674,1.05751829998701,-0.493829344427571,0.418829362600228
-0.563479363918304,0.708718657493591,-0.816243886947632,1.05524023688261,-0.45772745781479,0.38910905261074
-0.55193829536438,0.782841622829437,-0.919690132141113,1.05332523986003,-0.418808645789201,0.357522058575338
-0.536460280418396,0.890702545642853,-0.98676609992981,1.05148258201807,-0.376903274449087,0.324005529336548
-0.551220059394836,1.04550230503082,-1.00913715362549,1.04906315658883,-0.332334974712356,0.289888973348353
-0.600161492824554,1.12797498703003,-1.02005398273468,1.04540078284307,-0.285797252068062,0.255378054176228
-0.636640906333923,1.2030029296875,-0.993517756462097,1.04023099046848,-0.238831670693457,0.221552202352472
-0.650579392910004,1.2518413066864,-0.985016405582428,1.03386225442731,-0.19208547860268,0.18894165439279
-0.61113053560257,1.26679706573486,-0.987949073314667,1.02700853263358,-0.146119592432059,0.157465832899844
-0.536915421485901,1.25087428092957,-1.06651282310486,1.02052935010349,-0.100040610505329,0.125749064533635
-0.472203493118286,1.18622446060181,-1.15373027324677,1.01444591159668,-0.0535927563062111,0.0924920632225458
-0.427116960287094,1.11543715000153,-1.18981826305389,1.00831784742526,-0.00765383388261922,0.058559922043692
-0.355933606624603,1.01020228862762,-1.16275954246521,1.00227386338749,0.0358485274003461,0.0256930226765159
-0.233428463339806,0.920410692691803,-1.0338933467865,0.997233971148747,0.0751866069820416,-0.00396148173246071
-0.0622447319328785,0.83167040348053,-0.866262316703796,0.994102133124572,0.109261184605978,-0.0291252129027246
0.155048444867134,0.769604623317719,-0.732480525970459,0.993872872889251,0.139074786263429,-0.050500775149017
0.381526052951813,0.675704538822174,-0.673429191112518,0.996828835349554,0.166581995559394,-0.0706869254107949
0.59385746717453,0.591156601905823,-0.703103244304657,1.0027251156575,0.194148910341043,-0.0922526105529454
0.749173283576965,0.476887285709381,-0.670166313648224,1.01095286564564,0.221353871244519,-0.115243121722147
0.814277708530426,0.306533396244049,-0.67738664150238,1.02032650232445,0.247064483457327,-0.13901139680753
0.807458400726318,0.131873428821564,-0.745954036712646,1.02936639241979,0.272288139138756,-0.165347590397678
0.774711906909943,0.0723118260502815,-0.777197182178497,1.03746123835786,0.297912175683985,-0.193660995204941
0.724035680294037,0.071824736893177,-0.709176301956177,1.04470226743508,0.322818211734592,-0.221317058486249
0.659486532211304,0.156947880983353,-0.641161262989044,1.05113158793672,0.346906940469877,-0.246999588256796
0.573643028736115,0.251906633377075,-0.575411021709442,1.05648461880754,0.370679980185707,-0.270344690156973
0.50010222196579,0.216538771986961,-0.572720170021057,1.06058975096391,0.393568663209531,-0.292516468682968
0.488367825746536,0.120243929326534,-0.568619430065155,1.06392265221132,0.415225344045288,-0.314689360517754
0.516058564186096,0.021596185863018,-0.56426465511322,1.06730635330296,0.435763130943459,-0.337189781684881
0.58810555934906,-0.0586208924651146,-0.514747977256775,1.07142725814497,0.455127602708711,-0.359898124332326
0.69164901971817,-0.0867393463850021,-0.412643998861313,1.07725544838367,0.47311740586299,-0.381738186145036
0.822865068912506,-0.101978480815887,-0.30714339017868,1.08526775834623,0.490203782460259,-0.402809396721742
0.956416010856628,-0.0794577449560165,-0.226154893636703,1.09549218134683,0.507797790887679,-0.424193577218313
1.05807614326477,-0.12936832010746,-0.151852175593376,1.10758575232801,0.525733269996793,-0.446134556990219
1.1308981180191,-0.240813881158829,-0.0681857690215111,1.12116857234305,0.542619767352353,-0.468238630420589
1.18949067592621,-0.408266514539719,0.060188177973032,1.13623402738257,0.55625904894664,-0.4892226043688
1.24276578426361,-0.504243135452271,0.185394033789635,1.15301563429611,0.566566356962796,-0.508379979489016
1.29128360748291,-0.569138765335083,0.24438464641571,1.17100940499847,0.57550784775451,-0.527119359637362
1.31637346744537,-0.614443123340607,0.301106244325638,1.18977302098726,0.583907845031554,-0.546156477556287
1.33964920043945,-0.508352100849152,0.317381888628006,1.20910751771746,0.59403271130995,-0.565870815576811
1.33204877376556,-0.386971354484558,0.330267876386642,1.22844914370066,0.607700015612025,-0.587294873660897
1.27843570709229,-0.306397944688797,0.366310030221939,1.24751060940694,0.622866004139523,-0.60859084978687
1.19409549236298,-0.248518139123917,0.382906317710876,1.26575236940672,0.638006089463298,-0.628712747877493
1.10172724723816,-0.199556991457939,0.342838525772095,1.28261077504488,0.654299156226436,-0.649156653735297
1.01876950263977,-0.21766009926796,0.325193464756012,1.29803646139707,0.671493977772622,-0.670217630704924
0.943738043308258,-0.267925411462784,0.376987159252167,1.31275140079896,0.685881535784335,-0.689050174898892
0.868868052959442,-0.330197036266327,0.410614371299744,1.32700006513727,0.696471512243332,-0.704795445320665
0.773118913173676,-0.327665418386459,0.392906486988068,1.34017371607804,0.704463810190402,-0.718259691175939
0.66797012090683,-0.264572203159332,0.351701527833939,1.35176845324495,0.712115898953381,-0.730506893245782
0.562642097473145,-0.230603858828545,0.331826359033585,1.36188219594319,0.718064501111846,-0.740219904650278
0.467655152082443,-0.245218217372894,0.349349945783615,1.37088550686829,0.719678043585026,-0.745567932704068
0.412959426641464,-0.284807175397873,0.390606582164764,1.379437039571,0.71535243191422,-0.74536909117027
0.40525409579277,-0.267300873994827,0.418341279029846,1.38807151467545,0.707412150911139,-0.741514236888446
0.42536523938179,-0.215347945690155,0.432407021522522,1.39697413426532,0.699172713030681,-0.73678012133366
0.479636192321777,-0.115956634283066,0.438197791576385,1.40647312777812,0.693518280224783,-0.73330695291759
0.529623687267303,-0.0435993485152721,0.447138041257858,1.41664340087635,0.691585931833807,-0.732297187235071
0.540249943733215,-0.0014079506509006,0.449384659528732,1.42720775716316,0.691099378279595,-0.732061715044009
0.499000310897827,0.0051018800586462,0.41387939453125,1.43722120465947,0.691392714125039,-0.732268914684845
0.419998973608017,-0.020416796207428,0.431496202945709,1.4464403352449,0.686668743943778,-0.727632470718478
0.332236886024475,-0.0316782407462597,0.47576966881752,1.45498330973116,0.669540796950611,-0.71082693757968
0.246893212199211,-0.0366261266171932,0.486957609653473,1.46268118268412,0.63975799434508,-0.681419967483922
0.210998862981796,0.0467121712863445,0.446222960948944,1.46935514331701,0.6040091277242,-0.645202364843283
0.227366641163826,0.111366271972656,0.400469869375229,1.47550957091434,0.571574454200712,-0.611184811921568
0.251883178949356,0.111244298517704,0.399561196565628,1.48170940313021,0.539559714482107,-0.577305054771397
0.261442065238953,0.0852329358458519,0.403869658708572,1.48809820156997,0.502698083438515,-0.538843581661406
0.22634719312191,0.0377213396131992,0.397186726331711,1.49404431440525,0.458412515968763,-0.493600771852661
0.151407971978188,0.0296253338456154,0.437274754047394,1.49907998780867,0.396285572989041,-0.430864479377458
0.102209270000458,0.0592010654509068,0.457275629043579,1.5030490314261,0.313720375930712,-0.347349402166495
0.102311797440052,0.097033403813839,0.444497764110565,1.50622414274999,0.221418218457095,-0.253697870977279
0.144287198781967,0.133395403623581,0.395679354667664,1.50920042851794,0.132374781675069,-0.162550487815304
0.182819157838821,0.11253859102726,0.376685708761215,1.51225909025569,0.0425497325828668,-0.0707304738833669
0.205245360732079,0.0604335777461529,0.372508257627487,1.51522935996722,-0.0549566904262628,0.0281288134480512
0.200144872069359,0.0462477169930935,0.346829533576965,1.51771074012874,-0.159382511706186,0.133410335643988
0.162587642669678,0.0827599242329597,0.253706783056259,1.51945126287325,-0.251017192037939,0.226166937084498
0.0313595943152905,0.184620767831802,0.147223487496376,1.51990549020088,-0.306506153895621,0.284120670859502
-0.108879536390305,0.257581800222397,0.0972561836242676,1.51842665435974,-0.327615580231105,0.308749660486812
-0.151213422417641,0.339895576238632,0.0618185624480247,1.51600436717142,-0.328759549888941,0.314608485580935
-0.104125261306763,0.340632736682892,0.0386298894882202,1.51402259851596,-0.323773146597835,0.314853298603777
-0.0178369805216789,0.26877772808075,0.043392151594162,1.51316412698088,-0.325375539120358,0.320890646413567
0.0449915155768394,0.194879531860352,0.0501358099281788,1.51336080083428,-0.33767680638052,0.336506129740071
0.0547408163547516,0.152513697743416,0.0330697409808636,1.5139801949525,-0.350979365868747,0.35227320235784
0.0282705910503864,0.15145668387413,0.0136728733778,1.51447770769712,-0.358266732113195,0.361811663027725
-0.0132203912362456,0.153780564665794,0.00592946633696556,1.5144236459397,-0.358530767694973,0.364402089315891
-0.0544993914663792,0.127827525138855,-0.0253360457718372,1.5138837072454,-0.349705642102476,0.357650880674289
-0.0647871792316437,0.111417405307293,-0.0670704394578934,1.513205316726,-0.328458536380691,0.338109019392131
-0.0529747307300568,0.079909011721611,-0.076636515557766,1.51266528547338,-0.302912231337547,0.31387176730381
-0.0307125672698021,0.0506387390196323,-0.0626368075609207,1.51241596150756,-0.282247474697594,0.294059950049191
0.00118997320532799,0.0429461970925331,-0.0549610480666161,1.51253842169354,-0.267800466474455,0.280266551036959
0.00881966296583414,0.0298160165548325,-0.0741480588912964,1.51291201213967,-0.251469346336023,0.264443827393818
0.00794508121907711,0.0113009195774794,-0.0955316424369812,1.51339025569832,-0.230206102963279,0.24336792827108
0.00157559849321842,0.0286399647593498,-0.0987599268555641,1.51377705699304,-0.205878285742931,0.219305705439481
0.00162193737924099,0.0675886943936348,-0.105129137635231,1.51410785083704,-0.179183689883035,0.193404850419917
-0.00487005058676004,0.0904146507382393,-0.0944690406322479,1.51433625557032,-0.152091519280291,0.167521235390186
-0.0241361558437347,0.101384475827217,-0.0849716737866402,1.51428061758918,-0.127380747280621,0.144262196136453
-0.0518958829343319,0.101549595594406,-0.0787441357970238,1.51380559866691,-0.103869287421639,0.122262641369061
-0.0774648860096931,0.0865112543106079,-0.0789252370595932,1.5128948768484,-0.0810981551659678,0.100830434036372
-0.0947157815098763,0.0758868381381035,-0.0555522702634335,1.5116143776515,-0.0616973795062985,0.0826249435043231
-0.0620262809097767,0.101919502019882,-0.016866659745574,1.51051467264678,-0.0526063493132485,0.0748275216136753
0.0402175337076187,0.141521230340004,-0.0118908099830151,1.51058693111192,-0.0485619130219257,0.0727195928598454
0.151144787669182,0.140928015112877,-0.0239856708794832,1.5123732059016,-0.0427141922079576,0.0690397296010989
0.203236222267151,0.0963618904352188,-0.00873907469213009,1.51525332652687,-0.0391468654326862,0.0671892012674634
0.161502614617348,0.0620201602578163,0.0123153440654278,1.51799460382764,-0.0424112486722945,0.071556829517543
0.0623251721262932,0.0213986970484257,0.0223101880401373,1.51947261362193,-0.0491661259157049,0.0788182814167402
-0.058147706091404,0.0328380391001701,0.0290138963609934,1.51915033804457,-0.0572220413530139,0.0873476345524468
-0.145465314388275,0.0332194045186043,0.0220385454595089,1.51730114949918,-0.062275883196225,0.0929285309854018
-0.152685940265656,0.0125410240143538,-0.00472835404798388,1.5149284731385,-0.0614104422438271,0.0924034046971954
-0.0810530260205269,-0.0258372575044632,-0.0309999044984579,1.51330722480552,-0.0540347458131275,0.0848524503119662
0.00216995924711227,-0.0631100609898567,-0.0422432422637939,1.51304063094382,-0.044679291824678,0.0745814459881894
0.0761733502149582,-0.0897326171398163,-0.0962553396821022,1.51386572957204,-0.025896690936286,0.054429753617438
0.126413345336914,-0.0207748562097549,-0.116152346134186,1.51567800365547,0.0039494088590087,0.0238208369206388
0.0770319551229477,0.0316468067467213,-0.0758384838700294,1.51710730561312,0.0285149604620281,-0.00042713224371921
0.0119197918102145,0.0818276852369308,-0.0644646510481834,1.51762692516384,0.04720315468741,-0.0182177420021045
-0.0559370145201683,0.0754531472921371,-0.103359587490559,1.5170031685244,0.0731430340580667,-0.0429447779360058
-0.0951528623700142,-0.0154301570728421,-0.125063821673393,1.51554048405741,0.104620578874862,-0.0741477021416809
-0.0748388022184372,-0.144406780600548,-0.129330739378929,1.51400282678654,0.133882875401842,-0.104945235542273
0.0157890990376472,-0.26613187789917,-0.132065266370773,1.51347060273528,0.163591846329022,-0.138092346297182
0.122206084430218,-0.357501477003098,-0.113307558000088,1.51445335359972,0.193300071917769,-0.172810210938787
0.18487611413002,-0.431304574012756,-0.0884091332554817,1.51665809702139,0.22170437634514,-0.207409466122839
0.168224439024925,-0.440571576356888,-0.0116317998617887,1.51913645321062,0.237635185521782,-0.230128669029147
0.11344189196825,-0.35451740026474,0.0361559614539146,1.52114589308201,0.232685902670885,-0.230956288416614
0.0467046722769737,-0.277562975883484,-0.0111934440210462,1.52220163166716,0.229766966262643,-0.232420780606913
-0.0850624144077301,-0.447131752967834,-0.048528827726841,1.52148695359705,0.235366449197366,-0.243743113371955
-0.20655183494091,-0.698174118995667,0.0817956179380417,1.51910269171289,0.205490971265431,-0.223118803560049
-0.229893371462822,-0.751622676849365,0.193729341030121,1.51612766823211,0.136024084427707,-0.164888058851948
-0.15223853290081,-0.606835424900055,0.205056831240654,1.51376305109731,0.064313108836535,-0.103251589245634
-0.0953882858157158,-0.283608078956604,0.153413876891136,1.51229971910115,0.0128184801939038,-0.0575965761570577
-0.0662362575531006,-0.0208827145397663,0.102599166333675,1.51116400602629,-0.0191624479284022,-0.0270212285700102
-0.0198264196515083,0.0348439328372478,0.0335370078682899,1.51067919533625,-0.0323755768871546,-0.0131563946317619
0.0294332727789879,-0.0911270454525948,0.0091696185991168,1.51091436075577,-0.0362395184023564,-0.00983403148484048
0.0429080650210381,-0.225219085812569,0.0561163574457169,1.51158456867178,-0.0476961010288586,-0.00125041151132403
0.014769640751183,-0.201007753610611,0.105084434151649,1.51188541433651,-0.0758519249741217,0.0236405240845557
0.0381300896406174,-0.0982155799865723,0.111745528876781,1.51206796809195,-0.110889170639824,0.0565813689447323
0.0620426163077354,-0.0423099733889103,0.0564210191369057,1.51276351459172,-0.133114568580358,0.078004615534475
0.0153297036886215,-0.255029410123825,-0.0797261670231819,1.51329481504308,-0.132071550054079,0.0746553460450835
-0.0907322838902473,-0.558603167533875,-0.250524282455444,1.51285101047206,-0.0847463351629257,0.0201960660600516
-0.169885963201523,-0.621475875377655,-0.336539566516876,1.51088485283466,-0.011234757449196,-0.0628605776696019
-0.159512147307396,-0.46220338344574,-0.308547616004944,1.50821441535384,0.0599266798993853,-0.142030786769429
-0.10811473429203,-0.375348657369614,-0.217349275946617,1.50606723149989,0.110655025446013,-0.198650342141499
-0.0943227559328079,-0.53606379032135,-0.0839201062917709,1.50435919772244,0.127454213048647,-0.22309345446023
-0.0496543571352959,-0.498332113027573,-0.0750485882163048,1.50327904551374,0.133045521806105,-0.236497721691305
-0.0141048841178417,-0.366644114255905,-0.122746869921684,1.50273251633443,0.148363316893018,-0.258191486731909
0.0237676631659269,-0.106242351233959,-0.195934787392616,1.50250089889109,0.182713088657196,-0.295726335894142
0.0837447121739388,0.235417231917381,-0.240063369274139,1.50270236351147,0.236542782755638,-0.347876184191586
0.157111868262291,0.484177529811859,-0.228661313652992,1.50362807633087,0.302782783896903,-0.408036047217038
0.23139488697052,0.634050071239471,-0.075309045612812,1.50591295242397,0.35682198166502,-0.453248740685186
0.261175960302353,0.486247599124908,0.0571688339114189,1.50961948015378,0.381821279464514,-0.469848400099054
0.248592510819435,0.22959104180336,0.0408143624663353,1.51344451078561,0.397729374767575,-0.481104418524187
0.224783852696419,0.0419844016432762,-0.0342841148376465,1.51655412399618,0.425793709002607,-0.50776426339175
0.16551174223423,-0.0965540334582329,-0.0764573961496353,1.51862427746001,0.463904132827016,-0.546754014156843
0.103716291487217,-0.155811235308647,-0.0758496671915054,1.51965636923659,0.498596659534297,-0.583664541328125
0.0560390502214432,-0.110722318291664,0.0135952597483993,1.5203834894103,0.512930313379034,-0.600019617951241
0.0222539231181145,0.0739426016807556,0.0947242006659508,1.52130293821566,0.497900887804179,-0.585055801386642
0.0411916598677635,0.337088227272034,0.115398325026035,1.52256438759685,0.47516531807339,-0.558314409617587
0.0513984933495522,0.215412110090256,0.0480618923902512,1.52379712119178,0.463680264281268,-0.542592822438861
0.0361923724412918,0.0125604644417763,-0.0355395302176476,1.52430314597685,0.474903750125939,-0.552648392881265
0.0167955067008734,-0.0889901295304298,-0.00799818336963654,1.5244621635981,0.485183424896463,-0.563888324930709
0.0107477344572544,-0.078788623213768,0.0742072090506554,1.52492470192859,0.472384994220755,-0.552437040865771
-0.00182984210550785,-0.00567925907671452,0.170315891504288,1.52582264728188,0.431638172733484,-0.512083430847207
-0.0448401570320129,0.0229063145816326,0.213851660490036,1.52663425083548,0.362249444762463,-0.442424402219543
-0.0731839165091515,0.111567474901676,0.162491530179977,1.52660629609321,0.295715761284223,-0.374625002222562
-0.0663928538560867,0.1989955753088,0.114562623202801,1.52610645041992,0.248524035345782,-0.324803235946744
-0.0264185424894094,0.275348961353302,0.0497508645057678,1.52581739423752,0.226036988405897,-0.298573452642902
0.0230613928288221,0.35278993844986,-0.00538615509867668,1.52597810803619,0.228071692484482,-0.295610078685435
0.0565706193447113,0.342602282762527,-0.0596453994512558,1.52652440508298,0.2533791122402,-0.315577903240158
0.0504759699106216,0.189795419573784,-0.0897391140460968,1.52702769411612,0.290294208963428,-0.348844192332603
0.0183025896549225,0.0103465793654323,-0.0612896308302879,1.52712944481499,0.31898562276932,-0.376463916254166
-0.0227216295897961,-0.158036142587662,0.00449422793462873,1.52689711652102,0.322038182974543,-0.381119604925551
-0.0346856154501438,-0.230374246835709,0.034248661249876,1.52654102724715,0.305357954422999,-0.367655447227686
-0.0133185433223844,-0.156886979937553,0.0259161628782749,1.52634098221008,0.28967482090808,-0.354966427886051
0.0599375627934933,0.088691882789135,0.0501301549375057,1.52697389803176,0.2802973774072,-0.345560163327233
0.187211096286774,0.365605235099792,0.111037716269493,1.52940599497615,0.265950929145129,-0.327008632201112
0.303224503993988,0.474482178688049,0.123647250235081,1.53377962631516,0.252481866948907,-0.30669117526343
0.234688326716423,0.527428448200226,0.0388830937445164,1.53794535519792,0.261083820811374,-0.307302304594208
0.0500668212771416,0.347032636404037,-0.0468658991158009,1.53950597097771,0.291808176987176,-0.331768102722288
-0.148488879203796,0.122361965477467,-0.122069306671619,1.5378593105601,0.326468110537482,-0.363490379309481
-0.287537574768066,-0.0472776666283607,-0.179743781685829,1.53361862766681,0.355862750085395,-0.392854889626571
-0.331037402153015,-0.125135451555252,-0.199327066540718,1.52812428213296,0.379455347318877,-0.418054897572795
-0.292123287916183,-0.133677810430527,-0.140343382954597,1.52292799403088,0.38852862420913,-0.42928457816801
-0.178830549120903,-0.0525866784155369,-0.0594280287623405,1.51940137378812,0.386306284873842,-0.428314271463603
-0.014368093572557,0.00551071064546704,0.0196614619344473,1.51848118170818,0.379983980403111,-0.422072262550353
0.143893718719482,0.000727406702935696,0.0783570036292076,1.52019220508478,0.373186665411218,-0.415208453851913
0.225937977433205,-0.0310590174049139,0.0799272060394287,1.52359120290568,0.37127816966206,-0.413626578343816
0.176504924893379,-0.0842607170343399,0.00693048723042011,1.52662920859949,0.384575238731168,-0.427872987554991
0.0395542606711388,-0.157532006502151,-0.0495674088597298,1.52758654379352,0.405069495955542,-0.450380501104226
-0.050117302685976,-0.122360959649086,-0.0319601856172085,1.52698789726455,0.411793802514646,-0.459386144901814
-0.0728468522429466,-0.04950300604105,0.0064111715182662,1.52594896867638,0.402879222132495,-0.45140152766196
-0.0312834270298481,-0.0811027437448502,0.00665032304823399,1.52532728042041,0.391971389645255,-0.441534722842134
0.0412384420633316,-0.0836516544222832,-0.000356453703716397,1.52552603312376,0.391651923023145,-0.442472681028002
0.0839715227484703,-0.00813346169888973,-0.0149559015408158,1.52656557427081,0.40311167187868,-0.454542934723493
0.0300635509192944,0.121785923838615,-0.0685775801539421,1.52704143966772,0.427002812591756,-0.477361709352382
-0.0578362084925175,0.20308344066143,-0.133148059248924,1.52597884045601,0.460506801161987,-0.508140892533147
-0.127045646309853,0.151413589715958,-0.13792097568512,1.52364580642132,0.488427665491906,-0.533326656667246
-0.142829939723015,-0.0374647192656994,-0.033547431230545,1.52128083848658,0.488260488655082,-0.532630485863183
