0.0270947143435478,-0.0865899175405502,-0.0200183056294918,1.53963734275672,2.65388821271032,-2.76169227197801
0.0624990463256836,-0.0468427799642086,-0.0485844351351261,1.53874042297398,2.64917605073476,-2.75791401707549
0.0840386897325516,0.0449465289711952,-0.0771894454956055,1.53718147635108,2.64004180959555,-2.74859648247808
0.0390981137752533,0.128638491034508,-0.0581755451858044,1.53597970087762,2.62823367645519,-2.73516040212104
0.00580513849854469,0.131117641925812,-0.0284860916435719,1.53555500578452,2.62015178635242,-2.725093775607
0.0151989068835974,0.0943785309791565,-0.00496558658778667,1.53533165988228,2.61874495739394,-2.72203138284179
0.0436960607767105,0.0261962786316872,0.0282600112259388,1.53499732598801,2.63400243744609,-2.73649524664548
0.0542565584182739,-0.0430890545248985,0.0410762093961239,1.53459370971769,2.65880868507151,-2.76161831724297
0.0554158315062523,-0.121103420853615,0.0324630104005337,1.53413389967118,2.68179861935068,-2.78606705578921
0.0490530133247375,-0.16872926056385,0.0302387401461601,1.53363776919935,2.69886341099007,-2.80550589406171
0.0363207012414932,-0.12322835624218,0.0227248966693878,1.53321802469864,2.71332113159944,-2.82215221859615
0.00776549149304628,-0.00845597498118877,-0.00511525571346283,1.53299268540061,2.7165279396656,-2.82605980299741
-0.0282748024910688,0.0240838583558798,-0.0277452021837234,1.53310370231964,2.70550860230465,-2.81470405896672
-0.033683679997921,0.0133310798555613,-0.0181791260838509,1.53342621966413,2.69035842718317,-2.79928902992339
-0.0126103535294533,-0.00719869695603848,0.00970523525029421,1.53370433952386,2.68596059133414,-2.79488892072782
0.0342607498168945,-0.0712921917438507,0.0131508326157928,1.53357567185493,2.69309870402296,-2.80278952463211
0.06412223726511,-0.103930294513702,0.0111768981441855,1.53286973647155,2.70583379475909,-2.81701744707012
0.0535561516880989,-0.0497991554439068,-0.000586284324526787,1.53210140638295,2.71670872823837,-2.8290250660564
0.0355150997638702,0.0325268805027008,-0.0113023119047284,1.53148347808689,2.72036050281713,-2.8325587333317
0.0268481057137251,0.044562503695488,0.00467292591929436,1.53104602334308,2.72489126903683,-2.83639053136469
0.0107780592516065,0.0197889786213636,0.0152238374575973,1.53089909886936,2.7311144147699,-2.84217643389649
-0.0253791455179453,0.035076055675745,0.00645990716293454,1.53114212807957,2.73215084502111,-2.84286004261818
-0.0520837306976318,0.0774669200181961,0.0127359125763178,1.53186094234974,2.72943088539119,-2.83918333091954
-0.0202144775539637,0.0914479792118073,0.0236367620527744,1.53248110815179,2.73263512476731,-2.84106621776575
0.0170420799404383,0.0902104079723358,0.0281497575342655,1.53253309799831,2.74579726892735,-2.85286136314488
0.00210654037073255,0.0881267637014389,0.0301865413784981,1.53255306225361,2.75957921619642,-2.86528291725387
-0.0201596170663834,0.0578519403934479,0.0182641018182039,1.53284465712942,2.76792850113601,-2.87261928238709
-0.0316817834973335,0.0458789020776749,-0.00425026146695018,1.53322967731223,2.76558271600587,-2.86959667427653
-0.0347425565123558,0.0620528124272823,-0.0202739685773849,1.53360228164371,2.75461162079449,-2.85774306112
-0.0155582074075937,0.0424705892801285,-0.0201685093343258,1.53383803496182,2.74346707703933,-2.84580914454501
0.000267094932496548,0.00134738720953465,-0.000882428139448166,1.53385436466189,2.73945174248445,-2.84152681168753
0.00973010528832674,-0.051673486828804,0.0151466056704521,1.53381225042244,2.74413543962788,-2.84672024399786
0.00962650869041681,-0.0851744562387466,0.027928713709116,1.53376777244235,2.75397388947844,-2.85771825979058
0.00543149700388312,-0.0927732586860657,0.0204180665314198,1.53376105230455,2.76269428580952,-2.86786964294899
-0.0125491004437208,-0.0667829364538193,0.00430700788274407,1.53390166268619,2.76466401078036,-2.87098800572642
-0.0263469386845827,-0.0212769657373428,-0.00321375904604793,1.53421306609711,2.75929671166669,-2.8661936080721
-0.00715007446706295,0.0219288282096386,-0.0062502957880497,1.53444455461303,2.75329650953469,-2.86001734645228
0.0289277676492929,0.0261776354163885,0.0110762305557728,1.53425515723367,2.75771819790026,-2.86404803117151
0.0522605180740356,0.0521160252392292,0.0230013318359852,1.53372306142939,2.7718947005298,-2.87757451058947
0.0319472625851631,0.0641625672578812,0.0303569845855236,1.53328858701802,2.78899525289688,-2.89377018443934
-0.00542594399303198,0.0470645427703857,0.0397089421749115,1.53336582087425,2.80445240894673,-2.90848184057743
-0.0181848835200071,0.0492741651833057,0.0364241972565651,1.5337803064697,2.8180215356136,-2.92131271357197
-0.0169888567179441,0.0112969577312469,0.0225107781589031,1.53416265351072,2.82681822535971,-2.92971123197619
-0.0180570501834154,-0.0157634224742651,0.0235451497137547,1.53451363964152,2.83299154759381,-2.93603427450813
-0.00301951169967651,-0.0115756019949913,0.00976329203695059,1.53473525781253,2.83737356992993,-2.94066869290226
0.0130606545135379,0.00994380563497543,-0.00185874290764332,1.53462997927822,2.83860320646589,-2.94183510141653
0.007709298748523,-0.00733957812190056,0.00129337469115853,1.53445654225819,2.83895682545432,-2.94215871860278
-0.00196729693561792,-0.033226303756237,0.0118847666308284,1.53446953596484,2.8414062379183,-2.94496384660695
5.53736463189125e-05,-0.0472462475299835,0.0246998965740204,1.53456819415809,2.84940077509758,-2.95364764641885
0.00439925584942102,-0.0386540926992893,0.0151247680187225,1.53458145342266,2.85646376253019,-2.96137900797515
0.011985270306468,-0.025773711502552,0.000235034385696054,1.53449513496032,2.85939363444436,-2.96474088247882
0.020552659407258,-0.011765219271183,-0.00503536127507687,1.53419033706227,2.85988532550652,-2.96544290117917
-0.00208367686718702,-0.0147508885711432,0.0247180052101612,1.5341481437671,2.86480246012317,-2.97054358116377
-0.0279275234788656,-0.0491125918924809,0.0565555654466152,1.53460571056784,2.88159781960712,-2.9878954277062
-0.0984062179923058,-0.106068551540375,0.0752648040652275,1.53589717500788,2.90074389865498,-3.00837147194222
-0.167722702026367,-0.101374730467796,0.0812265574932098,1.53834722375849,2.91927925021106,-3.02851588116799
-0.171871110796928,-0.0711076408624649,0.0673456266522408,1.54118619116086,2.93275410320886,-3.04323540487396
-0.156915605068207,-0.0365555211901665,0.0621370188891888,1.54376236698146,2.94888696495097,-3.06006572878511
-0.14833077788353,-0.0442076846957207,0.0557790175080299,1.54612354161911,2.96362726212025,-3.07542746678348
-0.152760922908783,-0.0430039390921593,0.0749750882387161,1.54847188736562,2.98992010852648,-3.10235958480972
-0.176365584135056,-0.0243892408907413,0.0929956287145615,1.55112331890754,3.03400123561715,3.13625146031118
-0.181794464588165,-0.0297166295349598,0.104702889919281,1.55391850686051,3.10642991922131,3.06345632922909
-0.184224843978882,-0.100983887910843,0.140928268432617,1.55654892702094,-3.05195297142682,2.93754086279948
-0.228236258029938,-0.182865425944328,0.180076733231544,1.55918327929117,-2.81491440397812,2.69807515677381
-0.285978645086288,-0.225777208805084,0.204222545027733,1.56111309534124,-2.38634316066346,2.26628017224611
-0.347654789686203,-0.201739519834518,0.188893392682076,1.56096954205671,-1.79633148029925,1.67300931692169
-0.395239889621735,-0.164918914437294,0.145900920033455,1.55830362266888,-1.29066461754822,1.16464549166714
-0.387377977371216,-0.137046545743942,0.0989882797002792,1.55426640179579,-0.97593118127711,0.847686392886602
-0.401355296373367,-0.157476454973221,0.113829009234905,1.54932047931337,-0.789288844094191,0.65880204145604
-0.392200410366058,-0.170253232121468,0.164071127772331,1.54345689333675,-0.692631640225835,0.559493406104045
-0.318999707698822,-0.116275757551193,0.199843779206276,1.53771456648508,-0.661798994320075,0.52659742290673
-0.24004390835762,-0.0571666248142719,0.186531707644463,1.53283821225543,-0.65922523918342,0.522918219731754
-0.230324983596802,-0.0518762581050396,0.171648353338242,1.52864248457693,-0.661886218831659,0.524841368944051
-0.300524830818176,-0.0678576231002808,0.157292321324348,1.5239198283769,-0.65071238199007,0.512723739652213
-0.383398145437241,-0.0881767421960831,0.130033805966377,1.51835762202495,-0.622069639487195,0.482861109759611
-0.379838019609451,-0.126303881406784,0.0894360542297363,1.51271950102977,-0.586686506562191,0.445695607530995
-0.357317268848419,-0.108091332018375,0.0725127309560776,1.50750272821314,-0.555437994320545,0.412565672695699
-0.364629238843918,-0.0226121135056019,0.0533257126808167,1.50237451445334,-0.525817434883559,0.38208776100082
-0.371769189834595,0.0454409718513489,0.0148989632725716,1.49730878360182,-0.49260410214832,0.349132173389187
-0.327731668949127,0.0969917774200439,-0.0264151878654957,1.4928113240277,-0.457354741285043,0.315006467459893
-0.269117891788483,0.133518904447556,-0.0281339921057224,1.4892406602742,-0.427441477486899,0.28687447102089
-0.275495380163193,0.107555471360683,-0.0292690321803093,1.48574070047182,-0.402030235527806,0.263166297248204
-0.33398026227951,0.0395532548427582,-0.0414641797542572,1.48161391840503,-0.375219884841143,0.237164090698774
-0.350679874420166,0.0231846682727337,-0.0811042636632919,1.47705754914697,-0.344725869848239,0.206886748725652
-0.284206032752991,0.0572702027857304,-0.128697618842125,1.47325849659049,-0.31231719647687,0.175014412604223
-0.197661846876144,0.0816202759742737,-0.155878379940987,1.47067495708981,-0.279907859374268,0.143567038109907
-0.189055025577545,0.0869436711072922,-0.165428996086121,1.46862547005803,-0.248180282818648,0.113021840924087
-0.232791870832443,0.063362181186676,-0.159328773617744,1.46600152905749,-0.217081344371116,0.0828863954621912
-0.274332374334335,0.0018375685904175,-0.159659534692764,1.46267900499153,-0.187995398104491,0.0540414884425766
-0.305181086063385,-0.0565114915370941,-0.1641895622015,1.45870729069244,-0.160115861950328,0.0253478226790094
-0.322063148021698,-0.0132231405004859,-0.184548363089561,1.45434487940409,-0.131775963696818,-0.00372510392809536
-0.365962952375412,0.0953802987933159,-0.163367182016373,1.44946524768811,-0.104067983219775,-0.0308713922353147
-0.42698210477829,0.188949674367905,-0.133768275380135,1.44362421838003,-0.0805237603158211,-0.0521652469643119
-0.437581479549408,0.226860567927361,-0.141275733709335,1.437183212359,-0.0582419856238887,-0.0713494496982597
-0.355397671461105,0.196073099970818,-0.155723378062248,1.4314853715863,-0.0367404760751265,-0.0898622659961314
-0.232967883348465,0.134924784302711,-0.141103684902191,1.42748210053468,-0.0179627915573375,-0.106465523916774
-0.169332444667816,0.0893264040350914,-0.105491362512112,1.42475208129295,-0.00438758601632563,-0.118655268987394
-0.154740989208221,0.0883684605360031,-0.0680180191993713,1.42236683094075,0.00516822456748056,-0.126974173355541
-0.123861111700535,0.0958127975463867,-0.065673902630806,1.42036168500473,0.0125356059303088,-0.133002022924691
-0.0758123621344566,0.0684581398963928,-0.0760682225227356,1.41894259541913,0.0207736516100092,-0.14010675884262
-0.0460193119943142,0.0109594278037548,-0.0695232376456261,1.41815488032895,0.028065997392524,-0.147013966016769
-0.0684772133827209,-0.0354405604302883,-0.0590351819992065,1.41730454257078,0.0333992221873157,-0.152782962189825
-0.120673038065434,-0.0211268700659275,-0.06149647757411,1.41575320710413,0.0380841439765479,-0.157999051682952
-0.143999934196472,0.0427937917411327,-0.0765369385480881,1.4136180612787,0.0447260713084233,-0.164390557861008
-0.105539627373219,0.085858166217804,-0.0890601873397827,1.4116655747845,0.0530801294414839,-0.171757398491782
-0.0276126079261303,0.109221816062927,-0.105618126690388,1.41078501814269,0.0635376937614883,-0.180783497963044
0.00649476330727339,0.104722931981087,-0.106468737125397,1.41069158047378,0.0749665262009741,-0.190707089567989
-0.037269227206707,0.0779096931219101,-0.0971679165959358,1.41028674489083,0.0853919655249381,-0.199940454305317
-0.109767660498619,0.060956284403801,-0.092316173017025,1.40889627434585,0.0939638751850675,-0.207624976045329
-0.138489842414856,0.0588992573320866,-0.0978448912501335,1.40681395647866,0.102360447571413,-0.215272690419886
-0.15106263756752,0.0620798692107201,-0.122487120330334,1.40444845240518,0.111665703723774,-0.223727808145198
-0.133820801973343,0.0716270357370377,-0.144793227314949,1.40204809889701,0.1229990370127,-0.234200710595144
-0.0483325310051441,0.0948937386274338,-0.173049911856651,1.40053781467817,0.137565548321641,-0.247695013326278
0.0423499681055546,0.13012470304966,-0.186309248209,1.40037165494461,0.155235128055277,-0.263813431907827
0.0720788389444351,0.14412148296833,-0.174354314804077,1.40096757251921,0.173324961264021,-0.280016793636865
0.0570764467120171,0.148574024438858,-0.164835646748543,1.40149487106716,0.190960910438694,-0.295688625229329
0.0506182834506035,0.147560685873032,-0.157402768731117,1.40177512997136,0.207580484441803,-0.310268356821397
0.0698297917842865,0.131210207939148,-0.160497888922691,1.40221246091005,0.224458280465665,-0.325262372617183
0.0324973352253437,0.100012868642807,-0.155431494116783,1.40235629642994,0.240310675506157,-0.3396882784721
-0.0441170148551464,0.0949014648795128,-0.167682573199272,1.40149976724653,0.255077164439754,-0.353207727725582
-0.111060358583927,0.100522600114346,-0.189472019672394,1.39949205290514,0.26974627322006,-0.366619467575884
-0.14530673623085,0.101856842637062,-0.172605693340302,1.39676938464497,0.282864728356055,-0.378406034331493
-0.111615099012852,0.120343707501888,-0.126445114612579,1.39431258311253,0.293050168204635,-0.386990345454984
-0.0363200791180134,0.134273916482925,-0.0853583961725235,1.39298586720825,0.301080870000687,-0.393176098693942
0.032945279031992,0.110122494399548,-0.0849317535758018,1.39282423059126,0.309546847919995,-0.399958692326414
0.0492261238396168,0.104452341794968,-0.119007907807827,1.39309016793042,0.320918263231057,-0.409910479913125
-0.00595537293702364,0.0948356688022614,-0.145007818937302,1.39264319440018,0.333837778607033,-0.421523436142612
-0.0750779807567596,0.0690980777144432,-0.160434439778328,1.39115306117415,0.34572905832241,-0.432402458683415
-0.159787550568581,0.0626870542764664,-0.221866652369499,1.3882701493972,0.358332580369304,-0.444254354683909
-0.278801828622818,0.0673893988132477,-0.260015338659286,1.38353616220698,0.371384255759903,-0.456531193908029
-0.363080203533173,0.0635192915797234,-0.248819425702095,1.37742570373629,0.380799356376346,-0.465138336250842
-0.374862313270569,0.0473714806139469,-0.241436079144478,1.37077585604078,0.387955432477078,-0.471551560127911
-0.351576685905457,0.0376096628606319,-0.223138570785522,1.36459488189864,0.393660337083529,-0.477036672955649
-0.339953571557999,-0.0576633289456367,-0.209273084998131,1.35860776050619,0.397852126575327,-0.481577596450446
-0.324872106313705,-0.0805689096450806,-0.227353289723396,1.35282644875615,0.401570550678517,-0.486682242958163
-0.371685951948166,-0.0598170235753059,-0.236181139945984,1.34669365618389,0.405954962246319,-0.492077463059302
-0.55355829000473,-0.0125965140759945,-0.276832669973373,1.33845117988592,0.408875636645599,-0.495567723345893
-0.70255708694458,0.0702903792262077,-0.300147593021393,1.32759153818962,0.409922501917517,-0.496021458737646
-0.714292883872986,0.130985155701637,-0.300164103507996,1.31590681878496,0.411058570622165,-0.495492481501592
-0.666324257850647,0.16430875658989,-0.303023278713226,1.30475418575883,0.413425602620249,-0.49550218885147
-0.601015031337738,0.184383928775787,-0.338890194892883,1.29430954651371,0.418442886254795,-0.498020172098168
-0.507080554962158,0.221731826663017,-0.358534187078476,1.28477128721622,0.42663573549387,-0.503270864851667
-0.380403816699982,0.28552919626236,-0.467649757862091,1.27646891340357,0.440713550064749,-0.513846267119329
-0.235077232122421,0.292619585990906,-0.636506974697113,1.26886594222606,0.464989886838855,-0.534493520579637
-0.134185239672661,0.195346027612686,-0.717113435268402,1.26194323860389,0.494237691406728,-0.561537610502912
-0.11805234849453,0.116144418716431,-0.73203831911087,1.25512185656821,0.523586279771977,-0.590118498393098
-0.197146907448769,0.0527878180146217,-0.702711582183838,1.24758010658687,0.548626949143803,-0.615337437983175
-0.241285860538483,-0.00303283659741282,-0.649654507637024,1.23929373526885,0.568261020678956,-0.635917201602981
-0.177485853433609,0.0400499179959297,-0.635313332080841,1.23153376695966,0.586226709012397,-0.654805663202753
-0.0504541285336018,0.188717693090439,-0.66531229019165,1.22482088163404,0.608747047387245,-0.676428439919653
0.119108006358147,0.175917997956276,-0.680241942405701,1.21961775988132,0.635646705219579,-0.702001329415587
0.335268527269363,0.0710387229919434,-0.659715890884399,1.21670941107524,0.665260754427829,-0.731883986575853
0.534501969814301,-0.0349151380360126,-0.653184771537781,1.21610295216087,0.698074560673295,-0.766892335950462
0.61307293176651,-0.116323709487915,-0.618578612804413,1.21664972155534,0.732060042275494,-0.804551153323711
0.595073997974396,-0.192542850971222,-0.507700562477112,1.21774197219674,0.762630548398586,-0.839837428818662
0.482959181070328,-0.288678139448166,-0.356870800256729,1.21909275269748,0.78553498842686,-0.868343192338682
0.421175718307495,-0.38411945104599,-0.23454861342907,1.22079035482063,0.800107445196232,-0.889683933731619
0.535928606987,-0.354156225919724,-0.197461441159248,1.22355319379091,0.814789793779753,-0.911195823460864
0.804738283157349,-0.232183203101158,-0.23297256231308,1.22835520184689,0.838235536504461,-0.940587610204529
1.14593315124512,-0.12566927075386,-0.259484320878983,1.23558503897272,0.876169589669971,-0.983304424360718
1.35889637470245,-0.03781558573246,-0.244129076600075,1.24484923559725,0.92678208333134,-1.03788370377238
1.35061049461365,-0.0849218443036079,-0.148110926151276,1.25441095004349,0.981117075007743,-1.09617761091998
1.24392318725586,-0.0566340163350105,-0.0120750656351447,1.26400941857182,1.03188493092837,-1.15076961406619
1.07808840274811,-0.0294588524848223,0.0637680366635323,1.27299684698175,1.07802432535181,-1.19964542551128
0.916646659374237,-0.042441762983799,0.125716358423233,1.2810669381211,1.11766867612574,-1.24181251292449
0.755440771579742,-0.142180606722832,0.163017123937607,1.28814710684306,1.14985002337305,-1.27698318135794
0.741349697113037,-0.19285736978054,0.191711083054543,1.29504479303781,1.17855105579662,-1.30972795679041
0.909955739974976,-0.335005164146423,0.289853900671005,1.30309810900546,1.21167525891311,-1.34832057786936
1.14058828353882,-0.409372866153717,0.360699325799942,1.3133218408254,1.25588924623993,-1.40019631914278
1.20223319530487,-0.420399695634842,0.379245042800903,1.32381678656541,1.31035594629222,-1.46303123805199
1.08499050140381,-0.355944275856018,0.380682080984116,1.3333303126539,1.36655950463172,-1.52685451629921
0.864234864711761,-0.261671841144562,0.398563086986542,1.34163467901841,1.41653020991904,-1.58268533031481
0.643491864204407,-0.256186783313751,0.417424649000168,1.34922473488507,1.45537413213759,-1.62653299037412
0.504166722297668,-0.211289644241333,0.385591357946396,1.35594761819955,1.48557128245127,-1.66099593232176
0.461649119853973,-0.139692410826683,0.371501624584198,1.36205621374001,1.51415075614115,-1.69270413649219
0.443103909492493,-0.205391272902489,0.4225794672966,1.36824709675533,1.54216803734475,-1.72391861607213
0.579663574695587,-0.386763960123062,0.65290504693985,1.37681684186275,1.575587855022,-1.76298519604261
0.835589110851288,-0.486435443162918,0.878747522830963,1.38864082495903,1.62979512365685,-1.82533243172637
0.969018280506134,-0.456261307001114,0.973627388477325,1.40143568844257,1.7099614888345,-1.91393381534939
0.905885100364685,-0.356195956468582,1.00108301639557,1.4135341665842,1.80525440727865,-2.01653610555389
0.757171809673309,-0.221511647105217,0.943645536899567,1.42417090088986,1.90455034927074,-2.12108215582161
0.581506788730621,-0.0373436734080315,0.79850697517395,1.43235201740585,1.99787042202775,-2.21691775651544
0.410784602165222,0.0820690095424652,0.699260056018829,1.43896206760373,2.08024370044615,-2.29934866166454
0.295178115367889,0.0996216312050819,0.636582553386688,1.44478952339133,2.15351519856718,-2.37159794431891
0.260914415121078,0.0197651535272598,0.657640695571899,1.45035475587675,2.22625049635155,-2.44419642477625
0.249935522675514,-0.0287107694894075,0.695968925952911,1.45576646945986,2.30671105765006,-2.52542655614039
0.243162572383881,-0.0760905370116234,0.740733444690704,1.4609265589331,2.39632702409857,-2.61650465781241
0.272431790828705,-0.125696167349815,0.807089805603027,1.46544263790333,2.50200320512966,-2.72443608170546
0.294440686702728,-0.186212241649628,0.850960612297058,1.46868185260734,2.62391911208658,-2.84956231401862
0.265574663877487,-0.20983661711216,0.862497448921204,1.47058283666802,2.75356307604581,-2.98295637212687
0.242009431123734,-0.237800866365433,0.877268373966217,1.47121701741294,2.88590897942474,-3.11941662501635
0.227457374334335,-0.245528027415276,0.835514783859253,1.47024692380954,3.01389989696128,3.03141913394338
0.206371799111366,-0.213081404566765,0.808710098266602,1.46788245500737,3.13188038696214,2.90935397164107
0.162857085466385,-0.154512375593185,0.787125170230865,1.4646464306717,-3.04155312906988,2.79635072696021
0.0787408724427223,-0.0599557757377625,0.777059495449066,1.46122589616085,-2.93905875757081,2.69191086758408
-0.0776127800345421,0.0174908135086298,0.741943597793579,1.45872192347411,-2.84003787522195,2.59215825669253
-0.264222353696823,0.0639339461922646,0.755727589130402,1.45771419079183,-2.73715195745662,2.48941310772683
-0.381673604249954,0.0668016374111176,0.782734155654907,1.45723540623088,-2.62401004131644,2.37659169781413
-0.399117052555084,0.00540672056376934,0.829551458358765,1.45561676468528,-2.5064184405243,2.25866462464917
-0.427186489105225,-0.0992624387145042,0.874121069908142,1.4521364722088,-2.38904189231704,2.13950970826124
-0.527438282966614,-0.142038926482201,0.885174751281738,1.4475158551311,-2.2723155719541,2.01985775738586
-0.614573180675507,-0.0887157842516899,0.855825126171112,1.44235226351391,-2.1562555697687,1.90116072001305
-0.599107146263123,-0.00791467726230621,0.790858387947083,1.43649122469456,-2.0501663772973,1.79358074208397
-0.521952450275421,0.111636750400066,0.738078773021698,1.42967146746269,-1.96113496338769,1.70473158772797
-0.525116264820099,0.205825567245483,0.731743156909943,1.42214093151662,-1.88300679385589,1.62850285062269
-0.589774906635284,0.243376404047012,0.813594341278076,1.41311589710066,-1.80593942387044,1.55411803784742
-0.619159162044525,0.242799296975136,0.883889555931091,1.4022500570183,-1.73225507371647,1.48315324600417
-0.610733985900879,0.304531127214432,0.89361697435379,1.39009072186472,-1.66627504543157,1.420425911907
-0.577096402645111,0.416609466075897,0.821323335170746,1.37797863793924,-1.60934888368303,1.36826866416146
-0.547726809978485,0.552530527114868,0.749025464057922,1.36650685723307,-1.55918889230622,1.3249547082746
-0.54190194606781,0.652896285057068,0.689355194568634,1.35560949020716,-1.5136592168439,1.28789483217987
-0.590300321578979,0.76319295167923,0.615458369255066,1.34535866259817,-1.46802920548492,1.25231674533377
-0.655706524848938,0.859471261501312,0.53716516494751,1.33575187805854,-1.41977813688062,1.21558835756179
-0.731912851333618,0.900670349597931,0.476903170347214,1.32655907518414,-1.36871161892679,1.17680034902943
-0.828712642192841,0.880461752414703,0.45809805393219,1.3170618519427,-1.31563534167057,1.13588613708136
-1.00021326541901,0.868254363536835,0.451630830764771,1.30652944114864,-1.25876062241162,1.09052973845541
-1.15639781951904,0.940186083316803,0.397286891937256,1.29492921671542,-1.19572555304061,1.03936564576154
-1.14059245586395,1.04351997375488,0.292829185724258,1.28346399344219,-1.13187619857885,0.988710049519923
-0.995883524417877,1.09861886501312,0.193434149026871,1.27334265140958,-1.07379480305523,0.945108103980029
-0.826726973056793,1.09300708770752,0.102682143449783,1.26492885986142,-1.02354546249882,0.909775035248038
-0.6660076379776,1.07439124584198,0.00225061038509011,1.25862975417168,-0.979696392694638,0.880800663607443
-0.52018141746521,1.07098937034607,-0.101466730237007,1.25457989151248,-0.940217292508252,0.856238241490655
-0.43107470870018,1.08424365520477,-0.177768960595131,1.25232983137355,-0.903160225787287,0.834321597457404
-0.47555136680603,1.06263720989227,-0.209050983190536,1.25040167654271,-0.865228888831756,0.811419941085756
-0.59738302230835,0.940005004405975,-0.16510882973671,1.2468818421429,-0.825998571625794,0.785775823057799
-0.630795836448669,0.785567224025726,-0.117419064044952,1.24176873146147,-0.789259911171971,0.760227975726168
-0.536807298660278,0.67888605594635,-0.139340609312057,1.23693320208641,-0.756921159151561,0.737400301830403
-0.439393609762192,0.590458154678345,-0.187921464443207,1.23345498260069,-0.728538061111989,0.717135217604783
-0.391829311847687,0.549767732620239,-0.264546990394592,1.23122499448698,-0.701179745713727,0.697067347565422
-0.389871597290039,0.560054183006287,-0.367050468921661,1.22983888643765,-0.671603496509068,0.674463908515855
-0.390888154506683,0.651423513889313,-0.497260898351669,1.22932537745642,-0.636873232480251,0.64748590274347
-0.35823193192482,0.800267577171326,-0.580204546451569,1.22969278935662,-0.597742376175121,0.617684046724242
-0.416573256254196,0.868597149848938,-0.612556099891663,1.22972409730834,-0.5543960671129,0.585319303206637
-0.513249754905701,0.915440797805786,-0.647314071655273,1.22830426348097,-0.507555770489812,0.549899066521686
-0.625825822353363,1.00236964225769,-0.692815780639648,1.22519048769295,-0.456308580426967,0.510976455486626
-0.698064625263214,1.06646144390106,-0.719922006130219,1.22037726548863,-0.402072150481102,0.470042059977247
-0.690642118453979,1.06211709976196,-0.715606093406677,1.21453698513659,-0.34828348208891,0.429850161027433
-0.634297609329224,1.01645338535309,-0.699264943599701,1.20854512971927,-0.297695914057957,0.392376789253321
-0.566969990730286,1.03983414173126,-0.722299635410309,1.20286938506309,-0.249200533945359,0.356966992695008
-0.528159499168396,1.13682246208191,-0.776418805122375,1.1975058908488,-0.199242124611888,0.321168916482576
-0.563244760036469,1.16401016712189,-0.786232054233551,1.19145598245505,-0.148677112659133,0.28560241404459
-0.637798607349396,1.14269077777863,-0.789941847324371,1.18376919698705,-0.0993390281364963,0.251032203073435
-0.70792019367218,1.14939868450165,-0.813886821269989,1.17440940329009,-0.051008975296685,0.217495065851227
-0.699170887470245,1.03012824058533,-0.836375117301941,1.16404666846751,-0.00463701342336801,0.184758642983902
-0.531767547130585,0.864697217941284,-0.843993365764618,1.15478310007147,0.0378132539495624,0.153512552216253
-0.207639753818512,0.781834006309509,-0.863326847553253,1.14917699684588,0.0782420541277014,0.122507166282628
0.095222644507885,0.780245959758759,-0.890194416046143,1.14789240246658,0.119362357455714,0.0902341085247888
0.231723770499229,0.774116933345795,-0.902128517627716,1.14900899981544,0.161770895467975,0.0565930877490319
0.142317980527878,0.675958693027496,-0.911350548267365,1.14928718494879,0.203721597048473,0.0224382495182536
-0.0133629543706775,0.455898553133011,-0.893356084823608,1.14677046149931,0.241400151548793,-0.0100264267576553
-0.0721298605203629,0.208340391516685,-0.868350625038147,1.14254271031256,0.273479628428635,-0.0404652832529436
-0.0497095100581646,0.0663763284683228,-0.869412660598755,1.13787377315204,0.301534094129492,-0.0696927118666669
0.0827776938676834,0.0741935074329376,-0.910194754600525,1.13420820032364,0.33034269165154,-0.100425113233537
0.205923333764076,0.171769857406616,-0.981920599937439,1.131715414907,0.363034847566202,-0.13434128512552
0.236402943730354,0.240532949566841,-1.0574814081192,1.12919494838462,0.399936465267719,-0.171351361532542
0.201449751853943,0.185357570648193,-1.08019065856934,1.12555348140275,0.437013442623827,-0.208857072285093
0.196154847741127,0.0142995472997427,-1.07932567596436,1.12102837048342,0.4714303263667,-0.245751414881626
0.218324333429337,-0.168655887246132,-1.05052626132965,1.11636225866147,0.501836081457865,-0.281384397133349
0.261527061462402,-0.254106909036636,-0.992659449577332,1.11205927300818,0.528908323439416,-0.315515756482613
0.319313138723373,-0.262555778026581,-0.898309528827667,1.10870922226463,0.553892535817302,-0.347787104822925
0.332486987113953,-0.271958857774734,-0.820270359516144,1.10606789725414,0.576621028121495,-0.377675431907182
0.362472593784332,-0.379824876785278,-0.712315440177917,1.10416984943498,0.595960447696975,-0.404958095233224
0.476685464382172,-0.616959929466248,-0.606076061725616,1.10403351868633,0.610850145250715,-0.430676543529009
0.630867063999176,-0.755001962184906,-0.564626097679138,1.10617821470909,0.623895224901454,-0.457482150931206
0.719487726688385,-0.736042618751526,-0.585390746593475,1.10954071031864,0.638904265396937,-0.487064465239186
0.714114010334015,-0.624473512172699,-0.583179771900177,1.11283129945518,0.656426071176358,-0.517727193865083
0.66692703962326,-0.488733530044556,-0.55238139629364,1.11568304789538,0.674974297088101,-0.547351714347431
0.606679677963257,-0.375504702329636,-0.48965060710907,1.11815815227926,0.693318094313961,-0.574635068971827
0.503436625003815,-0.369034290313721,-0.381381392478943,1.12025702386351,0.708560042661673,-0.597649204273726
0.430067360401154,-0.482906520366669,-0.274104475975037,1.12228884271313,0.718289621301537,-0.615805573852539
0.524171233177185,-0.591188013553619,-0.187092617154121,1.12554153067948,0.724698233215656,-0.632289958503451
0.766668021678925,-0.605067312717438,-0.134266152977943,1.13164065284762,0.733576157711372,-0.652226478084809
1.00562465190887,-0.62413877248764,-0.0419524796307087,1.14125282793744,0.74652410254408,-0.676647604556612
1.15085244178772,-0.720740675926208,0.0475393198430538,1.15361113841488,0.761092824067865,-0.704022827611616
1.16536796092987,-0.754133522510529,0.0945920497179031,1.16712993487724,0.775958932031441,-0.73249763786902
1.06836760044098,-0.716839671134949,0.0972019508481026,1.17992647637883,0.790364979493062,-0.760160505756955
0.974579393863678,-0.590790390968323,0.0956482589244843,1.19143893669936,0.804772898323272,-0.786099811116873
0.974548518657684,-0.503074645996094,0.0968024730682373,1.20246094966572,0.821311906992701,-0.81229824977317
1.06898844242096,-0.537935435771942,0.143305540084839,1.21432560732542,0.840421886368663,-0.841021244819724
1.24255466461182,-0.638297736644745,0.160355091094971,1.22780178670445,0.863625901778601,-0.875489620679027
1.39836370944977,-0.635933339595795,0.133603110909462,1.24248396464088,0.894755903569626,-0.91878463025673
1.38144993782043,-0.501680731773376,0.114401705563068,1.25681020231056,0.933400925562778,-0.968304285867503
1.19585311412811,-0.39241549372673,0.132526129484177,1.26934927543904,0.972734803571234,-1.01607034595963
0.990999937057495,-0.424844294786453,0.163201481103897,1.2800065843528,1.00580785807336,-1.05707768647099
0.943996489048004,-0.466774165630341,0.177806258201599,1.28970722002188,1.03559562997976,-1.09519367085987
1.06639528274536,-0.553888261318207,0.196672081947327,1.299740260729,1.06973293567236,-1.13888915975257
1.21320605278015,-0.632400155067444,0.226384967565536,1.31079717069621,1.11238806897542,-1.1925983598297
1.25638866424561,-0.704844772815704,0.286401450634003,1.32220684913378,1.16138725521285,-1.25387368411052
1.21677231788635,-0.746132850646973,0.431348770856857,1.33453644639762,1.21136216669096,-1.31670504130982
1.1393883228302,-0.653341114521027,0.504627764225006,1.34724636582576,1.26146721105156,-1.37895250232862
0.98375803232193,-0.434945642948151,0.504898846149445,1.35905175885635,1.31239953257002,-1.43900316914556
0.761648774147034,-0.204711645841599,0.42999055981636,1.36867915323078,1.35877605109541,-1.49067401868321
0.660456120967865,-0.147951155900955,0.424048513174057,1.37673685192577,1.40073514359601,-1.53568251595376
0.774248480796814,-0.228927761316299,0.574226260185242,1.38600872375539,1.44819185601971,-1.58690419727126
0.978336334228516,-0.406528383493423,0.759071469306946,1.39771273621382,1.51315904661672,-1.65828588631507
1.12822723388672,-0.605611681938171,0.927523374557495,1.41108647193707,1.60128443886351,-1.75585082931478
1.14755570888519,-0.705847203731537,1.03541660308838,1.42471325443296,1.71166732523268,-1.87785030923891
1.04791080951691,-0.70288097858429,1.09778249263763,1.43725480265501,1.83804614673306,-2.01626918814573
0.952040314674377,-0.724543929100037,1.21675181388855,1.44903744780475,1.98179468986619,-2.17210629824658
0.876590549945831,-0.703101217746735,1.31453669071198,1.45964196549,2.15196719867246,-2.35424588361975
0.800677418708801,-0.628963351249695,1.3418835401535,1.46754729730042,2.35061987314368,-2.56402028176297
0.711318731307983,-0.46405827999115,1.32010531425476,1.47153157753653,2.56500171012884,-2.78740505151499
0.579265892505646,-0.305403113365173,1.30658710002899,1.47205301313975,2.78024971824717,-3.00908267000911
0.424760729074478,-0.140099883079529,1.30147325992584,1.47010344561401,2.98579558087968,3.06457685240948
0.260450094938278,-0.04499601572752,1.3229261636734,1.46658966813432,-3.10382272669137,2.8689366159853
0.240363478660583,-0.070345051586628,1.42743277549744,1.46032635037511,-2.91661414040606,2.67985785409557
0.373231768608093,-0.222807556390762,1.59154796600342,1.44860119021465,-2.74328467768064,2.50289940465849
0.519946932792664,-0.392655730247498,1.75680410861969,1.43056081739741,-2.59958312242333,2.35275557717198
0.541876196861267,-0.470446914434433,1.81026911735535,1.40847270016374,-2.48975804535938,2.23472277420811
0.379348516464233,-0.450483590364456,1.75156080722809,1.38619426089754,-2.40371235872691,2.14045577710463
0.146092101931572,-0.35479062795639,1.61450445652008,1.36626522200736,-2.33074136949338,2.06009987976374
-0.0232950691133738,-0.232296675443649,1.48429775238037,1.34888344716761,-2.26549282221164,1.98913501841905
-0.0872279778122902,-0.126523911952972,1.35903215408325,1.33295417879237,-2.20856626634531,1.92815553908092
-0.139098092913628,0.0666852444410324,1.19227993488312,1.3186307976557,-2.15931900367419,1.87734475733141
-0.270086765289307,0.25609964132309,1.05598104000092,1.30646415338141,-2.11231661038277,1.83174868698119
-0.469810515642166,0.410434067249298,0.982211351394653,1.29634115596101,-2.06069102324797,1.78394076154722
-0.66662472486496,0.443665266036987,0.944652795791626,1.28745233506412,-2.00340204965115,1.73123853054783
-0.854062020778656,0.432588636875153,0.93274313211441,1.27921665609427,-1.94108087317286,1.67313126586166
-0.939985990524292,0.361945360898972,1.01221358776093,1.26987862506133,-1.87603785706685,1.61134406216301
-0.878943145275116,0.336122304201126,1.10015964508057,1.25807988272867,-1.81594579816011,1.55359728393876
-0.834508001804352,0.337182760238647,1.13676106929779,1.2441811105692,-1.76222628292568,1.50232118769932
-0.853999435901642,0.418027818202972,1.04807138442993,1.23020883647216,-1.71255157592464,1.45584594491284
-0.921512961387634,0.569518804550171,0.965546905994415,1.21697904800121,-1.6628291130192,1.4112291628645
-0.99993485212326,0.726625621318817,0.911792576313019,1.20395693583906,-1.6114591313365,1.36725381618335
-1.13046681880951,0.852522015571594,0.846988797187805,1.19113468487652,-1.55708842873811,1.3220333280294
-1.30293154716492,0.949606955051422,0.825670063495636,1.17778301093105,-1.49858965470914,1.27386583293505
-1.40477418899536,0.94657576084137,0.773741602897644,1.16380621536236,-1.43812294000276,1.22380382803434
-1.35707414150238,0.959937930107117,0.680082499980927,1.14982602214994,-1.38106885151153,1.17715446340439
-1.27477526664734,1.01722705364227,0.527952611446381,1.1371116457807,-1.32831840908861,1.13559124214172
-1.27579522132874,1.0847795009613,0.398786634206772,1.12569121505558,-1.27684539664171,1.09643417618501
-1.34663474559784,1.15624487400055,0.333249419927597,1.11442956884741,-1.22434679450777,1.05699743357845
-1.50194025039673,1.22828340530396,0.300270974636078,1.10209580252485,-1.1690596419628,1.01547320937147
-1.66921818256378,1.32587862014771,0.173257365822792,1.08881532933282,-1.10937440992295,0.970233044650746
-1.71091210842133,1.40825688838959,-0.0576168596744537,1.07635045714681,-1.04616801970091,0.92217046906715
-1.57817137241364,1.43369328975677,-0.250033438205719,1.06584128154841,-0.983582942552592,0.875341307383391
-1.36175537109375,1.45253491401672,-0.384241312742233,1.0575284954319,-0.924852748522034,0.833051671358897
-1.12651062011719,1.4195271730423,-0.476726502180099,1.05150686719437,-0.870754195036864,0.795731933057491
-0.929611921310425,1.29574847221375,-0.568482518196106,1.04773300422907,-0.821804373225075,0.762583399035951
-0.827479720115662,1.17021536827087,-0.668332457542419,1.04563376012392,-0.776184268593185,0.730858677176762
-0.776619970798492,1.10671412944794,-0.755638837814331,1.04442551652093,-0.73133085250827,0.698626854862502
-0.720751404762268,1.05095767974854,-0.806593656539917,1.04376680101406,-0.687287489089491,0.666274075356537
-0.748649597167969,1.10903632640839,-0.908176183700562,1.04317597782332,-0.641715189769972,0.632353662414752
-0.810704708099365,1.22144711017609,-1.00458741188049,1.04196374218163,-0.591529959381444,0.594894950221723
-0.751584649085999,1.24576091766357,-1.06398606300354,1.04041087849574,-0.539092412848922,0.555970484374896
-0.527616560459137,1.12439668178558,-1.08294081687927,1.04039046034181,-0.489587769702245,0.519047299375351
-0.329099714756012,1.00199830532074,-1.11594593524933,1.04265713754353,-0.444573523224425,0.48473798723392
-0.352756083011627,0.9024458527565,-1.33299827575684,1.0458864125043,-0.396092973714701,0.445427461820149
-0.370228826999664,0.694906532764435,-1.27884936332703,1.0479366774372,-0.349706043130651,0.404762688139692
-0.299026012420654,0.927456676959991,-1.26320540904999,1.04923027027855,-0.303514593866616,0.365809518030283
-0.142386585474014,1.07765018939972,-1.38912868499756,1.05197002380648,-0.252054031851644,0.324763340355735
-0.0730221569538116,1.02962040901184,-1.39940476417542,1.05548923410442,-0.199530573245288,0.282576318989973
-0.0999632254242897,0.896758675575256,-1.36126351356506,1.05771175999816,-0.148867225251734,0.240733780057547
-0.0691371336579323,0.819786131381989,-1.35045909881592,1.0589044659819,-0.100232328264754,0.199288851164109
0.0371674671769142,0.907574832439423,-1.44579970836639,1.0605270626837,-0.0494518407940761,0.15606279322755
0.062689870595932,1.06167280673981,-1.56616389751434,1.06198759137474,0.0072000822182934,0.108774022485587
-0.103971280157566,0.988020122051239,-1.51498913764954,1.06059435839742,0.0642542155874413,0.0611694433418415
-0.313821971416473,0.913828194141388,-1.39894878864288,1.0549247244607,0.115942057354484,0.0180292735841238
-0.336495339870453,0.833994388580322,-1.36286354064941,1.04678648991927,0.16327680738345,-0.0215399974002498
-0.00291523803025484,0.817211627960205,-1.36818671226501,1.04095964137052,0.209583216751684,-0.0610436296949632
0.449985921382904,0.912472128868103,-1.3736914396286,1.04060701775793,0.258855225577393,-0.102847355770297
0.739401519298553,1.0575031042099,-1.32894706726074,1.04441025038148,0.312231770615512,-0.147075712441196
0.864108264446259,1.05968689918518,-1.21065592765808,1.04985016989426,0.366605842365708,-0.191029348635916
1.01103568077087,0.860478937625885,-1.068922996521,1.05675812535225,0.417373263394905,-0.233351884123588
1.21567153930664,0.677584528923035,-1.06884038448334,1.06551573910583,0.46756991441549,-0.278129065305035
1.24090957641602,0.447052806615829,-1.02404820919037,1.07472847335455,0.517341043521496,-0.325795931125857
0.977907538414001,0.243116974830627,-0.919161200523376,1.08126929197796,0.560427153122505,-0.369524323829711
0.690648078918457,0.122514128684998,-0.845321297645569,1.08398707620702,0.595234859305895,-0.406186611987993
0.621489226818085,-0.0212140083312988,-0.853388547897339,1.08432414318441,0.625679420843135,-0.44001813351872
0.86594694852829,-0.0756948292255402,-0.902047693729401,1.08564881794178,0.657766586009388,-0.477603538144231
1.1663259267807,0.130179241299629,-1.01630163192749,1.08900122553437,0.699518326325107,-0.524095563324504
1.25738227367401,0.464005947113037,-1.08052742481232,1.09242415229223,0.751853198320428,-0.577052400220326
1.08853709697723,0.605848789215088,-1.02915453910828,1.0936452063153,0.806158655320434,-0.628331379525246
0.878208100795746,0.581747174263,-0.859668850898743,1.0929617886953,0.853561285801178,-0.671591123744854
0.765560150146484,0.228253617882729,-0.640745282173157,1.09234351274034,0.890105105866621,-0.706407008743992
0.880092024803162,-0.156765967607498,-0.444939017295837,1.09406249633126,0.917423283869597,-0.737846300084479
1.15536832809448,-0.283249884843826,-0.35997086763382,1.09896676264239,0.945021795166261,-0.773352609239905
1.3346848487854,-0.207413971424103,-0.39610943198204,1.10549050431573,0.979102345084453,-0.815656122345599
1.28004574775696,-0.0354656502604485,-0.489209830760956,1.11035847242929,1.01862544586987,-0.861390910846855
1.06512045860291,0.0996218621730804,-0.529989719390869,1.11228339918107,1.05739890331447,-0.903767564217476
0.930782377719879,0.215706661343575,-0.402591049671173,1.11314170281105,1.09257913731871,-0.939882602486318
1.04500210285187,0.291462421417236,-0.305655181407928,1.11520568821585,1.128322359065,-0.975241928913608
1.2721780538559,0.212935104966164,-0.204932808876038,1.11932729812465,1.16884778040249,-1.0160752728127
1.37286758422852,0.0796060785651207,-0.139262452721596,1.12462227936097,1.21185449650169,-1.06181719599708
1.27962875366211,0.106353268027306,-0.078967422246933,1.12987126119686,1.25365285538344,-1.10665620923592
1.14809548854828,0.135409161448479,-0.0263950265944004,1.13439762600264,1.29235549870915,-1.14724385628853
1.18668150901794,0.210430145263672,0.0679123029112816,1.13944240951613,1.33100514103921,-1.18687116237341
1.41173851490021,0.347359240055084,0.161357298493385,1.14551233034439,1.3774810555016,-1.23282705517032
1.7095947265625,0.390179395675659,0.340621590614319,1.15360262286582,1.43493418420011,-1.28962630079176
1.91318333148956,0.449351370334625,0.454142034053802,1.1627572877239,1.50337814838892,-1.35723700742987
1.93926048278809,0.570821821689606,0.515306293964386,1.17113463863477,1.57927233093051,-1.43140000284489
1.77403151988983,0.635527372360229,0.520703494548798,1.17768899639222,1.6556126724076,-1.50369938211517
1.5678288936615,0.620596885681152,0.583426773548126,1.18305834241074,1.72689893166379,-1.57075802210234
1.32983112335205,0.655526459217072,0.625704228878021,1.18824508099042,1.79219950202672,-1.63074458177273
1.21385157108307,0.636491775512695,0.6067755818367,1.19255107525564,1.85295463097556,-1.68565413618419
1.2254935503006,0.540124773979187,0.618504106998444,1.19562833951808,1.91277098075126,-1.74071669620151
1.27587628364563,0.420161843299866,0.709492087364197,1.19818803040134,1.97402605450861,-1.79905366043979
1.26568734645844,0.317712187767029,0.780879735946655,1.20047669331905,2.03639748299777,-1.8603758763753
1.17904269695282,0.246867030858994,0.820829808712006,1.20251640561096,2.09680450385981,-1.92080712153073
1.08083271980286,0.263681441545486,0.840499341487885,1.20437622375679,2.15485700841018,-1.97893396933333
0.986667096614838,0.256787300109863,0.885803461074829,1.20625479952843,2.2111541999387,-2.03495030273798
0.911509811878204,0.150298148393631,0.953560650348663,1.20853241079008,2.26596399023703,-2.09046427278898
0.858781337738037,-0.0570182912051678,1.01816046237946,1.21115054140078,2.31861700263676,-2.14656584905429
0.835509836673737,-0.180434763431549,1.00186777114868,1.21319172789684,2.36909604374195,-2.20285601533998
0.735641539096832,-0.266748607158661,0.970161736011505,1.21466390565994,2.41580773680952,-2.25649727438065
0.598078370094299,-0.312585353851318,0.983105778694153,1.21680131743384,2.45821735852587,-2.3065890492286
0.524132251739502,-0.329304397106171,1.03173565864563,1.21979096000447,2.49974276612028,-2.35604947580125
0.53925633430481,-0.323451578617096,1.13009417057037,1.22285600557797,2.54419699186245,-2.40863328520395
0.555685877799988,-0.308003634214401,1.20070314407349,1.22548502641117,2.59329723957365,-2.46575015172753
0.551858127117157,-0.394224286079407,1.27535212039948,1.22762790909042,2.64491752344785,-2.5263841986767
0.515138983726501,-0.481454789638519,1.33376634120941,1.22950841377586,2.69802693118955,-2.59002437757923
0.472734272480011,-0.490043759346008,1.30891859531403,1.23094187572027,2.75035069184391,-2.65349768824954
0.456646382808685,-0.416916817426682,1.19674777984619,1.231109414674,2.79992440512411,-2.71317118529597
0.397057354450226,-0.340445727109909,1.06293785572052,1.23030601930122,2.84480051257116,-2.76659248194317
0.244623064994812,-0.246125102043152,0.944561302661896,1.23001777222848,2.8842510801103,-2.81286461122301
0.0712036192417145,-0.211894422769547,0.912495791912079,1.23138753359102,2.91986446388573,-2.85416387722168
-0.0947587192058563,-0.234446063637733,1.00430881977081,1.23494592696088,2.95682488748694,-2.8968600054494
-0.208675444126129,-0.266890555620193,1.11567425727844,1.24021399577465,2.99810514008064,-2.94470183057282
-0.244097620248795,-0.234087333083153,1.14431178569794,1.24581710675676,3.04309997746944,-2.99616646464436
-0.259199589490891,-0.203590676188469,1.16453528404236,1.25090220241638,3.09111842339396,-3.05020773063402
-0.282288670539856,-0.121407121419907,1.12174677848816,1.25549938538863,3.14085757954788,-3.1049670318189
-0.322922646999359,-0.0416443906724453,1.01369488239288,1.2597616158417,-3.09413981738112,3.12655568927295
-0.434320539236069,-0.0338240191340446,0.957443058490753,1.26460501619323,-3.04770903384243,3.07727895942789
-0.593187928199768,-0.0297600366175175,0.968161702156067,1.27090186208827,-2.99918575769368,3.02595776355243
-0.744835495948792,-0.153344556689262,1.00977313518524,1.27874297562896,-2.94661204372981,2.96942232951493
-0.830843925476074,-0.335453361272812,1.10194885730743,1.28702076199676,-2.88845424507543,2.90441269109593
-0.797045171260834,-0.44911789894104,1.13943600654602,1.29404837993473,-2.82595084731447,2.83278339695513
-0.688012421131134,-0.427106857299805,1.09958350658417,1.29857789802365,-2.76313525556414,2.76061201989709
-0.633885562419891,-0.322849959135056,0.999647736549377,1.30132288510061,-2.70314211584568,2.69269115812852
-0.620324730873108,-0.175047978758812,0.906967103481293,1.30333040836636,-2.64541026363902,2.62930757959572
-0.643099308013916,-0.0454151630401611,0.826848030090332,1.30521615213776,-2.58848117953643,2.56894618883275
-0.668417453765869,0.0563255809247494,0.79474413394928,1.30688223928416,-2.53102225123211,2.50979067400684
-0.752717435359955,0.0643779188394547,0.808087646961212,1.30827760235319,-2.47009411012622,2.4477685097081
-0.895524084568024,0.0174333099275827,0.811384618282318,1.31011106010906,-2.40381068495665,2.37975054216711
-0.998734354972839,-0.0460418052971363,0.795699119567871,1.31215194308479,-2.33321977119542,2.30630253523385
-1.03606224060059,-0.0956474393606186,0.800747454166412,1.31345229815703,-2.26033618090595,2.22972890837228
-1.0572235584259,-0.0967185571789742,0.783521056175232,1.31350137311362,-2.18693900380484,2.15219423959926
-1.18128657341003,-0.0131224682554603,0.711241781711578,1.31353175195975,-2.11029745534952,2.07224933800988
-1.3066314458847,0.0781872048974037,0.663525402545929,1.3137133602525,-2.02723957727129,1.98715075701537
-1.35001575946808,0.174571797251701,0.625958859920502,1.31303602993101,-1.94011140788899,1.89920126342145
-1.29638230800629,0.239065572619438,0.583651840686798,1.31085514926124,-1.85488218947532,1.81460551777234
-1.29700303077698,0.173842892050743,0.534456372261047,1.30750013877686,-1.77408273552286,1.73407056059199
-1.38404476642609,0.151322409510612,0.496488749980927,1.30320563524972,-1.69340964872255,1.65284120757034
-1.47291314601898,0.255303114652634,0.420186549425125,1.29820492814279,-1.60983742121321,1.56936992227757
-1.47296667098999,0.498304337263107,0.297607630491257,1.29297244660772,-1.5248324497665,1.48742801155148
-1.38527143001556,0.768815159797668,0.131839141249657,1.28831573440436,-1.44148512412764,1.41146932571172
-1.27345168590546,0.89002925157547,0.0141396792605519,1.28427478902503,-1.36254110507224,1.34260466153716
-1.17346704006195,0.907430052757263,-0.0877193063497543,1.2806548474887,-1.28871639740844,1.27990898138808
-1.06368589401245,0.880271375179291,-0.211986124515533,1.27791305388131,-1.22017795249731,1.22240488532317
-1.01556181907654,0.799185872077942,-0.351658791303635,1.2763984963481,-1.15466538456046,1.16697524903697
-1.00497794151306,0.773642182350159,-0.464821308851242,1.27561257544043,-1.08889083644138,1.11047535456881
-1.08009552955627,0.68273514509201,-0.524138450622559,1.27457121668376,-1.02061596776314,1.05047538757513
-1.26135349273682,0.55590957403183,-0.508354425430298,1.27105661557967,-0.948729391736363,0.984703046517477
-1.37762892246246,0.413626730442047,-0.490027070045471,1.26451915173439,-0.875846548776717,0.91562852121551
-1.36588633060455,0.248990371823311,-0.487976968288422,1.25618642943467,-0.807678981518366,0.84888548638153
-1.27208471298218,0.144586741924286,-0.488537818193436,1.24730805865026,-0.747694050831133,0.788397718638015
-1.16816198825836,0.153500333428383,-0.553000211715698,1.23892907779145,-0.692808172644653,0.732768589256128
-1.1096019744873,0.168854519724846,-0.670082330703735,1.23148865534637,-0.639000958832033,0.678425739895693
-1.15527760982513,0.222486600279808,-0.810232281684875,1.22406668195389,-0.582177357945219,0.621316670631654
-1.14240980148315,0.410129576921463,-0.946665346622467,1.21633012961738,-0.520544338457493,0.561117520941147
-1.03677606582642,0.560482084751129,-1.08893990516663,1.20942087034745,-0.455164498883909,0.499687549542151
-0.920421779155731,0.647500872612,-1.11479699611664,1.20315536104395,-0.39012022246018,0.440067472787711
-0.798329710960388,0.595216631889343,-1.06172347068787,1.1970843048224,-0.32985718260004,0.385487204218824
-0.685348868370056,0.504348516464233,-0.940396249294281,1.191119712062,-0.278064202259019,0.338414715033754
-0.61020028591156,0.469645917415619,-0.881202697753906,1.18529901296585,-0.232685212355822,0.297172797089922
-0.563335597515106,0.50732833147049,-0.879792869091034,1.17957970302908,-0.189269855988455,0.258269482554728
-0.512860417366028,0.529589653015137,-0.925365924835205,1.17398479694602,-0.145783959643695,0.219709848113989
-0.477290719747543,0.541087865829468,-0.972114503383636,1.16847061968262,-0.101806509520212,0.180761636163988
-0.492832362651825,0.527906835079193,-1.02242374420166,1.16245045861777,-0.0571955631025631,0.141012811809388
-0.555585503578186,0.484830170869827,-1.03462207317352,1.15496177664047,-0.0134111427471536,0.10144188483894
-0.566525280475616,0.504539728164673,-1.00263428688049,1.14625568024615,0.0280059377816041,0.064218614755632
-0.530545175075531,0.527252733707428,-0.974610447883606,1.13739747014676,0.0671703995425814,0.0297781123156391
-0.485584855079651,0.552899777889252,-0.998856365680695,1.12855388921937,0.105775722494312,-0.00374731862477502
-0.403686255216599,0.545019745826721,-0.981243848800659,1.12016190703677,0.143319441672043,-0.0361603582303102
-0.2625992000103,0.523070275783539,-0.907725155353546,1.11325930661596,0.17826583550334,-0.0661295999039647
-0.105565875768661,0.423113822937012,-0.827771723270416,1.10846100727325,0.209842200792657,-0.0936064065863142
0.0217726342380047,0.322132349014282,-0.764032125473022,1.10556460878232,0.237983471916417,-0.119158223116136
0.106709361076355,0.314332216978073,-0.728244066238403,1.10402398949659,0.264595505720951,-0.143790474234929
0.139793276786804,0.404006451368332,-0.736484408378601,1.10290069352482,0.292295624601754,-0.168473880214143
0.231422528624535,0.391665607690811,-0.73483270406723,1.10230663929898,0.32100205194643,-0.193925119181517
0.403742879629135,0.380196452140808,-0.699547946453094,1.10360096815416,0.350190756496226,-0.220080727195546
0.591268599033356,0.334920585155487,-0.696237146854401,1.10736815511188,0.380477553955606,-0.248107325925061
0.662021279335022,0.262873023748398,-0.742839276790619,1.11219922354573,0.412648941527167,-0.279226345784503
0.604855239391327,0.15032385289669,-0.782837271690369,1.11593906051687,0.444832839371405,-0.31198172971027
0.561089634895325,0.130007654428482,-0.773530066013336,1.11840206685441,0.476033899690092,-0.344517079370646
0.635742843151093,0.202153488993645,-0.782585322856903,1.12078943806606,0.508497694250631,-0.377786614034019
0.84168666601181,0.398047089576721,-0.820568382740021,1.12467702048129,0.547145075328693,-0.415281336235587
1.09046995639801,0.654237568378448,-0.88491302728653,1.13035178074761,0.595900967321945,-0.45977778692
1.29418075084686,0.810143291950226,-0.910134255886078,1.1374085551975,0.654444798574448,-0.51150711596696
1.37786436080933,0.731003761291504,-0.850928962230682,1.14491402124653,0.716623500472752,-0.567208003753493
1.27997171878815,0.645407319068909,-0.742715656757355,1.15156165844434,0.775999308121519,-0.621163299208454
1.09597444534302,0.528700947761536,-0.657520651817322,1.1562878583365,0.829020509039446,-0.669840287360658
0.909956514835358,0.455245673656464,-0.586179852485657,1.15902371768738,0.875113485496913,-0.712257755273067
0.799547493457794,0.370630651712418,-0.50901848077774,1.16057521329601,0.914948154369681,-0.749185063854787
0.797842264175415,0.356944650411606,-0.435352236032486,1.16213260876641,0.951774607595173,-0.78355212292102
0.915847182273865,0.389024823904037,-0.40464973449707,1.16440574106749,0.990361252471521,-0.819430887221849
1.15565848350525,0.419243991374969,-0.411604315042496,1.16766130252883,1.0360643689986,-0.862440852337615
1.40339374542236,0.42704650759697,-0.349110573530197,1.17236932508889,1.09004671768453,-0.914085277813033
1.50795376300812,0.370802670717239,-0.240619793534279,1.17839795307984,1.14864013340954,-0.971120484847239
1.44723653793335,0.272107809782028,-0.11829386651516,1.18470860201729,1.20558078704567,-1.02767479205188
1.31505239009857,0.143482729792595,0.0131496405228972,1.19109321559119,1.25661489120202,-1.07962298158533
1.3044764995575,0.0228596348315477,0.129372119903564,1.19800884141583,1.30373352663606,-1.12931684279522
1.42836141586304,0.0194888729602098,0.219884976744652,1.20580623382201,1.35426835163787,-1.18334865412109
1.60562252998352,0.0277148447930813,0.299008578062057,1.21416518032359,1.41331722115902,-1.24599961439704
1.7125678062439,0.0362691842019558,0.376607209444046,1.22256016836118,1.48034623068194,-1.3168858795718
1.79220545291901,-0.0115819610655308,0.410185426473618,1.23000615958265,1.5536733701035,-1.39456588613724
1.83095097541809,-0.0925628319382668,0.490456283092499,1.23633433394373,1.63119408601543,-1.47787207508016
1.81960666179657,-0.0953468978404999,0.569410443305969,1.24176931710392,1.71158607040213,-1.56445117387341
1.74979567527771,-0.0502971336245537,0.630943894386292,1.24600928901879,1.79299743996892,-1.65149009007752
1.615159034729,-0.0212819930166006,0.672816216945648,1.24912567873928,1.87276287994558,-1.73607233978998
1.37099027633667,-0.042762253433466,0.690430879592896,1.25159533808549,1.94502906711663,-1.8126813218884
1.13415586948395,-0.126998826861382,0.724051177501678,1.25426724619925,2.0072560697145,-1.87963789735856
0.995162010192871,-0.279796928167343,0.781735777854919,1.25754535488753,2.06205288132978,-1.94094274102728
0.988484919071198,-0.375954866409302,0.816841006278992,1.2608444347336,2.11537340099363,-2.00249861111788
1.06114852428436,-0.348273724317551,0.792777240276337,1.26256307110594,2.17142333486732,-2.06710669547089
1.12612223625183,-0.29010334610939,0.794325053691864,1.26231263194049,2.23099759443088,-2.13449962212637
1.12759172916412,-0.252905368804932,0.869130074977875,1.26122423093377,2.2933664699004,-2.20411546179832
1.07860207557678,-0.302939265966415,0.989444255828857,1.26024354590661,2.35720006942606,-2.27555712805709
0.965243518352509,-0.432525753974915,1.1615926027298,1.2605285868445,2.42122093524873,-2.34890236862181
0.898973405361176,-0.524564027786255,1.30952060222626,1.26197345274168,2.48751809051227,-2.4263452417237
0.849370181560516,-0.59326958656311,1.3785492181778,1.26326851521653,2.55485407389586,-2.50615439934389
0.818464994430542,-0.611525595188141,1.37939822673798,1.26357980198724,2.62225619538951,-2.58649656089656
0.787831962108612,-0.599629759788513,1.3482391834259,1.2625533146786,2.68768888242778,-2.66472365427508
0.738874018192291,-0.563702404499054,1.3404803276062,1.26044488350061,2.75124831540048,-2.74051535564534
0.657656669616699,-0.509041547775269,1.36563766002655,1.25793949462941,2.81384150661167,-2.81461811346464
0.58260452747345,-0.436951369047165,1.41648375988007,1.25534235446085,2.87716626502343,-2.8885018673621
0.485087156295776,-0.405850768089294,1.4778196811676,1.25276272631554,2.94146837628363,-2.96270028018124
0.366296052932739,-0.386573225259781,1.53580522537231,1.25052783664847,3.00692483382001,-3.03785053431195
0.238338068127632,-0.343684881925583,1.54462718963623,1.24862052869736,3.07223175117001,-3.11238008614421
0.0295039024204016,-0.306970536708832,1.54116940498352,1.24778585525709,3.13686297847302,3.09751981073265
-0.359745562076569,-0.248625710606575,1.57500696182251,1.25040291955829,-3.07942000901161,3.02273239355947
-0.775471985340118,-0.202160745859146,1.59050500392914,1.25768007709054,-3.00740391357362,2.94342946442178
-1.01204240322113,-0.108995921909809,1.58905839920044,1.26762517703734,-2.92758140207203,2.85738267980033
-1.05840492248535,0.046820305287838,1.52483141422272,1.27704816948847,-2.841167365676,2.76686274576762
-1.01173138618469,0.167349651455879,1.42379534244537,1.2842412446328,-2.75248377163567,2.67641009400901
-0.975048720836639,0.175566300749779,1.371710896492,1.28896637514045,-2.66385314131292,2.58694875705846
-0.987753331661224,0.108451716601849,1.36408627033234,1.29153215948387,-2.57447778328173,2.49594558009649
-1.03340661525726,0.121562719345093,1.34457862377167,1.29233176898553,-2.48383435146052,2.40342483028274
-1.1094057559967,0.191869914531708,1.25978302955627,1.29217947529723,-2.39239468452696,2.31089672595044
-1.15624809265137,0.315942049026489,1.12930679321289,1.29164869312895,-2.30224117231618,2.22139792555187
-1.15445125102997,0.449750691652298,1.04187572002411,1.29027946022636,-2.21363622352725,2.13557703444564
-1.08260107040405,0.550907969474792,0.986907541751862,1.28728651327765,-2.12876912124477,2.05537934070917
-0.996805191040039,0.611883997917175,0.922378599643707,1.28257173989035,-2.05023325258987,1.98283922104735
-0.943012475967407,0.635140299797058,0.862944304943085,1.27674240723116,-1.97832327294842,1.91768644095327
-0.959660172462463,0.634980797767639,0.816912591457367,1.27030120996333,-1.91052784846563,1.8567325961341
-1.08726024627686,0.66249680519104,0.785138428211212,1.26358923807197,-1.84176061318942,1.79497987148842
-1.27305030822754,0.673802495002747,0.705978631973267,1.25703122928443,-1.76844291132067,1.72851934201566
-1.43520855903625,0.745512902736664,0.603536427021027,1.25079254641136,-1.69023426909171,1.65749433091981
-1.53100788593292,0.901181042194366,0.465297073125839,1.24485916166896,-1.60832062045045,1.58455423957173
-1.59472501277924,1.03930485248566,0.31443327665329,1.23925710734505,-1.52374501199883,1.51104088367226
-1.59893703460693,1.16425180435181,0.183167114853859,1.23370682336638,-1.43849920682574,1.43876729797405
-1.5736266374588,1.27083897590637,0.0883862748742104,1.22783421571937,-1.35444118920307,1.36932223056802
-1.53678905963898,1.36882519721985,0.0160995647311211,1.22134463113566,-1.27232464079104,1.30335526103052
-1.49365139007568,1.35315537452698,-0.0423743985593319,1.2141042350149,-1.19332078668469,1.24107058415988
-1.43153238296509,1.30936372280121,-0.077257014811039,1.20618398885167,-1.11920782474777,1.18311507043613
-1.30714595317841,1.26283323764801,-0.165136530995369,1.19837161990357,-1.05084700178699,1.13047791424668
-1.11740911006927,1.22011291980743,-0.293170660734177,1.19230140535785,-0.988637125266556,1.08355431972701
-0.946102321147919,1.1744202375412,-0.385016143321991,1.18806442018512,-0.932094115226941,1.04204227461824
-0.836866617202759,1.05339562892914,-0.444232076406479,1.18506424939174,-0.880306416924326,1.00396032932273
-0.796223342418671,0.885295808315277,-0.456949204206467,1.18231165566457,-0.832719676604739,0.967900315918268
-0.869551837444305,0.744780480861664,-0.475720226764679,1.17869944129299,-0.786907058953732,0.931135231301026
-0.973505139350891,0.696274518966675,-0.528775215148926,1.17374928618688,-0.739419550525249,0.891188524803104
-1.01018249988556,0.69175112247467,-0.599505066871643,1.16804050922864,-0.689981340826779,0.848838335629506
-1.00031840801239,0.713194608688354,-0.63145923614502,1.16193382732322,-0.640513510798092,0.806493626427688
-1.06615042686462,0.684137403964996,-0.65754759311676,1.15483487203736,-0.591188938163879,0.764185444173118
-1.24492251873016,0.592817366123199,-0.683363735675812,1.14529356842798,-0.541271100742083,0.71983824449774
-1.4044771194458,0.460241436958313,-0.712299525737762,1.1326804760906,-0.491687853803829,0.673643826878781
-1.37343978881836,0.282452791929245,-0.722952663898468,1.11882165455906,-0.446320029537936,0.629044589290088
-1.2528600692749,0.102051071822643,-0.73729807138443,1.10565046924098,-0.40728264769589,0.588268552071982
-1.16747939586639,0.032271720468998,-0.75069534778595,1.09333731080793,-0.372890553273686,0.550362324670742
-1.09782683849335,0.0631047338247299,-0.796135306358337,1.08159826806203,-0.34002945514534,0.514049660895799
-1.01625692844391,0.16630382835865,-0.865989983081818,1.07069203714765,-0.306478071357067,0.478158721065271
-0.887476563453674,0.240485906600952,-0.850127696990967,1.06095081963509,-0.273346579471031,0.444098775471623
-0.732594013214111,0.258563697338104,-0.771139919757843,1.05261975246502,-0.243539136206688,0.41434492549064
-0.600905239582062,0.253867745399475,-0.720092952251434,1.04572554131674,-0.217163183630359,0.388363217077611
-0.481644034385681,0.268505543470383,-0.710759103298187,1.04018535363851,-0.192547149220518,0.36434163312225
-0.35988512635231,0.421496421098709,-0.747195959091187,1.03623133195463,-0.166993209158113,0.340873361179267
-0.267538696527481,0.676147639751434,-0.834987044334412,1.03363007072183,-0.13673965151155,0.316061449768988
-0.172190874814987,0.890841603279114,-0.899302423000336,1.03217688148394,-0.101599085453348,0.289575442415605
-0.114742755889893,0.993477404117584,-0.891351819038391,1.03133957795396,-0.0641475590145256,0.26296732974127
-0.145047932863235,0.973330318927765,-0.837101638317108,1.03006316182164,-0.0276577390380363,0.237747578899122
-0.258065015077591,0.920857787132263,-0.828276455402374,1.02689897605462,0.00719038142671763,0.213572399691146
-0.425171196460724,0.825184285640717,-0.847613096237183,1.02111425497722,0.0407704946767608,0.189479750050187
-0.587022423744202,0.646162569522858,-0.856317937374115,1.01230713856909,0.0713964184913245,0.166025779567885
-0.661435663700104,0.432041496038437,-0.870896577835083,1.00154952710997,0.0982915691827962,0.143254927586826
-0.632707357406616,0.219723910093307,-0.860239148139954,0.990409251328145,0.120943382369409,0.121365716655005
-0.46304452419281,0.138654887676239,-0.884847283363342,0.980729112438775,0.141374497303062,0.0997676344501464
-0.0876538753509521,0.14642359316349,-0.919777870178223,0.975308344208627,0.162767613909518,0.0764402744635405
0.376882642507553,0.248175784945488,-0.915588736534119,0.97619179969227,0.186920792148031,0.0511270767540012
0.682488858699799,0.268497824668884,-0.891153693199158,0.98231611652241,0.21352986500836,0.0241315561934657
0.755740702152252,0.114569790661335,-0.85558557510376,0.990375818579719,0.239129289847731,-0.0035252364907744
0.672326803207397,-0.094894215464592,-0.815751075744629,0.997578595305128,0.261442718094499,-0.0304909192593407
0.607186496257782,-0.229833915829659,-0.796015441417694,1.00334298017295,0.280547913097515,-0.0566211825899625
0.699994206428528,-0.322365969419479,-0.805114924907684,1.00934115482706,0.298850134502217,-0.0835674633500307
0.901866614818573,-0.320814937353134,-0.737585663795471,1.01777858585718,0.31752051105682,-0.111389347843498
1.10632407665253,-0.232931971549988,-0.724421679973602,1.02910702845449,0.338610113203976,-0.140850525201564
1.27488458156586,-0.088776133954525,-0.750951051712036,1.04253277715452,0.36493993030612,-0.173812902182946
1.43361961841583,-0.0851819291710854,-0.746711254119873,1.05757578529268,0.395657977407908,-0.210575039034956
1.61218988895416,-0.120414480566978,-0.694321572780609,1.07469587117074,0.428713469883125,-0.250226476274061
1.74087941646576,-0.169603601098061,-0.664697647094727,1.09347040869825,0.46465745119453,-0.29350762138724
1.68626010417938,-0.216817185282707,-0.631991863250732,1.11188235597525,0.502406021558997,-0.339208283258919
1.47776317596436,-0.32583287358284,-0.548016548156738,1.12784629827917,0.5377848533767,-0.383301770262753
1.19112634658813,-0.42668679356575,-0.423957973718643,1.14065634318938,0.566413959112059,-0.42154743466123
0.933199465274811,-0.475672960281372,-0.294321686029434,1.15064205008522,0.587339165891725,-0.452052887907663
0.873621881008148,-0.572251975536346,-0.180530160665512,1.15967022976659,0.601896673060644,-0.476902800498164
1.12925016880035,-0.511694073677063,-0.169196277856827,1.17092305609755,0.618950614626986,-0.504389963616942
1.55030763149261,-0.231216639280319,-0.193949297070503,1.18627693707491,0.649600528662507,-0.543093097885525
1.98619043827057,0.0828084051609039,-0.208961009979248,1.20603804626977,0.699641976998219,-0.597168629068234
2.33849883079529,0.271914958953857,-0.168036207556725,1.22909246781452,0.769653889399759,-0.668165618910547
2.53719091415405,0.396897107362747,-0.105745941400528,1.25349964841337,0.858334124028616,-0.756267799041557
2.40847969055176,0.495902508497238,-0.134252950549126,1.27500386557478,0.962185587281359,-0.857720891809146
1.87399566173553,0.48845100402832,-0.184727311134338,1.28942304023757,1.06392007415557,-0.955938285414552
1.0086829662323,0.337797313928604,-0.174483194947243,1.29595459859009,1.13599138844046,-1.02464857606265
0.174914956092834,0.0811417996883392,-0.11287522315979,1.29668962145204,1.16252274835608,-1.0495007229251
-0.184518843889236,-0.0479474738240242,-0.0715525522828102,1.29500806040211,1.15879605990984,-1.04591595983859
-0.087271124124527,-0.0301730055361986,-0.104010090231895,1.29281888277646,1.15287314491067,-1.04049101161402
0.289602905511856,0.173305287957191,-0.192137286067009,1.2916875264434,1.16528846339004,-1.05197297073523
0.589434683322906,0.44446861743927,-0.245455369353294,1.29122172586343,1.19960250547055,-1.08208920640298
0.735215842723846,0.636610627174377,-0.227230295538902,1.2914994585403,1.24713961383906,-1.1224676042794
0.633808493614197,0.732476472854614,-0.209639579057693,1.29146208371727,1.29546327253825,-1.16159023425822
0.383252710103989,0.648227334022522,-0.191060304641724,1.29034607570139,1.3321940592911,-1.18908653054904
0.233998775482178,0.555872917175293,-0.180374100804329,1.28860606838533,1.35678067822823,-1.20554293766108
0.317035317420959,0.367136538028717,-0.166136309504509,1.2868206595039,1.3788168233165,-1.22184177305805
0.51616495847702,0.304552257061005,-0.148883283138275,1.28580691249837,1.40772372033984,-1.24687841599388
0.647115290164948,0.220629394054413,-0.133162647485733,1.28502360175233,1.44328313909903,-1.28009440415762
0.740799129009247,0.102221518754959,-0.119854301214218,1.28438606862685,1.48230386455543,-1.31841552374373
0.872406423091888,-0.0637450814247131,-0.0550830289721489,1.28397805186409,1.52445302817431,-1.3625698745582
1.0865067243576,-0.103061594069004,0.0776324048638344,1.28481366874453,1.57449633165721,-1.41628060637128
1.26030886173248,-0.0513557866215706,0.185611873865128,1.28647122652434,1.6355601137441,-1.48109128454864
1.32425403594971,-0.0553638488054276,0.306705832481384,1.28855411802373,1.70337004245114,-1.55239653825689
1.3467915058136,-0.0928265377879143,0.411477774381638,1.2907859017175,1.77397841144691,-1.62711685255509
1.43078279495239,-0.197500750422478,0.558234453201294,1.29314907062094,1.84926541687736,-1.70794127348763
1.52524733543396,-0.28154531121254,0.725371241569519,1.2957007423444,1.9319147031358,-1.79773609864992
1.63418793678284,-0.327053666114807,0.820017337799072,1.29720636154092,2.02262190073438,-1.89691666347822
1.69223153591156,-0.321582198143005,0.884479165077209,1.29644543017713,2.11865238001714,-2.00182590144815
1.65635871887207,-0.237622603774071,0.963359296321869,1.29395667696253,2.21654750471254,-2.10776711036582
1.5088666677475,-0.193347811698914,1.01263892650604,1.29046050280974,2.31046345310008,-2.2085862289394
1.33723425865173,-0.200062707066536,1.02112805843353,1.28655993375151,2.39616190337716,-2.30090825369303
1.21535015106201,-0.185162857174873,1.06734132766724,1.28246107031428,2.47554511553743,-2.38662997387349
1.1282833814621,-0.169140219688416,1.1532975435257,1.27823256199206,2.55298295829527,-2.47017685774553
0.983389139175415,-0.190564811229706,1.27301621437073,1.27465467455289,2.62930026434715,-2.55279921198189
0.883827388286591,-0.222294241189957,1.32680451869965,1.27155118078718,2.70402904262009,-2.63424527248392
0.877209722995758,-0.256774961948395,1.35342717170715,1.26731837537206,2.77670521092705,-2.7142704091615
0.884447932243347,-0.269670277833939,1.37909305095673,1.26137227600979,2.84811897201171,-2.79337095817378
0.858996331691742,-0.307515382766724,1.36607444286346,1.25400661004118,2.91578845280127,-2.86914914542879
0.802606046199799,-0.378753870725632,1.35816168785095,1.24580609278637,2.97794265158367,-2.94028134314985
0.753597497940063,-0.40234363079071,1.35781979560852,1.23709787124316,3.03596722607908,-3.00794223364683
0.704769492149353,-0.402222722768784,1.33614265918732,1.22787618632993,3.08957615149768,-3.07122331800007
0.61721807718277,-0.398453027009964,1.35586869716644,1.21858004458871,3.14018974013716,-3.13143252799625
0.457082450389862,-0.404006510972977,1.39006531238556,1.21034985650164,-3.09375703840017,3.09279354719014
0.205221727490425,-0.424228698015213,1.43433082103729,1.20435666099418,-3.04498020186548,3.03391423080479
-0.103204280138016,-0.448458135128021,1.48890423774719,1.2016282594956,-2.99461588635173,2.97277242542352
-0.421866953372955,-0.431746244430542,1.4943243265152,1.20244114354702,-2.94170795583413,2.90898361657554
-0.725448369979858,-0.436857134103775,1.48166525363922,1.20659592812817,-2.88591406983416,2.84223521676777
-0.952617883682251,-0.371774256229401,1.50267970561981,1.21298805515602,-2.82482006407967,2.77050210632263
-1.12601637840271,-0.233618810772896,1.46537685394287,1.22047254428116,-2.75729685353483,2.69395676640222
-1.23364913463593,-0.0366854965686798,1.3388489484787,1.22854503103813,-2.68556146138945,2.6160350297133
-1.26037466526031,0.154493778944016,1.22138547897339,1.23625018712457,-2.61125835286505,2.53875590560187
-1.2478940486908,0.286069393157959,1.13081777095795,1.24272470531039,-2.53535405285508,2.46244175196972
-1.32004582881927,0.260246008634567,1.09614741802216,1.24822898968139,-2.45711777630158,2.38434779340573
-1.44312405586243,0.103530190885067,1.03965747356415,1.25345507496905,-2.37634900182675,2.30186399593275
-1.52633273601532,-0.0438957437872887,0.932172954082489,1.25853986805329,-2.29507666645531,2.21630515359423
-1.56946098804474,-0.0912129282951355,0.747084856033325,1.26389582723369,-2.21530098826986,2.13132144070235
-1.58832705020905,-0.0518849603831768,0.587871491909027,1.26959198861797,-2.1366089191191,2.04771884915296
-1.60426926612854,0.0352294333279133,0.458627700805664,1.27512962766158,-2.05645558855757,1.96395741176525
-1.56035459041595,0.156593948602676,0.307379335165024,1.28052881855715,-1.97583272168543,1.88149979792111
-1.45349717140198,0.307929128408432,0.146957963705063,1.28573777577399,-1.89744454904884,1.80384525178988
-1.33517718315125,0.410642981529236,0.0175347290933132,1.29081816930392,-1.82257741573287,1.73185476011253
-1.20320844650269,0.467940360307693,-0.0872808992862701,1.2956265721255,-1.75211501564453,1.6656349474748
-1.08808660507202,0.501378774642944,-0.214657232165337,1.30062977360652,-1.68622310310823,1.60489856299015
-1.04799067974091,0.525056123733521,-0.414085924625397,1.30707702362581,-1.62209011848394,1.54649519455548
-1.0779333114624,0.483934760093689,-0.645005404949188,1.31595052346587,-1.55442654670419,1.48439647149342
-1.08043277263641,0.339534997940063,-0.720990717411041,1.32577577582222,-1.48248214585888,1.41629702106504
-1.08089530467987,0.136268436908722,-0.662454962730408,1.33393539048714,-1.40805110599126,1.3429078426612
-1.10372185707092,-0.116702571511269,-0.604113638401031,1.33981346694802,-1.33299505657724,1.26535961424425
-1.20095646381378,-0.30121785402298,-0.568616330623627,1.34338874038916,-1.25418275246663,1.18055796379361
-1.26591634750366,-0.49148365855217,-0.568158268928528,1.34480225787029,-1.17111819928989,1.08878843732354
-1.252157330513,-0.606257915496826,-0.554298102855682,1.34424812999164,-1.08939362448911,0.995985157843738
-1.12359809875488,-0.593207597732544,-0.633547961711884,1.34329712027384,-1.01270738639095,0.907876664363959
-0.884691715240479,-0.356921851634979,-0.786618947982788,1.34425028920255,-0.940288280083013,0.826527779813291
-0.523781776428223,0.0350075922906399,-0.882140159606934,1.34840152944071,-0.873106615480384,0.756108348654296
-0.143148139119148,0.387094527482986,-0.916697323322296,1.35593312561708,-0.814579953801285,0.700441878713126
0.176762491464615,0.6517653465271,-0.950667560100555,1.36679214175859,-0.763107037083537,0.65650868383966
0.40918293595314,0.822727739810944,-0.96927934885025,1.38031242958302,-0.714995256364348,0.61936794295953
0.540278077125549,0.79393470287323,-0.971659123897552,1.39551290917922,-0.667877499590807,0.584163529719052
0.521169662475586,0.391225606203079,-0.968976259231567,1.4108755981762,-0.619488507990119,0.543119892041501
0.279611378908157,-0.0131873684003949,-0.873759210109711,1.42319417934748,-0.564513122687958,0.489140866684898
-0.0176139138638973,-0.0826330184936523,-0.758282423019409,1.43031365348679,-0.498580842713149,0.421213095297983
-0.213737890124321,0.0488938465714455,-0.633406281471252,1.43268239696247,-0.426049733307445,0.347998773817087
-0.278728067874908,0.146191105246544,-0.515186965465546,1.43216582113937,-0.357904335401683,0.280976224175731
-0.213451862335205,0.237294644117355,-0.427098125219345,1.43092499571998,-0.300351274705002,0.226002368280304
-0.0859548896551132,0.363581210374832,-0.38769719004631,1.43063329052175,-0.251293034728004,0.181349902352477
0.0183531418442726,0.409709006547928,-0.375225603580475,1.43175795689106,-0.204719189663128,0.140535746480735
0.0796236917376518,0.329615235328674,-0.311895102262497,1.43361290851989,-0.165035681279405,0.105972390175089
0.101375326514244,0.254096001386642,-0.238137260079384,1.43564037514035,-0.134075418165133,0.0789597783368167
0.115898869931698,0.226111769676208,-0.192147120833397,1.4376419499895,-0.109443153725228,0.0575933667043075
0.148292765021324,0.279388815164566,-0.120329134166241,1.43989709978251,-0.0908413812854015,0.0427826253723101
0.15413761138916,0.386872947216034,-0.0603781789541245,1.44222702998766,-0.0781971575523232,0.0351863664274751
0.168001219630241,0.490737557411194,-0.0644576102495193,1.44469153135452,-0.065746868673237,0.0298513131113702
0.167049407958984,0.445201754570007,-0.0762564763426781,1.44724354937711,-0.0508723032796009,0.0219288041684031
0.144597887992859,0.41070744395256,-0.0668246299028397,1.44961465251392,-0.0367019622057568,0.0139136961303231
0.0702371150255203,0.437992841005325,-0.0939808785915375,1.45103454232288,-0.0202120064029445,0.00374178725102231
0.0105564706027508,0.444778859615326,-0.0932943150401115,1.45143849976431,-0.00140291819309975,-0.00843617084608845
-0.0291944034397602,0.369374096393585,-0.0541117563843727,1.45111814033887,0.0123646117767963,-0.0161645506305965
-0.00608216039836407,0.230877235531807,-0.0124466046690941,1.45084790243486,0.019408368862164,-0.0190357970038193
0.0491853542625904,0.11809927970171,0.00702536385506392,1.45131998024733,0.020941786392047,-0.0183406515217185
0.0527973994612694,0.0961811989545822,-0.0399639829993248,1.45219752980939,0.0251452941366907,-0.0210722005157156
0.00318777048960328,0.116707779467106,-0.0947334915399551,1.45253254297632,0.0362994039664869,-0.0306677687899032
-0.0359045043587685,0.129687756299973,-0.133422300219536,1.45207044055017,0.0532578193271129,-0.0458759178346617
-0.0285275466740131,0.15893380343914,-0.124801650643349,1.45143944412145,0.0715530562954128,-0.0620496870078874
0.0136382803320885,0.153591230511665,-0.0722015500068665,1.45135631066551,0.0851723011269765,-0.0733423755864262
0.0281636938452721,0.0801332592964172,-0.0251882318407297,1.45171465260683,0.0917139395238157,-0.0782693823813788
0.00588661804795265,-0.0194266214966774,-0.0339750647544861,1.45193172813291,0.0950629176773602,-0.0815512198336334
-0.0372147783637047,-0.0498854592442513,-0.100500300526619,1.45153559446997,0.103065205208585,-0.0902912961369036
-0.0878401398658752,-0.0423758774995804,-0.160629153251648,1.45024693797067,0.118824640236588,-0.10687978576298
-0.116656601428986,-0.00215176166966558,-0.156504973769188,1.44829412891983,0.137207403670303,-0.125676817117486
-0.11098700761795,-0.0158228315412998,-0.0731789320707321,1.44636006283992,0.148146778885373,-0.136708959429051
-0.0542643368244171,-0.108717083930969,0.0232168510556221,1.44524012924159,0.146734766280518,-0.136458152661416
0.0478854663670063,-0.141598597168922,0.0409364625811577,1.44555148035865,0.140070571116042,-0.131829352099999
0.0994599759578705,-0.067393884062767,-0.00991819892078638,1.44695925781139,0.13873526049243,-0.131937650004697
0.0562800168991089,-0.0436715073883533,-0.0689146742224693,1.44801014860976,0.145470056377837,-0.13940050099508
-0.0140460766851902,-0.0390061810612679,-0.069367416203022,1.44803882426029,0.153634310399626,-0.14827111230033
-0.0516792051494122,-0.060278981924057,-0.0301177445799112,1.44728051271664,0.157464627808776,-0.152891007128713
-0.0615342333912849,-0.118539087474346,0.00180024199653417,1.44633508621584,0.156128005265883,-0.153019911501837
-0.0476916544139385,-0.156493127346039,0.00398882757872343,1.44549688010567,0.152343585394596,-0.15141899247739
-0.00400116667151451,-0.171860367059708,0.00425780704244971,1.44517272443668,0.148744800513715,-0.150366819918293
0.0588396340608597,-0.10718297213316,0.00579805206507444,1.44577711517932,0.14664170861339,-0.150234022276751
0.0650440007448196,-0.0594620555639267,0.0261770933866501,1.44682925625004,0.144706469796089,-0.149416795783029
0.0264446754008532,-0.0299033652991056,0.0526547729969025,1.44754927410267,0.13964913872614,-0.144889702991225
-0.0218746531754732,-0.0391975343227386,0.0950507000088692,1.44768090260434,0.129401144447461,-0.135048004353544
-0.113318555057049,-0.0984249040484428,0.0741060003638268,1.44663138285272,0.116685471874152,-0.123350595561845
-0.139456942677498,-0.236098870635033,0.0204012300819159,1.44454506365477,0.107161285074074,-0.116604721117007
-0.0360554531216621,-0.30590832233429,0.0178009197115898,1.44340039791784,0.100011214435623,-0.113883748616416
0.0531679019331932,-0.22388082742691,0.0483654849231243,1.44392338654065,0.0920814534040418,-0.109767900211356
0.0319124087691307,-0.106883101165295,0.0387306995689869,1.44466405971952,0.0848601607186966,-0.10475484579991
0.00772504974156618,-0.00518656894564629,-0.000841740984469652,1.4449219750084,0.0832699047585016,-0.10373425004046
0.0208770707249641,0.061659574508667,-0.0444776378571987,1.44513059345349,0.0882824167550095,-0.108077131095724
0.0202099494636059,0.0711697265505791,-0.0903958603739738,1.44541160805056,0.0983192605211992,-0.117148438437979
0.0166125521063805,0.0588816329836845,-0.166258126497269,1.44544327943148,0.116405925525397,-0.134420067238262
