0.0420574098825455,-0.0295616053044796,-0.0544263273477554,0.000414118900276053,9.15836924154749e-05,-0.000531421496598485
0.049811203032732,-0.0925695970654488,-0.0864774733781815,0.00118110356799632,-0.000855658184974465,-0.0017170309432371
0.0114212045446038,-0.118353255093098,-0.0824805945158005,0.00157311764103764,-0.00240671092688152,-0.00304960625903906
-0.035857331007719,-0.0800042301416397,-0.0389653369784355,0.00123415897050023,-0.00374412793551529,-0.00387185040411609
-0.0468998625874519,-0.0212564915418625,0.00374004920013249,0.000514624737434938,-0.00434391595803947,-0.00400928115933071
-0.0195225663483143,0.0177843850106001,0.040267962962389,8.67572368995206e-05,-0.00428293621321811,-0.00354373442114982
0.0145344696938992,0.0284732468426228,0.0447719022631645,0.00012817945001288,-0.00397896971433281,-0.0028436806869223
0.0350400097668171,-0.00750765623524785,0.0160342659801245,0.000555572011683589,-0.0038856757428068,-0.00244525127634156
0.0407077521085739,-0.064036451280117,-0.0213639717549086,0.00115559643104367,-0.00454414374439838,-0.00260067258692889
0.0249207988381386,-0.103054687380791,-0.0428647398948669,0.00161381253471651,-0.00588469274193395,-0.00318707194109415
0.0206874385476112,-0.0684058964252472,-0.0471300557255745,0.00192968685102454,-0.00706702941460753,-0.00391293319640636
0.0502418652176857,-0.0272374171763659,-0.0159257967025042,0.00251646680146982,-0.00759619119793353,-0.00432482192122004
0.0798370465636253,-0.000168250408023596,0.0109929023310542,0.00360535509826106,-0.00774570906360523,-0.00429498293803368
0.0702150464057922,0.0172195285558701,0.0141514111310244,0.00474441441471544,-0.00761019279060892,-0.00408118084583212
0.0384192951023579,0.00752508919686079,-0.00528859905898571,0.00548717759625685,-0.00744982453905104,-0.0040275218104392
0.00229511456564069,0.00222140410915017,-0.0172765534371138,0.00570805327795391,-0.00737738263908932,-0.0042637993026675
-0.0339004397392273,0.0218622162938118,-0.0217645112425089,0.00536154213279928,-0.00717986919591046,-0.00456207915674316
-0.0540890656411648,0.057652972638607,-0.0293364096432924,0.00459818361724056,-0.00643571905418751,-0.00495474215184057
-0.0520924963057041,0.0739637687802315,-0.0143555980175734,0.00376217056647681,-0.00531662715550455,-0.0052700405362901
-0.0361159257590771,0.0240883529186249,-0.0121648814529181,0.00312782063715604,-0.00461020793796674,-0.00542422304975543
-0.0102715445682406,-0.0195033326745033,-0.0419432856142521,0.00284173328521704,-0.00469810154361413,-0.00587836251984035
0.0239886920899153,-0.0013576177880168,-0.0609262958168983,0.00300752090381644,-0.0048091190691191,-0.00672507672302353
0.0750348344445229,0.0612546317279339,-0.0509207993745804,0.00386615857819318,-0.0040311582959842,-0.00760306225873466
0.108951792120934,0.0731102228164673,-0.030396880581975,0.00533923351404723,-0.00287893546738439,-0.00819586177520638
0.101408384740353,0.0385506525635719,-0.0198001638054848,0.00696630883371176,-0.00205767645602946,-0.00852730797391775
0.0428318865597248,0.00200116075575352,-0.0223530698567629,0.00793863967115428,-0.00181623972140712,-0.00884799033782051
-0.0178133510053158,-0.0226661022752523,-0.0323836021125317,0.00792326188288441,-0.00207377738104959,-0.0092770729823096
-0.0401154607534409,0.0174549520015717,-0.0421009436249733,0.00737513125669255,-0.00192370497424462,-0.00986302329893072
-0.0252089500427246,0.023886751383543,-0.0409296862781048,0.00689629160180651,-0.00151579416716413,-0.0104382947663915
-0.000591752119362354,0.031283151358366,-0.0535781010985374,0.0067379819570824,-0.000995962511539088,-0.011168285231371
0.0326282531023026,0.0223517064005136,-0.0747305229306221,0.00705641331007036,-0.0004604542125714,-0.0121784530288467
0.0434630550444126,-0.0254445783793926,-0.0939308553934097,0.00766008344451798,-0.000383313343952352,-0.0135337826125077
0.0052600116468966,-0.0913996323943138,-0.110264018177986,0.00794899230203093,-0.00130035822023379,-0.0150963748022094
-0.0692653506994247,-0.0770076364278793,-0.118210360407829,0.00726262580661279,-0.00239871923681448,-0.016876195034426
-0.123709157109261,-0.00414887676015496,-0.108880773186684,0.00558459929405063,-0.00259407472848855,-0.0185478306062061
-0.115310609340668,0.01429164968431,-0.0949242115020752,0.00373629146520403,-0.00223620291235981,-0.0200066544204824
-0.0706432685256004,0.0184608269482851,-0.0850177854299545,0.00240235957354003,-0.00182202080122994,-0.0213234760448391
-0.0248315781354904,0.00525474455207586,-0.0836649015545845,0.00178776203260403,-0.00157115324347265,-0.0225674601043798
0.000658068805932999,0.0398289673030376,-0.0749212056398392,0.00163528477970509,-0.00100318588847514,-0.0237890468618182
0.0560944303870201,0.0741943940520287,-0.078798770904541,0.00215873251594914,0.000124353209297882,-0.0249097557175493
0.0956570208072662,0.0436093248426914,-0.0935233905911446,0.00341975276066965,0.00125176903170417,-0.0263056677086294
0.074448935687542,-0.0700325518846512,-0.102317146956921,0.00469186036309489,0.000989271591190052,-0.0278337533977534
0.00708720646798611,-0.0684911161661148,-0.0760541185736656,0.00511177553980706,-8.56853215556973e-05,-0.0291890143449301
-0.0234595164656639,0.0598341003060341,0.00183642155025154,0.00486291815999461,0.000156541751662097,-0.0295779899737189
-0.0208584070205688,0.169527053833008,0.0671083703637123,0.0045411433168963,0.00217718913758617,-0.0288353644336096
-0.0468047894537449,0.135226860642433,0.110693126916885,0.00403396350879139,0.00436957256348646,-0.0273154714656831
-0.099901556968689,-0.027030223980546,0.0941682159900665,0.00283069884423022,0.00463686759880226,-0.0256874071264311
-0.129761725664139,-0.126031637191772,-0.0225336328148842,0.00096332327785939,0.00302295003619831,-0.0252950541972865
-0.0910952836275101,-0.137859269976616,-0.179287299513817,-0.000667703215278079,0.00122786536440241,-0.027202377916347
-0.00322774890810251,-0.138570591807365,-0.235319674015045,-0.001220588678748,-0.000605249041923758,-0.0307397530218352
0.0610646866261959,-0.0388495996594429,-0.156840577721596,-0.000575859930594114,-0.00110474349346078,-0.0336304408261983
0.0801465064287186,-0.00793269649147987,-0.0242561642080545,0.000601412839022139,-0.00121602752938593,-0.0347135441451529
0.0409983024001122,0.0555184483528137,0.0641943365335464,0.00142785983854711,-0.000812446059217039,-0.0341015086654001
-0.00470527075231075,0.121711045503616,0.0490105897188187,0.00154997330326821,0.000620802381826168,-0.0331911400392193
-0.0169755183160305,0.0694933831691742,-0.00879172142595053,0.0012906301961767,0.00194808188662355,-0.0330180666117112
-0.0261549018323421,0.0303161554038525,-0.054813276976347,0.000953153339294868,0.00259554170355682,-0.0336732906105054
-0.0117461355403066,-0.0235835611820221,0.00503434520214796,0.000632473813154122,0.00261863745512525,-0.034007100890849
0.0498636960983276,-0.0432507395744324,0.0278432555496693,0.00106709023893026,0.00207148120081335,-0.0334820172336856
0.124034069478512,0.12274382263422,-0.0505415685474873,0.0025833974020741,0.00296397294498413,-0.0338703213361243
0.167694464325905,0.116056092083454,-0.0470602810382843,0.00485723330008529,0.00518700820984879,-0.034792182269265
0.185558676719666,0.0327534824609756,-0.0160546936094761,0.0076232221126994,0.00605354925252589,-0.0352125974710391
0.150663807988167,0.0056928345002234,-0.0462117977440357,0.010077874620379,0.00616753576956329,-0.0357357865548014
0.116458974778652,0.103360801935196,-0.0367261506617069,0.0119635063096467,0.00729381676631764,-0.0364825970108824
0.109723836183548,0.243262246251106,-0.00138866645283997,0.0136334404428887,0.0102749895761697,-0.0366775525730009
0.0881788656115532,0.236373722553253,-0.0965860262513161,0.0150686625835606,0.0143442923004445,-0.0373845333387125
0.074377030134201,-0.131253823637962,-0.214516118168831,0.0160820488819387,0.0149391586474867,-0.0404013494038204
0.0933384746313095,-0.305525779724121,-0.184661015868187,0.0172537629560101,0.0111694817799308,-0.0433982305065708
0.152979165315628,-0.26356714963913,-0.182095870375633,0.0191028269145248,0.00728655719213051,-0.0461558800376494
0.268337994813919,-0.158179715275764,-0.216485261917114,0.022471830366954,0.00478560144375345,-0.0493564793549545
0.359173089265823,0.128141790628433,-0.254059791564941,0.0273971054529255,0.00560630224442505,-0.0532245539019384
0.419333636760712,0.287811011075974,-0.313313007354736,0.033207662179411,0.010012056320426,-0.05774180922005
0.452185034751892,0.325021773576736,-0.415589034557343,0.0397671426866943,0.0158257388720393,-0.063847928719158
0.352276295423508,0.175936669111252,-0.440949261188507,0.0454925833631163,0.0206534385920684,-0.0708876830204406
0.0930529832839966,-0.071036621928215,-0.279477000236511,0.0481106388010721,0.0216122791039597,-0.0762634315468176
-0.194027259945869,-0.187864705920219,-0.104173891246319,0.0465654260880169,0.0197068446809398,-0.0785365994663647
-0.466824442148209,-0.365198999643326,-0.098646767437458,0.0407595356959721,0.0152387381659065,-0.0797327113792309
-0.62408834695816,-0.388529896736145,-0.148819655179977,0.0319316133054876,0.00953417700160409,-0.0814494699231528
-0.607440948486328,-0.248255878686905,-0.228671878576279,0.0223798292307598,0.00537357204719676,-0.084241540759164
-0.395508706569672,0.254697531461716,-0.350684076547623,0.0151265373207276,0.0071772472631356,-0.0886830094320873
-0.159238651394844,0.47352522611618,-0.323300391435623,0.0114911903464592,0.0143999539037075,-0.0939127909074861
-0.0347995236515999,0.351361215114594,-0.170957982540131,0.0103774043628302,0.0209467875519405,-0.0972266599913286
0.0161478128284216,0.259843558073044,-0.0233352370560169,0.0103546408101318,0.0254652120870307,-0.098397512084709
0.0831015482544899,0.1866415143013,0.121205702424049,0.0112814517521383,0.0284326678902066,-0.0972834472427173
0.211405456066132,0.113864786922932,0.195659160614014,0.0139184301016897,0.0301992439826265,-0.0946597275993197
0.35659646987915,-0.0353180430829525,0.168688789010048,0.0187559917187919,0.0301070706140413,-0.0920706689546857
0.452207684516907,-0.171570956707001,0.0837376862764359,0.0252550890863549,0.0280213908699568,-0.090662020380188
0.454149663448334,-0.362653821706772,-0.0114884311333299,0.0321872260041686,0.0234594896287528,-0.0906947554067487
0.387823104858398,-0.629155814647675,-0.0965529903769493,0.0384343379025095,0.0161074626558967,-0.0919443179777063
0.319958299398422,-0.767164289951324,-0.253055781126022,0.0434880820549258,0.00525578810202417,-0.0948491353683198
0.255103677511215,-0.564031422138214,-0.397455036640167,0.0474910519182093,-0.00337876449253832,-0.10065665006317
0.200148269534111,-0.40686497092247,-0.209692597389221,0.0506916687325803,-0.00938836921518432,-0.105158025140805
0.101698935031891,-0.465060353279114,-0.0384449474513531,0.0526901067847532,-0.0156278236373892,-0.106322865112991
0.000439156778156757,-0.514362394809723,-0.0338121131062508,0.0531991557227387,-0.0231673125092221,-0.106838516102626
-0.122703015804291,-0.474440276622772,0.0337773188948631,0.051920726940777,-0.0307737652932819,-0.106831734745434
-0.189607471227646,-0.10920637845993,0.241958752274513,0.0492356550284039,-0.0349571467186157,-0.104400698570318
-0.198759436607361,0.257791340351105,0.425953894853592,0.0461646920169055,-0.0338028825403103,-0.0986679470952825
-0.157352864742279,0.522940456867218,0.436096280813217,0.0435456709450266,-0.0281786311536294,-0.0919860278141426
-0.135576725006104,0.638406872749329,0.379748582839966,0.041437624066442,-0.019958863062278,-0.0858644451352465
-0.17972794175148,0.468277722597122,0.315214842557907,0.0390348036293993,-0.0127015313545298,-0.0807699905561892
-0.239443212747574,0.274788409471512,0.325315684080124,0.0357248228310763,-0.00842530147112826,-0.0759194599497779
-0.231921374797821,0.207588881254196,0.319958478212357,0.0321987401254194,-0.00598202777003819,-0.0708757574954789
-0.184389546513557,0.185323521494865,0.246554836630821,0.0292527763923208,-0.00365204109442305,-0.0666927216892153
-0.137488082051277,0.212605476379395,0.121932744979858,0.0269383204146405,-0.00117193408009591,-0.0640310031232356
-0.0713934823870659,0.260359138250351,-0.00468032574281096,0.0255179545515586,0.0023738937708794,-0.0635449303292195
0.00846059806644917,0.317398190498352,0.00123508740216494,0.0252650211990792,0.00701757123985166,-0.0636565042808049
0.0690677538514137,0.231654793024063,0.0186324529349804,0.0260211234851107,0.0108974053679318,-0.0634390402017967
0.115291446447372,-0.0546342171728611,-0.0197964273393154,0.0275847543747666,0.0118858045133747,-0.0635619001373177
0.144167304039001,-0.487907350063324,-0.0200355798006058,0.0296120528692572,0.00670304720003936,-0.0640048339361061
0.161417126655579,-0.776102364063263,-0.0351591408252716,0.0319503596320867,-0.00380483518805297,-0.06443152313096
0.164954870939255,-0.68537700176239,-0.0766980648040771,0.0344250979152895,-0.0147270321630961,-0.0654681347192934
0.127906307578087,-0.532054603099823,0.0129226362332702,0.0365703580222857,-0.0233863582873519,-0.0658982098800013
0.0510634519159794,-0.353421449661255,0.143960818648338,0.0377018184012851,-0.0297885441042187,-0.0642376282165673
-0.000342480838298798,-0.0899306908249855,0.166313782334328,0.0378452783384948,-0.0331039446937719,-0.0617578900842706
-0.024542361497879,0.214234799146652,0.122668839991093,0.0375383235591113,-0.0316961356957959,-0.0596081787554541
-0.0121099250391126,0.428123116493225,0.0353858657181263,0.0372349425307173,-0.026279736282868,-0.0586330094509271
0.0407546199858189,0.461046189069748,-0.0400646813213825,0.0375245864441458,-0.0192484139245469,-0.0588666622626758
0.0976546555757523,0.316525220870972,-0.0846923366189003,0.0387493612105556,-0.0133851475799627,-0.0599645182737812
0.10730941593647,0.0522664003074169,-0.0848899409174919,0.0403512667772883,-0.0110394590880654,-0.0612963447434526
0.0794836431741714,-0.0579623654484749,-0.0680917873978615,0.0417376810586689,-0.0114457691505928,-0.0624803638611865
-0.030584804713726,-0.0496711507439613,-0.0324879884719849,0.0418823532115552,-0.0122533650037766,-0.0630928522419496
-0.1588194668293,0.0572614260017872,0.00629882188513875,0.0401588114282206,-0.0117455207051521,-0.0631387852795517
-0.236582711338997,0.201615139842033,-0.000472531421110034,0.0368886414487678,-0.00957362499828712,-0.0630421856288352
-0.25031504034996,0.321786820888519,-0.0175311416387558,0.0331566147875484,-0.00525986013846212,-0.0631397503233002
-0.288310080766678,0.281691342592239,-0.0584010779857635,0.0290851877517056,-0.000566932999906636,-0.0637379945053671
-0.414893060922623,0.165234759449959,-0.080698661506176,0.023563454894648,0.00259114162184857,-0.0647780916071682
-0.630058109760284,0.100170008838177,-0.0885699018836021,0.0152483438163658,0.00459446595945212,-0.0659868395962563
-0.883242428302765,0.0681982263922691,-0.0144211044535041,0.00323597919395237,0.00573135235485148,-0.0663047914972111
-1.05726265907288,0.158006146550179,0.020847138017416,-0.0119645897711931,0.00723880487581519,-0.0657406669119457
-1.07466673851013,0.542652368545532,0.051016490906477,-0.0281832621944405,0.0126751797085692,-0.0648189352632034
-0.994980931282043,0.639851629734039,0.075126089155674,-0.0433797036621114,0.0238579567459748,-0.0625828183856749
-0.634745001792908,0.197886452078819,-0.0425808355212212,-0.0551263544838066,0.0281605381193187,-0.0622639164148263
-0.176305249333382,0.00391910690814257,-0.064354307949543,-0.060155116419819,0.028960163957142,-0.0629628999562617
0.218307569622993,0.116142854094505,0.0152172157540917,-0.0586509445126911,0.0300048889207114,-0.0633556921488765
0.458619773387909,0.155542984604836,0.316921949386597,-0.0527593446795642,0.0327616406661286,-0.0606312485137199
0.506786227226257,0.0664048567414284,0.294719696044922,-0.0448704764911535,0.0330488985450541,-0.0563226329025921
0.310098737478256,0.190505236387253,0.240163773298264,-0.0388007664468188,0.0352557557616662,-0.0524880956360522
0.0962378606200218,0.279481440782547,0.0786632969975471,-0.0362892244648218,0.0386726166096981,-0.0508231236094276
0.00837653689086437,0.267189055681229,0.133610889315605,-0.0357858901520727,0.043001384551525,-0.0493349880208628
-0.00369397457689047,0.0721234381198883,0.301013469696045,-0.035584699972839,0.0447202892204465,-0.0456038731121382
-0.0311730019748211,-0.0333483926951885,0.400053232908249,-0.0355046534314753,0.0440751985073254,-0.0399935420812081
-0.013440877199173,0.0414997488260269,0.441893607378006,-0.0354613002405424,0.0437421742668873,-0.0334579151288936
-0.0145849715918303,-0.0179955363273621,0.452507376670837,-0.0351563555191921,0.0434144663469768,-0.0266149386376039
-0.171685919165611,-0.135617509484291,0.386222898960114,-0.0362835619577308,0.041250351746635,-0.0202796673517568
-0.589607298374176,-0.0691673755645752,0.28638419508934,-0.0425465028419126,0.0392058006412198,-0.015084122393847
-1.08994174003601,0.20251952111721,0.2225231975317,-0.0562514809449084,0.0405039790806124,-0.0106912167216295
-1.57106649875641,0.515873491764069,0.276306241750717,-0.0772696264189579,0.0464737641808067,-0.00563971708434025
-1.9036340713501,0.912255704402924,0.399488091468811,-0.104118202261331,0.0579813556239616,0.00167384220319848
-1.8535178899765,0.802645325660706,0.398638010025024,-0.132209514937442,0.0713166685385701,0.0102620297969806
-1.35444533824921,0.0534328408539295,0.253763645887375,-0.154962677839727,0.0762729352185188,0.017030155687851
-0.615138173103333,-0.441065043210983,0.169441595673561,-0.167787606462107,0.0719354496697966,0.0211517443501248
0.106673538684845,-0.545896887779236,0.247723087668419,-0.169289029105114,0.0638973907523701,0.0244367002527634
0.504443287849426,-0.335588961839676,0.451297760009766,-0.162767331921708,0.057945704571135,0.0296585170133742
0.548835515975952,-0.22343498468399,0.611894428730011,-0.153822386957855,0.0547476652659977,0.0374639148397175
0.42502835392952,-0.37213471531868,0.63871031999588,-0.146117473774524,0.0505613299626552,0.0465996897368188
0.378005713224411,-0.702232182025909,0.419142752885818,-0.139833072793271,0.0417600219919321,0.053969352892149
0.418256223201752,-0.712844848632812,0.0808435529470444,-0.13364810737203,0.0304645673240146,0.0564630657691744
0.352029800415039,-0.451692640781403,-0.152150020003319,-0.127837425023001,0.0225738152137987,0.0550696532778201
0.119728088378906,-0.675963521003723,-0.389905869960785,-0.124947543366209,0.0140942993460626,0.0501425227447373
-0.186678171157837,-1.09378397464752,-0.433961480855942,-0.126273814617073,-0.000492057032721441,0.043656455047671
-0.568521678447723,-1.23790442943573,-0.388527423143387,-0.132960143030157,-0.0188731215183026,0.037622862945824
-0.862561047077179,-0.97344446182251,-0.402994781732559,-0.144580258595369,-0.0352026860970511,0.0316614515524478
-1.02424848079681,-0.769929468631744,-0.562975108623505,-0.159167628059343,-0.0477999401961818,0.0238786355929865
-1.06082856655121,-0.651719748973846,-0.770285129547119,-0.174751653305255,-0.0586403223615182,0.0126976576658184
-0.939727485179901,-0.451330453157425,-0.854738771915436,-0.189065476716477,-0.067297514529056,-0.000538684905327508
-0.766366600990295,-0.323123753070831,-0.820377588272095,-0.200762626070351,-0.0737480790807318,-0.0138568282750215
-0.63561338186264,-0.199501946568489,-0.665615975856781,-0.210247518169174,-0.0782906482636875,-0.0254082648444532
-0.581375420093536,-0.168113932013512,-0.40998449921608,-0.218729875766424,-0.0815756300349202,-0.0334713592166013
-0.58350944519043,-0.206892758607864,-0.164400562644005,-0.2271941764702,-0.0848310164817334,-0.0377150097518869
-0.64137727022171,-0.257756471633911,-0.00356160779483616,-0.236445314829758,-0.0886932602140264,-0.0390710529651906
-0.686274945735931,-0.121038839221001,0.00909692980349064,-0.246546232408096,-0.0916151608822977,-0.0396358989145426
-0.706599652767181,0.202826857566833,0.00928388349711895,-0.257089761429476,-0.0903530409646602,-0.0403727261173371
-0.705277681350708,0.536768078804016,0.0929241850972176,-0.267778500447465,-0.0839096530833919,-0.0401313346808854
-0.679046094417572,0.636492311954498,0.136980324983597,-0.278234105129707,-0.0742620453183428,-0.0388199083696642
-0.659320592880249,0.614419996738434,0.0751438587903976,-0.288306168391103,-0.0646922145482679,-0.0377578186960472
-0.641121327877045,0.55843186378479,-0.0550868473947048,-0.297977325201319,-0.0560619517450805,-0.03827694360361
-0.650524139404297,0.392080664634705,-0.194149658083916,-0.307645251826494,-0.049761908093459,-0.0409077488836682
-0.66584050655365,0.182799085974693,-0.264942348003387,-0.317404959080957,-0.0465593628192318,-0.0450299501377309
-0.734790563583374,-0.014105724170804,-0.295488268136978,-0.327900208156387,-0.0470137615682362,-0.0497014857262937
-0.841085851192474,-0.000762220937758684,-0.326069891452789,-0.339879162276816,-0.0484039899848946,-0.0550012736935852
-0.941701948642731,0.0736094862222672,-0.276455730199814,-0.353457541778143,-0.0487044258205705,-0.0600277156398041
-0.940107226371765,-0.0191894322633743,-0.212457835674286,-0.367639345646293,-0.0492647757682586,-0.0640184814139243
-0.813065409660339,-0.366395860910416,-0.2301294952631,-0.380496369014624,-0.0538363768127207,-0.0678756518747942
-0.569245517253876,-0.682054460048676,-0.320701479911804,-0.390188791200056,-0.064032723060719,-0.0727183335225771
-0.329018265008926,-0.372753083705902,-0.38291347026825,-0.395969681978656,-0.0729853281803472,-0.0787752216031628
-0.135094881057739,0.0182586088776588,-0.391946911811829,-0.398534391951433,-0.0764008507308058,-0.0850581010643792
-0.0267193987965584,0.211727663874626,-0.361147999763489,-0.399031433895814,-0.0754468044215578,-0.0909942768936824
-0.0162081681191921,0.127948626875877,-0.220188453793526,-0.399023697254875,-0.0741578069295721,-0.0953067688253891
-0.0412581264972687,0.0359143018722534,-0.0335450731217861,-0.399414847402051,-0.073789576553657,-0.0968270823651212
-0.0766866952180862,0.0314617604017258,0.11894167214632,-0.400398532991051,-0.0730052620441531,-0.0957580125715859
-0.133653834462166,0.107814058661461,0.173113569617271,-0.40219044309486,-0.0711902855658751,-0.0932927308325092
-0.234305888414383,0.315825581550598,0.101109147071838,-0.405308565301338,-0.0670458526787317,-0.0913159559632338
-0.308946818113327,0.484476119279861,-0.0198921114206314,-0.40964261723769,-0.0603452768106953,-0.0912936892389265
-0.363938421010971,0.309095233678818,-0.0631418451666832,-0.414764101323795,-0.0547520483476575,-0.092374157411614
-0.417364358901978,-0.0305241122841835,-0.0371243581175804,-0.420763195707972,-0.0538051326275037,-0.0933676421577808
-0.457672923803329,-0.276209503412247,-0.0515123531222343,-0.427434456847316,-0.0572361281091461,-0.0942539796583173
-0.60370260477066,0.163000881671906,-0.05843710526824,-0.435740295334541,-0.0560924895080776,-0.0954392921437639
-0.67866575717926,0.277710676193237,-0.141046226024628,-0.445537541377546,-0.0525456892176177,-0.097587582224123
-0.642091512680054,0.12034210562706,-0.176206886768341,-0.455443402378805,-0.0510226001824931,-0.100626330160444
-0.507283389568329,0.0507164150476456,-0.114523813128471,-0.463714252243082,-0.0508688599689145,-0.103129259490149
-0.419921547174454,-0.00319129042327404,0.0109451627358794,-0.470366760503774,-0.0508875767303359,-0.103873241863221
-0.410951197147369,-0.0613299570977688,0.0835690349340439,-0.476486978145854,-0.0512173371191059,-0.103025614144205
-0.458504348993301,-0.00287490710616112,0.0363261550664902,-0.483108966453233,-0.0513574867239683,-0.102234654401171
-0.487235873937607,0.0962114632129669,-0.0929889604449272,-0.490283628298713,-0.0507123333406514,-0.103282561682735
-0.516408979892731,0.210720598697662,-0.172096431255341,-0.497813711212811,-0.0492346340876877,-0.106029905033239
-0.579657435417175,0.249142289161682,-0.129750564694405,-0.506120639119749,-0.0464344110791433,-0.108754656385862
-0.648658871650696,0.160088062286377,-0.0352365747094154,-0.515501529349933,-0.0440197822949888,-0.11012342033543
-0.72798752784729,0.101202629506588,0.0207926072180271,-0.526067100002824,-0.0423505306246001,-0.11023102890951
-0.759790480136871,0.120744906365871,0.00138135952875018,-0.537392222476579,-0.0407903170414745,-0.110335507246527
-0.737354695796967,0.067551463842392,-0.00386506784707308,-0.548619477076144,-0.0395551669502782,-0.11070044788744
-0.609611630439758,-0.0109364241361618,0.0129080535843968,-0.558526577303547,-0.039421166358289,-0.110826692544252
-0.400116473436356,0.00563829159364104,0.0612779818475246,-0.56562056201646,-0.039236539102823,-0.110275903228891
-0.202697396278381,0.0647064000368118,0.149126604199409,-0.569610234803737,-0.0378104082620481,-0.108381387632322
-0.0980828404426575,0.127524793148041,0.248123228549957,-0.571505657735172,-0.0346121191874713,-0.104818265541305
-0.0984791219234467,0.109356962144375,0.294026017189026,-0.572926527509364,-0.0307710291569755,-0.100091694441491
-0.165199294686317,0.0412218533456326,0.24866971373558,-0.575028457420223,-0.0277899899712259,-0.0955946810105044
-0.266537636518478,0.0335572734475136,0.13906891644001,-0.57850891757724,-0.0261541809727665,-0.0926417909249912
-0.366557717323303,0.0592991225421429,-0.000393903581425548,-0.583526037493206,-0.0250166745366152,-0.0919017809441539
-0.422963738441467,0.0394045114517212,-0.130006223917007,-0.589680126584812,-0.0249549586444152,-0.093411489475433
-0.400877058506012,-0.00880030263215303,-0.217484682798386,-0.595845328243048,-0.0263342149772575,-0.0967176352216305
-0.348773390054703,-0.0652832835912704,-0.203317731618881,-0.601301106832855,-0.0287425978330897,-0.100447470614274
-0.35796582698822,-0.0767513886094093,-0.12649405002594,-0.60648668461311,-0.0311434319964756,-0.10310094091494
-0.471422880887985,-0.0834873244166374,-0.0684994533658028,-0.612893688243763,-0.0330966218664874,-0.104617817344316
-0.663246095180511,-0.0836425870656967,-0.0665430948138237,-0.621841082613465,-0.0349429419152706,-0.105929024415817
-0.908812463283539,-0.0810995325446129,-0.0115344393998384,-0.634237877132989,-0.0367445788589274,-0.106774209046454
-1.10862600803375,0.0338638052344322,0.048154454678297,-0.649997485877704,-0.0368391681824407,-0.106505978581327
-1.1946474313736,0.195421278476715,0.0103748543187976,-0.66772143983292,-0.0346127615141356,-0.106302872059037
-1.15207839012146,0.281230449676514,-0.107809841632843,-0.685342871071138,-0.0314385780377611,-0.107779254557167
-1.16301119327545,0.449711620807648,-0.202765390276909,-0.702555166227666,-0.02698931537503,-0.111031727822047
-1.25966453552246,0.31401664018631,-0.35731714963913,-0.72103696523946,-0.0249066831983017,-0.116822084485962
-1.25756621360779,0.320970684289932,-0.475842714309692,-0.740109740773229,-0.0248554988460449,-0.124943106423566
-1.19329392910004,0.376762300729752,-0.515953123569489,-0.758382427457951,-0.0252325349614683,-0.134625806269353
-1.07621741294861,0.432135820388794,-0.379503399133682,-0.775185587368752,-0.0237508074040366,-0.142943857751959
-0.924236953258514,0.364071816205978,-0.209840878844261,-0.78987002679631,-0.0207823994131204,-0.14798956307505
-0.740604519844055,0.195803433656693,-0.12337388843298,-0.801957145348473,-0.0186154361401621,-0.150830367944903
-0.55342823266983,-0.0203264635056257,-0.0753783956170082,-0.811214992172745,-0.0189820602136602,-0.152548240664068
-0.438417792320251,-0.203806012868881,-0.061995480209589,-0.818228468458793,-0.0219727171633132,-0.153860406769569
-0.543809711933136,-0.326788127422333,-0.0702779069542885,-0.825567288071142,-0.0273815837786039,-0.155291823331957
-0.728368937969208,-0.103829614818096,-0.0520347282290459,-0.835642234439209,-0.0308020991123366,-0.156521889390824
-0.777292490005493,-0.0306632556021214,-0.186846613883972,-0.847272405307892,-0.0334332462690012,-0.15930001015176
-0.696208834648132,-0.0469016134738922,-0.319833159446716,-0.858160108730668,-0.037872824748559,-0.165350134734311
-0.596313655376434,-0.107848592102528,-0.28720411658287,-0.867504104017752,-0.043602608081727,-0.17185472119097
-0.472525954246521,-0.170708507299423,-0.183934703469276,-0.875195999482629,-0.0493306329310171,-0.176812214055023
-0.294969260692596,-0.0635016337037086,-0.0192730538547039,-0.880497105616945,-0.0522512786879497,-0.178595860178676
-0.121489897370338,0.0880045369267464,0.12297809869051,-0.883118843187536,-0.0504904933482996,-0.177049263561364
-0.0975733771920204,0.102317430078983,0.190430641174316,-0.884551592240354,-0.04618739061697,-0.173405480238312
-0.210802733898163,-0.0849145129323006,0.105139181017876,-0.887110587914316,-0.0443833022991309,-0.170428685940949
-0.467729061841965,-0.816776216030121,-0.105509400367737,-0.892608649086064,-0.0532667760502622,-0.171269748478819
-0.831331789493561,-0.516262412071228,-0.330786198377609,-0.903188403559559,-0.0684028115681593,-0.177586464004638
-1.02414035797119,-0.41297173500061,-0.218732103705406,-0.9176347637608,-0.0799427585048313,-0.18469440171601
-1.05722987651825,-0.265349537134171,0.0279021821916103,-0.933416234199565,-0.086524819659986,-0.187269951258038
-0.976744115352631,-0.174940526485443,0.204731807112694,-0.948819650832272,-0.088235390626887,-0.185361928837183
-0.796002566814423,-0.0705414339900017,0.248729363083839,-0.961940335139156,-0.0866943988369794,-0.181227107857036
-0.639885663986206,-0.183126032352448,0.189826637506485,-0.972478763119508,-0.08581405880898,-0.177417076791159
-0.53323882818222,-0.349972814321518,0.0621978379786015,-0.98108586727158,-0.0891003597648004,-0.17575520871914
-0.430962532758713,-0.341339886188507,-0.0578105933964252,-0.988044111408774,-0.09559261183067,-0.177080825754488
-0.325428903102875,-0.0744461566209793,-0.0696770995855331,-0.99334603592959,-0.100050400431906,-0.179457837337362
-0.223462328314781,0.220834761857986,-0.0398875176906586,-0.997127483326161,-0.0992125232212311,-0.181122403669291
-0.172989040613174,0.187432050704956,0.0383705347776413,-0.9999145142214,-0.0959697721879866,-0.181212463193545
-0.254828780889511,0.00644176732748747,0.141254305839539,-1.00303871466042,-0.0933600434455901,-0.179385929582363
-0.514755189418793,0.0162999909371138,0.132097825407982,-1.00971348782467,-0.0908852923881753,-0.176453666283263
-0.649652242660522,-0.0450254194438457,0.0841689184308052,-1.01903919356822,-0.0900585803618879,-0.175152197861171
-0.66137307882309,-0.158651322126389,0.0871846824884415,-1.02909499032504,-0.0912062016937676,-0.174261568636721
-0.618173182010651,-0.225692927837372,0.145070612430573,-1.03875348758357,-0.0927878416917588,-0.172313560271044
-0.538975536823273,-0.265701323747635,0.228848859667778,-1.04746262522631,-0.0934955377742756,-0.168434238477029
-0.448144972324371,-0.327366292476654,0.323361247777939,-1.05493686557212,-0.0928799064242807,-0.162005219106017
-0.451954632997513,-0.449326276779175,0.396907120943069,-1.06177238709799,-0.0923758838681385,-0.153529633036821
-0.65770697593689,-0.45108637213707,0.285565137863159,-1.07084462605897,-0.0930421976645908,-0.145790168994566
-0.963319897651672,-0.469424903392792,0.0176319684833288,-1.08378733038953,-0.0997532504449079,-0.145049022157736
-1.26571595668793,-0.368061512708664,-0.133752226829529,-1.10117041418475,-0.10971009816417,-0.150018890607919
-1.45012760162354,-0.302814602851868,-0.250229299068451,-1.12178438602609,-0.122767971488701,-0.159631357462204
-1.48172307014465,-0.15672767162323,-0.297284424304962,-1.14349229892571,-0.136741635789907,-0.172384846460744
-1.36798822879791,-0.0163543131202459,-0.26863893866539,-1.16413032959847,-0.149132403937621,-0.18580157070109
-1.19085657596588,0.101300150156021,-0.177660554647446,-1.18240182027652,-0.157766028307294,-0.197147666761307
-0.954872310161591,0.0799439996480942,-0.111000031232834,-1.1975741614001,-0.16410769595959,-0.205908389655402
-0.686416923999786,0.138885617256165,0.0178937669843435,-1.20901818877264,-0.166470294808512,-0.210301255450313
-0.491170704364777,0.0648191049695015,0.114140935242176,-1.21743653746916,-0.165135417755535,-0.210156954227988
-0.321774214506149,0.0181072577834129,0.241218462586403,-1.22344524167401,-0.159996813993544,-0.205437526109786
-0.21961697936058,-0.120881512761116,0.260969519615173,-1.22771733136983,-0.154527846405498,-0.197859759667668
-0.155980736017227,-0.106484472751617,0.172754988074303,-1.23076077708987,-0.150949691385962,-0.191761034657776
-0.110235087573528,0.0605226270854473,0.0546709597110748,-1.23279088590941,-0.1488670944293,-0.189170456213852
-0.156187132000923,0.0255406741052866,-0.0513926260173321,-1.23475984579995,-0.149206605973037,-0.190578546543432
-0.207591742277145,0.0183602571487427,-0.0218304768204689,-1.23755271978291,-0.150864588989165,-0.192798177877551
-0.265725344419479,0.0124943796545267,0.0461365915834904,-1.24129070584227,-0.150791242428426,-0.193019521159254
-0.328839868307114,0.074654683470726,0.0724869668483734,-1.24602293264844,-0.149237272911977,-0.192171447294244
-0.39601543545723,0.115060970187187,0.0763618648052216,-1.25173095841279,-0.146784877606707,-0.191287362608286
-0.496119141578674,0.0765263587236404,0.0703330039978027,-1.25871553962437,-0.144824737587695,-0.190705085036512
-0.578300833702087,-0.0150304548442364,0.087864063680172,-1.26710172640569,-0.144125980080051,-0.190338151722969
-0.68746429681778,-0.111668050289154,0.144730001688004,-1.27700173649687,-0.14334735496524,-0.188596437992079
-0.831518709659576,-0.213715046644211,0.170392230153084,-1.28890473482305,-0.143903203051759,-0.186217457504144
-1.0277202129364,-0.272245198488235,0.187214344739914,-1.30358082754026,-0.145484109855342,-0.183825340548084
-1.24543035030365,-0.28291729092598,0.225303411483765,-1.32148773953121,-0.147562978119606,-0.181396552038439
-1.44825005531311,-0.260080963373184,0.265658289194107,-1.34262456981727,-0.148538512138864,-0.178092435749613
-1.61599004268646,-0.216342523694038,0.193055734038353,-1.3663697465739,-0.151006426406752,-0.177234886444345
-1.79605460166931,-0.269179105758667,0.0700826644897461,-1.39243118443896,-0.160311661142636,-0.182998465108731
-1.98669922351837,-0.287364512681961,-0.062536895275116,-1.42105613083371,-0.180904274557852,-0.199938749453677
-2.12062382698059,-0.272851347923279,-0.101840890944004,-1.45159374354603,-0.211702231366555,-0.227327338200065
-2.20151495933533,-0.256280094385147,-0.113030426204205,-1.48326315909744,-0.253020257831766,-0.26570710236245
-2.23249363899231,-0.203034982085228,-0.105703540146351,-1.51517601027356,-0.30857111054795,-0.318888114945129
-2.21110868453979,-0.051605511456728,-0.118231050670147,-1.54632036429987,-0.385570418522527,-0.395303449226301
-2.11055564880371,0.0169746167957783,-0.164500817656517,-1.57489972727443,-0.50064984304439,-0.511439228492555
-1.9533885717392,-0.0328102521598339,-0.223334833979607,-1.598773536871,-0.678104045971333,-0.689668881497775
-1.75327122211456,0.0187770426273346,-0.322373002767563,-1.61514357402553,-0.939525079733776,-0.951852765454198
-1.50329732894897,0.144965603947639,-0.397517830133438,-1.62146530064243,-1.25606296782017,-1.27084691216006
-1.21198773384094,0.154793471097946,-0.321922928094864,-1.61994124435277,-1.53607009124198,-1.55403266040011
-0.902381181716919,0.153150305151939,-0.144761994481087,-1.61612307800154,-1.73371113039496,-1.75449242173111
-0.59503161907196,0.208974957466125,0.045256681740284,-1.61371713628574,-1.86137217232968,-1.88535618389707
-0.292669057846069,0.206155732274055,0.197805747389793,-1.61406918689661,-1.93775664186803,-1.9651868194453
-0.0225241426378489,0.115307837724686,0.259280025959015,-1.61694785029664,-1.97200089280543,-2.00185436008516
0.186527863144875,0.0643879324197769,0.238161683082581,-1.62111077156608,-1.96708604091145,-1.99802462229061
0.314030706882477,0.00273282919079065,0.159899368882179,-1.62525532137353,-1.92345777146787,-1.95512540996332
0.321272104978561,0.229556664824486,0.0565756522119045,-1.62815027873984,-1.85758121203286,-1.89167109415293
0.211969047784805,0.258408010005951,-0.11818790435791,-1.62808301411428,-1.7927357256922,-1.83035806538826
0.00329200690612197,0.224653780460358,-0.137733906507492,-1.62614365790338,-1.76509905727542,-1.80618507402223
-0.262126594781876,0.234187632799149,-0.00595270935446024,-1.62491272584679,-1.79706816204526,-1.84156059236745
-0.519544839859009,0.276924163103104,0.0629022568464279,-1.6239794390772,-1.88779651988052,-1.93664818537582
-0.747261583805084,0.167389422655106,0.0292739868164062,-1.62103637398334,-2.0222533627175,-2.07463842072354
-0.987191379070282,-0.0377046093344688,-0.0675388425588608,-1.61389958868294,-2.1749611071097,-2.22830184015574
-1.22600853443146,-0.0808781832456589,-0.0520467013120651,-1.60253261941603,-2.32968298413873,-2.38258681692751
-1.42868971824646,-0.0527115203440189,-0.0277054086327553,-1.58727886606289,-2.46973269410004,-2.52236017340782
-1.62218165397644,0.0882487893104553,0.0395260937511921,-1.56841552408791,-2.58993363946376,-2.64396804283642
-1.77322685718536,0.142496854066849,0.129375815391541,-1.54657668445874,-2.69239689083477,-2.74935429918324
-1.82326066493988,0.106978535652161,0.124743513762951,-1.52257319296151,-2.77281506937225,-2.83291272073387
-1.77243268489838,-0.0171338189393282,0.0427170917391777,-1.4976369328777,-2.82936959430917,-2.89058806857041
-1.58777046203613,-0.0907441228628159,0.00860199891030788,-1.47398559496455,-2.86756096559517,-2.92874369757592
-1.33687007427216,-0.182544618844986,0.0774260684847832,-1.45358526629906,-2.89796009070411,-2.95759033395255
-1.08625090122223,-0.229786425828934,0.177263721823692,-1.43710852095569,-2.92678298587076,-2.98379313006254
-0.895322442054749,-0.241638034582138,0.15606601536274,-1.42369232871177,-2.95168905917284,-3.00595340454536
-0.779873371124268,-0.250620603561401,-0.00766139291226864,-1.41183928402419,-2.96672206921934,-3.01764891315206
-0.720231294631958,-0.226619929075241,-0.126863956451416,-1.40067751087049,-2.97258720783913,-3.02003990330158
-0.693758189678192,-0.237474173307419,-0.107478804886341,-1.38995949602032,-2.97636115468483,-3.02042452728214
-0.680626928806305,-0.263091921806335,-0.0241160001605749,-1.37965917531451,-2.98365941210245,-3.02393883047246
-0.658715784549713,-0.153568357229233,0.0263295955955982,-1.36980970628573,-2.99255028768195,-3.03018046940976
-0.632356584072113,0.109564200043678,0.0513238981366158,-1.3604203204537,-2.99885373669647,-3.03709498235248
-0.635319352149963,0.295660316944122,0.0194485206156969,-1.35112188888053,-3.00086830903185,-3.04325004244346
-0.685925304889679,0.262016326189041,-0.0417887344956398,-1.34118797131563,-2.99993832498674,-3.04692380633593
-0.758188545703888,0.19836650788784,-0.0626130625605583,-1.33017281333393,-2.99913605907497,-3.04944363400171
-0.804843664169312,0.23048423230648,0.0321656465530396,-1.31837482820929,-3.00044192317139,-3.05436559501974
-0.806964993476868,0.153165936470032,0.154891729354858,-1.30666403793058,-3.00696181048276,-3.06428789607008
-0.804860055446625,0.107698857784271,0.159132540225983,-1.29506498140163,-3.01553486398963,-3.07551717012692
-0.821204900741577,0.126845926046371,0.0778784453868866,-1.28317730136047,-3.02175160692494,-3.08417634053912
-0.848818719387054,0.241053447127342,-0.0578223988413811,-1.27067702899946,-3.02220579557101,-3.08804611860009
-0.875601589679718,0.286105096340179,-0.164750456809998,-1.25750355518297,-3.01757235010464,-3.08756384654606
-0.906437277793884,0.250484496355057,-0.171393975615501,-1.24380199788292,-3.01210253916982,-3.08602153394609
-0.911126792430878,0.0937723889946938,-0.118179745972157,-1.22990415930126,-3.0099296894867,-3.08608760539482
-0.83768618106842,0.0815623253583908,-0.108102343976498,-1.21676124848802,-3.00955541924701,-3.08691586764078
-0.728713572025299,0.120932370424271,-0.141530349850655,-1.20508139053195,-3.00747418325495,-3.08647238815505
-0.621166348457336,0.107471957802773,-0.132300361990929,-1.19503339794216,-3.00468348763169,-3.08530665025474
-0.532079637050629,0.0629076808691025,-0.0826377347111702,-1.18643792212362,-3.00323508012212,-3.08492560665034
-0.440514594316483,0.00838079210370779,-0.072484165430069,-1.17928169549074,-3.00273137449252,-3.08511255924658
-0.343936920166016,-0.141892597079277,-0.145695000886917,-1.17343743316226,-3.00265345915656,-3.08342402691244
-0.248424530029297,-0.141668364405632,-0.223036393523216,-1.16881188762448,-3.00103616402245,-3.0787051952206
-0.162507742643356,-0.0671384632587433,-0.179684922099113,-1.16550814276345,-2.99784263251523,-3.07358198297994
-0.129356175661087,-0.0883867666125298,-0.0705560371279716,-1.16327692950541,-2.99677255364323,-3.07107432874015
-0.148607641458511,-0.0611855015158653,-0.0631785467267036,-1.16109049769606,-2.99732861598792,-3.07039052846442
-0.215961918234825,-0.178295075893402,-0.156646445393562,-1.15798421468403,-2.99734188027837,-3.06765836437634
-0.304416954517365,-0.226586177945137,-0.154065310955048,-1.15350441715563,-2.99763568980775,-3.0642527453072
-0.370764017105103,-0.157258778810501,-0.00170693243853748,-1.14811780538977,-3.00070067632894,-3.06425824849007
-0.407452791929245,-0.128026321530342,0.17216445505619,-1.14246571858865,-3.00685460583961,-3.06932341837391
-0.431887030601501,-0.0710200220346451,0.284199923276901,-1.13674060950971,-3.01597242778011,-3.07837947490594
-0.486351311206818,-0.066357895731926,0.29773411154747,-1.13042856541298,-3.02566854665045,-3.08861131742209
-0.580912947654724,0.223454490303993,0.1361393481493,-1.12273557024255,-3.03077850801359,-3.09647044675512
-0.738674342632294,0.0378340221941471,-0.0968217253684998,-1.11244879684574,-3.03095033907869,-3.09839526044416
-0.844075083732605,0.0138296196237206,-0.228892683982849,-1.09995279651206,-3.02836698326997,-3.09597766014007
-0.894162476062775,-0.145082265138626,-0.224035084247589,-1.08635137040841,-3.02733606228089,-3.09301464303434
-0.901123464107513,-0.185853138566017,-0.157905593514442,-1.07252672736747,-3.02889215768157,-3.09144883358915
-0.858577609062195,-0.0944308042526245,-0.0293809063732624,-1.05932806735579,-3.03173171054417,-3.09237712164564
-0.775448322296143,0.110424868762493,0.0856356993317604,-1.04746215149481,-3.0341064996771,-3.09625763806476
-0.679858684539795,0.188107416033745,0.119441330432892,-1.0370989526214,-3.03543885107386,-3.10123760818964
-0.593478560447693,0.121610678732395,0.113529644906521,-1.0280810265362,-3.03690132942077,-3.10596394204103
-0.527000963687897,0.064748726785183,0.0679826661944389,-1.02010190149311,-3.03809414098059,-3.10964995608331
-0.498400002717972,-0.0593468546867371,-0.0312760099768639,-1.01256766172825,-3.03948363638467,-3.11114293562468
-0.492273658514023,-0.0353981144726276,-0.00130905606783926,-1.0051457949113,-3.04096419081284,-3.11187154050994
-0.479648143053055,0.100607126951218,0.135608837008476,-0.998108383376617,-3.04273380104931,-3.11535621764248
-0.4793421626091,0.00578181305900216,0.225227937102318,-0.991303183049212,-3.04635695952567,-3.121261865832
-0.474579364061356,-0.0848498195409775,0.2924525141716,-0.984666070784385,-3.05302954000453,3.15436928702051
-0.474709838628769,0.0289100352674723,0.304311573505402,-0.978059882272047,-3.05949085294939,3.1463336862956
-0.552976667881012,0.162104845046997,0.23344698548317,-0.970772259562622,-3.06311969202208,3.1390134059072
-0.729053676128387,0.316204935312271,0.136335358023643,-0.961076151051078,-3.0628141200451,3.13383354195919
-0.95075649023056,0.106626398861408,0.0268208477646112,-0.948010906920891,-3.06248720536633,3.1305646834552
-1.09910535812378,0.249304994940758,0.0494923368096352,-0.932256166465942,-3.06185493734694,3.12760679687174
-1.19016253948212,0.259771466255188,0.104445606470108,-0.914960060826284,-3.06083179736752,3.12334905818255
-1.27701115608215,0.260505706071854,0.16582453250885,-0.896541010309986,-3.06093698391013,3.11759257288231
-1.37574601173401,0.201213091611862,0.125608682632446,-0.876598447381077,-3.06172658272849,3.11178297518754
-1.42554759979248,0.244591191411018,0.0922200977802277,-0.85562077654118,-3.06158498483429,3.10688485859847
-1.45711433887482,0.175211846828461,0.048159159719944,-0.834038384003507,-3.06122331260285,3.1027539019101
-1.45976412296295,0.149997308850288,-0.0138259129598737,-0.812197521161923,-3.0608401945258,3.0997452254616
-1.44317483901978,0.147392213344574,-0.0831394717097282,-0.790429771636132,-3.05964606745506,3.09810477999024
-1.42138075828552,0.15241439640522,-0.138527899980545,-0.768845676427955,-3.05768155817696,3.09776938290217
-1.40563035011292,0.150312632322311,-0.111727975308895,-0.747564399621783,-3.05547474000688,3.09736471155323
-1.39562726020813,0.225358381867409,-0.0389661528170109,-0.726525982772083,-3.05346768110492,3.09581075812258
-1.40364551544189,0.188918352127075,0.0260927397757769,-0.70559315882959,-3.0520000166065,3.09292432065173
-1.39406418800354,0.2235237210989,0.0261891465634108,-0.68470162339055,-3.0506115480207,3.08965828251894
-1.37799263000488,0.241800203919411,0.0156318433582783,-0.664050088101929,-3.04866362634112,3.08664928191382
-1.3631249666214,0.216857567429543,0.0221118461340666,-0.643617789553404,-3.04660846063519,3.08364126711061
-1.34803652763367,0.090010404586792,0.00606523687019944,-0.623390117688831,-3.0460093815151,3.08071718454388
-1.30382752418518,-0.0252746399492025,-0.0503639504313469,-0.603588422516033,-3.04684730966886,3.07869552982289
-1.25029647350311,-0.113377600908279,-0.0768022090196609,-0.584507186587706,-3.04880339834528,3.07750953223248
-1.18523800373077,0.0172816086560488,-0.0869302153587341,-0.566308771614126,-3.04989583047533,3.07662454525142
-1.11656522750854,0.154171019792557,-0.145087793469429,-0.549084267977802,-3.04792800958313,3.07658309224304
-1.05133461952209,0.0768519937992096,-0.169303387403488,-0.532761906204551,-3.04598993401391,3.07728599392161
-0.97083568572998,-0.0120235495269299,-0.111196406185627,-0.517605539524801,-3.04572967647411,3.07764697564145
-0.866150796413422,0.0301816947758198,-0.019695520401001,-0.504033148801482,-3.04595477311616,3.07676686657653
-0.751453280448914,0.0580127947032452,0.0237970948219299,-0.492267538642829,-3.04566708610609,3.07512066020663
-0.638418912887573,0.0303535498678684,0.0148915397003293,-0.482175919274763,-3.04579112956481,3.07351344974016
-0.494163751602173,0.0738152712583542,-0.0321867540478706,-0.474028653455478,-3.04512537529738,3.07278403556317
-0.346728205680847,0.0696335732936859,-0.0760873705148697,-0.46802920591402,-3.04392873877559,3.07304881764306
-0.246120885014534,0.030995637178421,-0.125666365027428,-0.463734086720911,-3.04280522903325,3.07426070956466
-0.240350872278214,-0.0624056793749332,-0.173780098557472,-0.459938918619842,-3.04260206020711,3.07633641956374
-0.340263098478317,-0.159519985318184,-0.20015712082386,-0.455102135192313,-3.04366438403088,3.07887760765463
-0.507617473602295,-0.193331748247147,-0.192734882235527,-0.448063890234935,-3.04578599159961,3.08118083888752
-0.674215495586395,-0.182573109865189,-0.151088371872902,-0.438566703461864,-3.04808772329334,3.0827377813312
-0.867834270000458,-0.170375823974609,-0.065828874707222,-0.426469405993276,-3.05046745054056,3.08270131458473
-1.02658712863922,-0.177207365632057,-0.0679359659552574,-0.411772492673079,-3.05357379894805,3.0821328653318
-1.16832196712494,-0.098569817841053,-0.0687801912426949,-0.394914649999053,-3.05576384883521,3.08118088662298
-1.26193571090698,0.0760954692959785,-0.0916444957256317,-0.376288627924606,-3.05571386490188,3.08061114383032
-1.28505444526672,0.291018158197403,-0.012552335858345,-0.357007334077314,-3.05244150900571,3.07917622987134
-1.24566972255707,0.352119326591492,0.112717963755131,-0.338234024048009,-3.0482461823676,3.07602764906589
-1.16319024562836,0.357068806886673,0.307632058858871,-0.320774121306551,-3.04379099426279,3.07033410071661
-1.04290544986725,0.213206723332405,0.448178261518478,-0.305302363883859,-3.04141991649757,3.06198950593372
-0.899298191070557,0.049182366579771,0.480989992618561,-0.292005441834259,-3.0414502076662,3.0531143869582
-0.752297520637512,-0.00562442466616631,0.48829984664917,-0.280895095573318,-3.04313980746367,3.04431592545816
-0.598540723323822,0.0551675520837307,0.450912237167358,-0.271984570239824,-3.04401577414259,3.03608889836752
-0.431584239006042,0.178446337580681,0.364544868469238,-0.265365440247466,-3.04282153649569,3.02926929737266
-0.260565876960754,0.206549078226089,0.303741693496704,-0.261192482380006,-3.04045141086768,3.02384537995714
-0.0969742834568024,0.104746289551258,0.242762252688408,-0.259409915210471,-3.03898210064197,3.01963741788784
0.0400847718119621,0.0279082357883453,0.168819054961205,-0.259712853045127,-3.03857044260831,3.01679500924066
0.124638274312019,0.0500188656151295,0.125603407621384,-0.261460278219752,-3.03784798346237,3.01489478948333
0.143160566687584,0.0572666563093662,0.0787397548556328,-0.263769223289472,-3.03770131184781,3.01364930167847
0.0944998115301132,-0.167910546064377,0.0440259911119938,-0.265573381538854,-3.03905160190532,3.01306480965453
0.00707142846658826,-0.209687277674675,0.0508921518921852,-0.266207098888148,-3.04216261574422,3.01244683606779
-0.0867112576961517,-0.144271522760391,0.0503467358648777,-0.265444823738856,-3.04484569090926,3.01155761801453
-0.155675411224365,-0.0185287706553936,0.0126427663490176,-0.263467685922123,-3.04582151449841,3.01091655647558
-0.206621140241623,0.0411417484283447,-0.0121933417394757,-0.260570570518045,-3.04551137179806,3.01069067077963
-0.245941117405891,0.0326047204434872,-0.0242052637040615,-0.257047306551776,-3.04492553186344,3.0106020558448
-0.291287302970886,-0.103878557682037,-0.0748298242688179,-0.252826703904451,-3.04571524615097,3.01084043939176
-0.350201219320297,-0.0694028735160828,-0.16275355219841,-0.24770819431365,-3.04675337386711,3.01233127404706
-0.407306581735611,-0.0499013401567936,-0.213300883769989,-0.241557222445168,-3.04732404551102,3.0146946090986
-0.43318983912468,-0.0755779445171356,-0.177183091640472,-0.234856767488857,-3.04800386990325,3.01690345255282
-0.438080489635468,-0.096834234893322,-0.104613021016121,-0.228069036780614,-3.04927375664304,3.0180781060894
-0.415913671255112,-0.00370428618043661,-0.0830174461007118,-0.221587159632142,-3.04982546253123,3.01861920063674
-0.393178522586823,0.0522734969854355,-0.125533744692802,-0.215423089949054,-3.04913368463183,3.01955533489519
-0.373620003461838,0.064947210252285,-0.169181361794472,-0.209510442555397,-3.04805408012307,3.0212834246338
-0.385983735322952,0.0517621710896492,-0.217333972454071,-0.203531009088237,-3.04694469443535,3.02368130207721
-0.436147034168243,-0.101690769195557,-0.203927621245384,-0.196946791759979,-3.04742416770673,3.0261262115735
-0.490741848945618,-0.248525768518448,-0.171319872140884,-0.189607973513736,-3.05030751602376,3.02810917169468
-0.560370147228241,-0.264215767383575,-0.129068821668625,-0.181343063625008,-3.05422302978819,3.02935587109478
-0.641397893428802,-0.260554730892181,-0.124252237379551,-0.171962445159109,-3.05812554112284,3.03024347325662
-0.718926548957825,-0.236519426107407,-0.154636234045029,-0.161378790277634,-3.06173831475623,3.03134851120615
-0.805812180042267,-0.249389410018921,-0.210749045014381,-0.149509146675602,-3.06536868219599,3.03306814803744
-0.883491516113281,-0.21876759827137,-0.224039807915688,-0.136369955929298,-3.06868786361914,3.03521822584772
-0.973614752292633,-0.405909508466721,-0.270733565092087,-0.121880577011002,-3.07454992605963,3.03777266731687
-1.05851769447327,-0.421948671340942,-0.309748858213425,-0.106049259123171,-3.08085867637923,3.04080867980966
-1.11549866199493,-0.47875788807869,-0.250368356704712,-0.089288529055664,-3.08779412057643,3.04393000865666
-1.16345071792603,-0.566673874855042,-0.125812843441963,-0.0719033649657844,-3.09606684073965,3.04511278229311
-1.19900393486023,-0.569520533084869,-0.0811915844678879,-0.0539801751712972,-3.10480226605068,3.0454811159122
-1.19953894615173,-0.364572733640671,-0.0254580155014992,-0.0358899412833595,-3.111380102245,3.04519196956262
-1.17478668689728,-0.375662922859192,-0.0530755259096622,-0.0180932917961868,-3.11644832127714,3.04488261005631
-1.17786610126495,-0.561490833759308,-0.183572545647621,-0.000372884116692715,-3.12415151254693,3.04625089437405
-1.19468855857849,-0.545939564704895,-0.332116216421127,0.0176758109088277,-3.13324851325169,3.0498727116665
-1.17159283161163,-0.402480959892273,-0.418331265449524,0.0355824570617995,-3.14077624921491,3.05549298697796
-1.13538956642151,-0.264054924249649,-0.419027417898178,0.0529536454424521,-3.14650285542323,3.06166541641344
-1.10478603839874,-0.193649187684059,-0.386719554662704,0.0697860917781858,-3.1508078956977,3.06754709881712
-1.06797635555267,-0.196784004569054,-0.330948173999786,0.0861051750168318,-3.15476508075578,3.07284537667126
-1.01024007797241,-0.267998516559601,-0.229184508323669,0.101644705582745,-3.15918406132449,3.07681786851304
-0.931834816932678,-0.206393748521805,-0.179486721754074,0.116112672975358,3.11942176628529,3.0797428880276
-0.817354023456573,-0.105444498360157,-0.235245853662491,0.128999282550024,3.11652108290591,3.08306618154388
-0.69094043970108,-0.108615525066853,-0.312389671802521,0.140003194297185,3.11397343141206,3.08767441760481
-0.569155931472778,-0.097471259534359,-0.347898125648499,0.14910475484618,3.11089579221724,3.09304545622432
-0.44150584936142,0.0124832056462765,-0.325599998235703,0.156337818643485,3.10897674544649,3.09842520931964
-0.3250692486763,0.156386315822601,-0.240330368280411,0.161731044460919,3.10941712623551,3.10279210219908
-0.257979184389114,0.174047991633415,-0.113854579627514,0.165851464999201,3.11152439410923,3.10526937223154
-0.24674092233181,0.127726569771767,-0.0572240613400936,0.169562590732262,3.11342084572226,3.1064154757041
-0.287254244089127,0.0705506429076195,-0.0532719306647778,0.173627239249944,3.11445152179019,3.10730592403201
-0.395307213068008,0.0561647787690163,-0.00379359116777778,0.178932776250132,3.11527868406103,3.10775219191011
-0.596147358417511,0.0130383465439081,0.0557328499853611,0.186772396760432,3.11595096080972,3.10719734914764
-0.864688575267792,0.0500584170222282,0.0561589561402798,0.198421446067767,3.11645020542711,3.10631667178972
-1.09398114681244,-0.00566529994830489,-0.0425734780728817,0.213819487465762,3.11678339812152,3.10639220303649
-1.19214844703674,0.0527138561010361,-0.151020586490631,0.231419584236499,3.11639290639442,3.10847999702874
-1.14728426933289,-0.0233534835278988,-0.161483615636826,0.249027877619596,3.11556979655841,3.11123034632845
-0.993264079093933,-0.111495323479176,-0.102897807955742,0.264828719158304,3.11355477042953,3.11339495491165
-0.791757643222809,-0.213662177324295,0.00938213244080544,0.277770384880904,3.11050941925874,3.11407798771691
-0.61246645450592,-0.249775722622871,0.101291015744209,0.287871251672606,3.10727098600177,3.11298620315034
-0.572210609912872,-0.219063863158226,0.00546462181955576,0.296323507243002,3.10389724915575,3.11209002086607
-0.767020344734192,0.00026848865672946,-0.266853719949722,0.306613884869475,3.10148229678678,3.11522512473203
-1.12517905235291,-0.0208692867308855,-0.496683984994888,0.321443315156182,3.09850079804248,3.12268665505586
-1.51445543766022,0.0585110224783421,-0.58243989944458,0.342135917078878,3.09405188306178,3.13287194251889
-1.81401550769806,0.173253580927849,-0.448641091585159,0.367766199800268,3.0918869005374,3.14222797226539
-1.91759932041168,0.315263718366623,-0.304997116327286,0.396229216556896,3.09283113747959,3.14911296722857
-1.73846507072449,0.260204464197159,-0.316702246665955,0.423476143339945,3.0937919422343,3.1554370803234
-1.33472609519958,0.0346783958375454,-0.418961226940155,0.445607312394734,3.09170848396054,-3.1202472707688
-0.812737226486206,-0.131847470998764,-0.519325077533722,0.460240642107906,3.08518719554604,-3.11078678578607
-0.312915682792664,-0.225218430161476,-0.523642599582672,0.46702687118186,3.07676423930019,-3.10089006296391
0.0203086230903864,-0.184853971004486,-0.367646366357803,0.467831139619596,3.06933640042191,-3.09300854647469
0.121718071401119,-0.11271958053112,-0.145843401551247,0.46607517571336,3.06521577156011,-3.08923330025004
0.0527720265090466,0.00237132096663117,0.0588743165135384,0.464800202395084,3.06480083697704,-3.08923760255541
-0.0984449237585068,0.0350688137114048,0.16899336874485,0.465603156354488,3.06653614081393,-3.09175960630061
-0.231547862291336,0.0551365315914154,0.157467737793922,0.468651536950829,3.06891662868006,-3.09468850501874
-0.325530797243118,0.0886404290795326,0.058635164052248,0.473249857190253,3.07073788410421,-3.09610297759492
-0.357976883649826,0.209706395864487,-0.0119433961808681,0.478587079321845,3.07306188799207,-3.09583971963319
-0.334903806447983,0.217843413352966,-0.0918840393424034,0.483738766698586,3.07533074616855,-3.09424850184794
-0.288030296564102,0.219792053103447,-0.0905093103647232,0.488284558288169,3.07762931149489,-3.09228804799747
-0.215477541089058,0.205315113067627,-0.100731588900089,0.491844645076616,3.07948629944161,-3.09024553212118
-0.12061920017004,0.212427884340286,-0.103311657905579,0.494034112954035,3.08150906053148,-3.08823489412568
-0.0820363909006119,0.212111487984657,-0.128692656755447,0.49527603648223,3.0834901072284,-3.08608245419831
-0.123268254101276,0.335540235042572,-0.169422507286072,0.496722973048985,3.08588193789955,-3.08317343803783
-0.250026732683182,0.402162134647369,-0.176589071750641,0.499702752686409,3.08970526717104,-3.07969798604983
-0.353843927383423,0.457063466310501,-0.125946938991547,0.504527294566952,3.09463255371968,-3.07681245008847
-0.377957791090012,0.46190881729126,-0.0492042191326618,0.510158555187431,3.10067935184512,-3.07520777114479
-0.309455960988998,0.321285933256149,0.0418812185525894,0.515235991009909,3.10672026889441,-3.07545879259765
-0.243430867791176,0.0957971438765526,0.0527682192623615,0.519231951659133,3.10946549263822,-3.0761754538919
-0.197812527418137,-0.0028247726149857,0.0785992816090584,0.522431687468491,3.11056303675146,-3.07747435263553
-0.169490352272987,0.0341180637478828,0.129015058279037,0.525099597406583,3.1120787756456,-3.07955756055962
-0.173913061618805,0.0428961105644703,0.147150650620461,0.527686595963188,3.11436287755482,-3.08226664024593
-0.17768968641758,0.0393770113587379,0.091587521135807,0.530352104622353,3.11640753956884,-3.08446695372096
-0.166340887546539,0.0616466291248798,0.0115845669060946,0.53290769945133,3.11746012525879,-3.08504553459214
-0.150364860892296,0.089724600315094,0.0117161255329847,0.535269069960531,3.11860608143384,-3.08507055235194
-0.119879640638828,0.148291766643524,0.0578953363001347,0.537233678234837,3.1209517207934,-3.0857776636725
-0.0804387629032135,0.17038269340992,0.177787646651268,0.538669272590792,-3.1580942790821,-3.08836531697443
-0.0296589359641075,0.103232957422733,0.221838995814323,0.539370600121958,-3.15352327767777,-3.09252811473215
0.0116022173315287,0.0376171953976154,0.135536074638367,0.539367649600127,-3.15063606641844,-3.09577461906943
0.0143806934356689,-0.0179981328547001,0.0628765150904655,0.53908349556678,-3.14968432221349,-3.09728945104424
-0.0453452207148075,-0.0544922277331352,0.0699280351400375,0.539435489025069,-3.14977597556831,-3.09854574689971
-0.115583963692188,0.0118335317820311,0.0577888116240501,0.540836012412462,-3.14922952710455,-3.09979878556793
-0.135514006018639,0.0951071158051491,0.0192938856780529,0.542867833804875,-3.14776743531729,-3.10040365395746
-0.0621777325868607,0.090538464486599,0.0411259457468987,0.5442852440489,-3.14592315633547,-3.1010058783416
0.0454999953508377,0.00121204694733024,0.0374662280082703,0.544113612194809,-3.145182799128,-3.10167543613492
0.0550564825534821,-0.0529475919902325,0.0428149215877056,0.543193343926469,-3.14522473755142,-3.10237175420352
-0.0775178074836731,-0.0856141895055771,0.0942517444491386,0.543547932038979,-3.14551182572043,-3.10380864889748
-0.265506595373154,-0.0140760969370604,0.143294930458069,0.546602854126286,-3.14460211084956,-3.10634828387983
-0.36362811923027,0.0979612246155739,0.150243118405342,0.551635488461893,-3.14179347722185,-3.10941123402318
-0.315552741289139,0.15179169178009,0.134589046239853,0.556776019542625,-3.13801720943206,-3.11219305856409
-0.161049455404282,0.145643785595894,0.135587736964226,0.559958511464233,-3.13402799571735,-3.11491219920013
0.0138728283345699,0.152287572622299,0.116440139710903,0.560531922684592,-3.13022233630115,-3.11742212351945
0.0932912230491638,0.0736186057329178,0.0538681037724018,0.559314408411691,-3.12770304913064,-3.11884329613001
-0.122531615197659,-0.209304720163345,0.0051945773884654,0.559510713686054,-3.12884420328339,-3.11896195983951
-0.741279780864716,-0.189685478806496,0.0855607911944389,0.567401951790591,-3.13114035313082,-3.12027833272841
-1.32084488868713,0.0540065541863441,0.187762260437012,0.584478428082146,-3.12923621143912,-3.12392684902489
-1.68981683254242,0.144708633422852,0.21641980111599,0.608253160563549,-3.12345867736595,3.15359979499903
-1.76602959632874,0.085670605301857,0.0375128984451294,0.634654519550635,-3.11943044366999,3.15017182197149
-1.6284784078598,0.054009884595871,-0.0940536484122276,0.66005151267083,-3.11825776858283,3.14987097485185
-1.36439383029938,0.0496071465313435,-0.0731169357895851,0.682071877623615,-3.11812248124926,3.15062273963592
-1.03752410411835,-0.0291161611676216,0.0816526636481285,0.699289713835768,-3.11670533413683,3.14907254239403
-0.742197275161743,-0.0841224193572998,0.187113299965858,0.711798030905371,-3.11422350918065,3.14456967294601
-0.482956647872925,-0.122353158891201,0.153518065810204,0.720184581656866,-3.11263813055452,3.14014719845132
-0.313978016376495,-0.12461019307375,0.0830598846077919,0.72556083313862,-3.11230453908163,3.1372892169824
-0.204114377498627,-0.0201796572655439,0.06785748898983,0.729120167087741,-3.1119118424309,3.13551953550547
-0.113687537610531,0.0693387761712074,0.0824175253510475,0.73118918025147,-3.1095855012734,3.13347275694889
-0.0573505014181137,0.0539947040379047,0.0987885072827339,0.732187904351636,-3.1070128811029,3.13134103729012
-0.0706300884485245,0.0132094584405422,0.156333029270172,0.732957009857455,-3.10425121350336,3.12810034728672
-0.157480835914612,0.0983941256999969,0.215659201145172,0.734641055898427,-3.09972589938677,3.12341790342593
-0.275866866111755,0.17589345574379,0.225645512342453,0.73795654354526,-3.09317367142744,3.11779682077301
-0.378445148468018,0.195405632257462,0.135287120938301,0.742962802178592,-3.08689641353396,3.11333357252159
-0.469368934631348,0.18133881688118,0.053515300154686,0.74946633538078,-3.08208827470402,3.11079191939252
-0.548025906085968,0.11988503485918,0.0326515659689903,0.757281531477315,-3.07855511295545,3.1089457299436
-0.619254589080811,0.0302643422037363,0.0160803124308586,0.766188463650606,-3.07630406787157,3.10729857609101
-0.700464189052582,-0.0601587668061256,0.0442986339330673,0.776233236691441,-3.07526159776666,3.10523437074184
-0.797146558761597,-0.0527365356683731,0.133387759327888,0.787498762093913,-3.07309706165678,3.10119126104448
-0.913933873176575,0.0294028092175722,0.204264059662819,0.800328340752296,-3.06797203914729,3.09466463287838
-1.04617261886597,0.148110285401344,0.213132917881012,0.814942496625871,-3.0602068337407,3.08703530435157
-1.19102621078491,0.251618027687073,0.202681079506874,0.831727952061209,-3.05007497540015,3.0786084286142
-1.29967820644379,0.310579627752304,0.196692690253258,0.850259471121241,-3.03819600493824,3.06954365817853
-1.37091910839081,0.270769625902176,0.180170446634293,0.870035346483817,-3.0256748625046,3.05978297463931
-1.3819751739502,0.106941543519497,0.108382284641266,0.890361890343645,-3.01520498305337,3.05051709048697
-1.37746512889862,-0.0800829380750656,-0.0370183251798153,0.910879483389629,-3.01048949618072,3.04433412866103
-1.31160998344421,-0.0440951101481915,-0.135876998305321,0.93105035705777,-3.00910494082384,3.04154532326802
-1.193150639534,0.0353504456579685,-0.158523991703987,0.949797291447196,-3.00813918712683,3.04057355764426
-1.03595197200775,0.0966143384575844,-0.10190623998642,0.96627605989839,-3.00563987919521,3.03913999338027
-0.879716515541077,0.0831169039011002,-0.054980281740427,0.980286138373585,-3.00207825515342,3.03663696078006
-0.743436694145203,0.0673765614628792,-0.0412937663495541,0.992091852421699,-2.9985082126988,3.03388205452241
-0.689022183418274,0.0757364854216576,-0.0494755282998085,1.00264027507132,-2.99505364295007,3.03132415267829
-0.692006528377533,0.0842857658863068,-0.0740501135587692,1.01300129220743,-2.99223431088719,3.02957998920254
-0.739513099193573,0.142712861299515,-0.126632630825043,1.02396436280132,-2.98965609987043,3.02883171069133
-0.817843556404114,0.193662062287331,-0.187966838479042,1.03606855719057,-2.9882371476092,3.03009282923548
-0.940024316310883,0.227593928575516,-0.230379268527031,1.0499209465245,-2.98713551280216,3.032424308949
-1.10608816146851,0.264016360044479,-0.250646978616714,1.06605371999191,-2.98553649794797,3.03482484188627
-1.30114078521729,0.283384203910828,-0.245488449931145,1.08498962509022,-2.98244603744084,3.03600602402031
-1.53273355960846,0.283623099327087,-0.204274967312813,1.10710829004367,-2.97635014390658,3.03406527724002
-1.73766028881073,0.322695404291153,-0.167121738195419,1.13231976940481,-2.96548330952508,3.02747125266024
-1.87307906150818,0.336388051509857,-0.157309055328369,1.15984340937411,-2.95005284016572,3.01658273346509
-1.9155535697937,0.308352679014206,-0.173632636666298,1.18840734655644,-2.93168255587917,3.00263892475058
-1.88398313522339,0.173102989792824,-0.124433390796185,1.21671818152836,-2.90992826941438,2.98370256908622
-1.78579318523407,0.0226823221892118,-0.0160768255591393,1.24340082039429,-2.87994662726081,2.95402870577554
-1.65715003013611,-0.0275616720318794,0.0188856869935989,1.26776837803625,-2.84013277785896,2.91326017934354
-1.51849150657654,-0.0651143789291382,0.00479862932115793,1.28991024399165,-2.79382630768431,2.86535610388123
-1.36918079853058,-0.0518297292292118,-0.0102370455861092,1.30966550583103,-2.74019950043091,2.81032521450875
-1.20477378368378,-0.0463020727038383,-0.045473862439394,1.32695507394965,-2.68094423689139,2.74982848552648
-1.01675140857697,0.0109787946566939,-0.101865760982037,1.34175013814466,-2.62144616162469,2.68961446698263
-0.781017124652863,-0.0292671620845795,-0.128139987587929,1.35370768098836,-2.56792993236203,2.63572566606345
-0.505390346050262,-0.0650161057710648,-0.085799440741539,1.36199873677371,-2.52564818092887,2.5924808230734
-0.236368983983994,-0.0334810838103294,-0.0210079327225685,1.36618626791663,-2.49792724698429,2.56395933032362
-0.0651205405592918,-0.0568508543074131,0.0153261050581932,1.36750818644036,-2.48444302200869,2.5493354883929
0.0163761861622334,-0.0727027878165245,-0.0428985878825188,1.36769521899479,-2.48802132504103,2.55198324382121
-0.0396519303321838,-0.0629574805498123,-0.0945165008306503,1.36858462018187,-2.49931908579045,2.56231692817199
-0.258105158805847,-0.0207666177302599,-0.0948275625705719,1.37147793634838,-2.49438544189791,2.55700001434397
-0.559507608413696,-0.132467582821846,0.0120365684852004,1.37704405738018,-2.44054669434049,2.50111562497284
-0.791363477706909,-0.123409368097782,0.0831605494022369,1.38403978600087,-2.3187640061722,2.37699295785615
-0.934124350547791,-0.0913457125425339,0.0790598168969154,1.39098068868786,-2.12859997906497,2.18498271143914
-0.998815476894379,-0.0100196972489357,0.0413398630917072,1.39612595306894,-1.87307793565755,1.92849129993847
-1.02589666843414,0.0352108962833881,-0.0314145013689995,1.39829984731749,-1.57221655957192,1.62755618695283
-1.04140508174896,0.038250096142292,-0.0859794765710831,1.39670974508583,-1.26232039640651,1.31783684908943
-1.03853285312653,-0.00704308273270726,-0.0475580543279648,1.39057400900463,-0.994867239282097,1.05012974173784
-1.02693343162537,-0.0059431972913444,-0.0335977636277676,1.38103853691519,-0.797628775773891,0.852413227755119
-1.04250526428223,0.0274491142481565,-0.0817253440618515,1.36979344543881,-0.648510708069771,0.703286896675414
-1.05610871315002,0.0111281052231789,-0.109596192836761,1.35731896437283,-0.531548667734909,0.586196966263738
-1.0355931520462,0.0476807914674282,-0.141466245055199,1.3441816869823,-0.440356074845241,0.495010446567734
-0.957884967327118,0.0137936631217599,-0.131382450461388,1.33125078729989,-0.372101247425137,0.426632234069921
-0.850592076778412,-0.0265811905264854,-0.0922771245241165,1.31916399058685,-0.325138865758384,0.379219184856607
-0.724044561386108,-0.0313636921346188,-0.0626233592629433,1.3084514509839,-0.293472121421841,0.346780324106473
-0.61243200302124,-0.0403955392539501,-0.0309349354356527,1.29922734386665,-0.272617973046387,0.325022574237213
-0.558410048484802,-0.0400131084024906,-0.116021864116192,1.29119003369145,-0.251995852092117,0.303781328759556
-0.559742152690887,-0.105443254113197,-0.205805554986,1.28365487948086,-0.225650365268016,0.275792871185019
-0.598921239376068,-0.0805016830563545,-0.234871283173561,1.27569801575667,-0.197376773770063,0.245636040330367
-0.666203081607819,-0.0248741023242474,-0.219234272837639,1.26673863877941,-0.170189159499918,0.217375266541091
-0.752918541431427,0.0407411269843578,-0.174878254532814,1.25635998638347,-0.146796595187188,0.19377045362329
-0.804275989532471,0.0692609176039696,-0.151688516139984,1.24484103992225,-0.127188790261741,0.174740014675714
-0.792857944965363,0.0498986728489399,-0.116389915347099,1.23306814982272,-0.111397009027413,0.159512335825284
-0.755155861377716,-0.00727140810340643,-0.039306316524744,1.22166669221611,-0.102303155223028,0.150369642191763
-0.687437534332275,-0.0441210344433784,0.0166328493505716,1.21100660556079,-0.0991854676988901,0.146651354159157
-0.605506181716919,-0.10940283536911,0.0320530831813812,1.20152990328117,-0.0991651827462929,0.145270072698549
-0.53612893819809,-0.133621349930763,0.0196645930409431,1.19316219196117,-0.099947800936749,0.144127712302075
-0.501817882061005,-0.132829055190086,-0.00467510148882866,1.18552992088955,-0.0996959503144126,0.141782496356095
-0.47212228178978,-0.172946393489838,0.0125662032514811,1.17831172411721,-0.100176233617025,0.139746412802475
-0.530197322368622,-0.113886535167694,0.0720537602901459,1.17073832106097,-0.10250673281709,0.140379556168231
-0.592106223106384,-0.128685712814331,0.0844523757696152,1.16209840257179,-0.106199926574633,0.142082513886069
-0.694562017917633,-0.0263289883732796,0.0999066978693008,1.15212780386277,-0.109127805394154,0.144090730755432
-0.830613613128662,0.0466565378010273,0.0585105232894421,1.14025364485658,-0.108886914168011,0.14433304419891
-0.9345343708992,0.0176192931830883,0.00120302767027169,1.12672017638669,-0.105608993725263,0.141450908238496
-0.98078441619873,-0.0561603866517544,-0.0696572959423065,1.11227375838894,-0.100518896958979,0.135528056490632
-0.974698305130005,-0.108609482645988,-0.155108019709587,1.09777425863174,-0.0933004937207072,0.126451019284799
-0.957510530948639,-0.144502490758896,-0.169983372092247,1.08355320468829,-0.0856791120283633,0.11610350162509
-0.972036242485046,-0.133205637335777,-0.0931719467043877,1.06925299840136,-0.080758036769081,0.108517901557005
-0.999416947364807,-0.107731968164444,-0.00895426888018847,1.05444898813644,-0.0788644984246344,0.104672249541383
-1.03276193141937,-0.0456741899251938,0.0250654835253954,1.03916115528447,-0.0784678347284709,0.103045465042019
-1.07619857788086,-0.00122683122754097,-0.00507670547813177,1.0232536168089,-0.07676315429942,0.100983012757078
-1.14620721340179,0.00108266202732921,-0.0418411120772362,1.00645289478441,-0.0736752146358823,0.0976758104100888
-1.19074809551239,-0.0248160474002361,-0.0656519010663033,0.988796239780723,-0.07020082506424,0.0935277446234082
-1.16090178489685,0.231630921363831,-0.0737489759922028,0.971180784479843,-0.0639034886184042,0.089006933282319
-1.14593982696533,0.17695090174675,0.0448405183851719,0.953905102900718,-0.0590437755735623,0.0871854823305621
-1.12166678905487,-0.0335136651992798,0.199648469686508,0.936781109348039,-0.061434769406492,0.0906221081981577
-1.06074213981628,-0.159506738185883,0.18176481127739,0.920320314322521,-0.0673553459017854,0.0952248707499218
-0.941365122795105,-0.135828584432602,0.0554745197296143,0.905453549161902,-0.070948597157008,0.0967597426102782
-0.796344578266144,-0.097156822681427,-0.0791781023144722,0.892788238580334,-0.0705334528156765,0.094443625377976
-0.686010360717773,-0.125095769762993,-0.144703045487404,0.882069184417487,-0.0681871704124,0.0896903858446725
-0.614926040172577,-0.168558299541473,-0.107972197234631,0.872587649601902,-0.0669453064858436,0.0853452153174109
-0.539733529090881,-0.116672739386559,-0.0561689212918282,0.864126353748814,-0.0667710664618473,0.0826067040656593
-0.481640160083771,-0.0484356209635735,0.000879187369719148,0.856638510720862,-0.066864020052123,0.0814983210141371
-0.451838850975037,-0.0258208550512791,0.00429921876639128,0.849740117305632,-0.066909226290893,0.0810650882610307
-0.452532857656479,-0.0964130014181137,-0.0363581962883472,0.842982817331721,-0.0670777740410635,0.0799191316343426
-0.478696018457413,-0.0954888910055161,-0.0909945443272591,0.835977161681086,-0.066549603701364,0.0774020940351877
-0.507073879241943,-0.0197994485497475,-0.138095751404762,0.828593320057194,-0.0641976387667581,0.0735592879917061
-0.549452483654022,-0.0208253003656864,-0.166139900684357,0.820661909036307,-0.0606735064806969,0.0688893164161608
-0.594132363796234,-0.0119947912171483,-0.174965605139732,0.812039935531626,-0.0567696380323612,0.0638817915183372
-0.646319091320038,-0.0344977006316185,-0.177463129162788,0.802745125528759,-0.0532399812759021,0.0588113868609001
-0.731731235980988,0.0114815067499876,-0.159817546606064,0.792297017095152,-0.0493360595934844,0.0540460833407562
-0.815189599990845,0.0207458455115557,-0.120835795998573,0.780542082271811,-0.046085352168692,0.0502670316498567
-0.86866295337677,-0.0124461958184838,-0.0977206230163574,0.76778213515655,-0.0436861096145807,0.047147456686054
-0.874423384666443,-0.0717087239027023,-0.0465533100068569,0.754676179790995,-0.0428050061096276,0.0451541219023253
-0.835313022136688,-0.120428062975407,-0.00896758399903774,0.741854091773323,-0.0437757603825405,0.0442304538098461
-0.762977838516235,-0.159676119685173,0.00641589891165495,0.730052904569996,-0.0456886307967859,0.0438605206227645
-0.70771187543869,-0.152275457978249,0.0228023286908865,0.719109137781114,-0.0478497100789766,0.0437055158157434
-0.640701711177826,-0.164432793855667,0.0371098928153515,0.709151271973095,-0.0504812721869329,0.0439928943135577
-0.606861174106598,-0.107058726251125,0.0651540458202362,0.699920200173308,-0.0530341644798333,0.0447566772825785
-0.659309506416321,-0.0893455073237419,0.0915299952030182,0.690337884819593,-0.0553816574736725,0.0461426516351561
-0.735001027584076,-0.120360679924488,0.0963471159338951,0.679608237112448,-0.0580340113151786,0.0475986298715774
-0.780768811702728,-0.172141849994659,0.0917265340685844,0.668017120304729,-0.0613117735373601,0.0489248303828872
-0.774229407310486,-0.236138135194778,0.076754242181778,0.656242942365172,-0.0652152043374446,0.0499407127680664
-0.740940451622009,-0.26026850938797,0.0481114126741886,0.644902103790593,-0.069313895449666,0.0503171395831085
-0.739843726158142,-0.273284435272217,0.0449017696082592,0.633812841434285,-0.0734684557616567,0.050407207090765
-0.727179050445557,-0.271106779575348,0.0588700510561466,0.622805537298301,-0.0777888788075398,0.0506524434297483
-0.718915045261383,-0.198451474308968,0.086762934923172,0.611961145637304,-0.0815702586993189,0.0512874327062815
-0.750847160816193,-0.122536554932594,0.0802199691534042,0.600868014336545,-0.0843102635171385,0.0520750993145621
-0.780327320098877,-0.124773070216179,0.0394427105784416,0.589244200050252,-0.0860937340845756,0.0520993188908349
-0.78763610124588,-0.128075659275055,0.0223042033612728,0.577440930500604,-0.0877170533199814,0.0515220759611326
-0.804857432842255,-0.0694261938333511,0.0404057055711746,0.565465778144634,-0.0887808076610364,0.0511323223019015
-0.856052696704865,0.0196264460682869,0.043364480137825,0.552871464101952,-0.088726726540828,0.0508105050733937
-0.897482693195343,0.0392366349697113,0.0281626246869564,0.539548635262446,-0.0878975044806591,0.050288188365432
-0.885529100894928,0.0780178532004356,0.000511022750288248,0.526131343511855,-0.086281607147417,0.0493388203760018
-0.844523072242737,0.064523883163929,-0.0579746589064598,0.513289641092234,-0.0842609795441048,0.0475855147776238
-0.814257562160492,0.0944389030337334,-0.107943549752235,0.50110322418301,-0.0813199477838649,0.0448466085155117
-0.82710999250412,0.13568115234375,-0.101578593254089,0.488897435810101,-0.0777563357008331,0.0419436623506123
-0.85332190990448,0.119945861399174,-0.028073750436306,0.476307387919958,-0.0748327189823664,0.0401115987386727
-0.872905731201172,0.134354367852211,0.0177363492548466,0.463275465683153,-0.0725601362682382,0.0393681639644661
-0.885480642318726,0.184091553092003,-0.00792800169438124,0.450047802576369,-0.0696146710430642,0.0386392687208512
-0.873485207557678,0.204442098736763,-0.0398694202303886,0.436895402802636,-0.0658297427035898,0.0373159171326223
-0.857426106929779,0.197824418544769,-0.0483153685927391,0.424005351459143,-0.0620044885343114,0.0357961034227402
-0.859430909156799,0.177187845110893,-0.0622325167059898,0.411180735477342,-0.0584169856235863,0.0341781525632522
-0.878364145755768,0.0851031914353371,-0.0880779623985291,0.398157931718528,-0.0556788976078172,0.0322046247934851
-0.890237271785736,-0.0154391285032034,-0.067962571978569,0.384865933234,-0.0546319595648226,0.0302958411290715
-0.903628468513489,-0.0193462520837784,0.00136536487843841,0.371337002201116,-0.0544590294657875,0.0293162940378429
-0.87224018573761,0.0555535554885864,0.0657222494482994,0.357977407960193,-0.0543510540287321,0.0296624869730559
-0.791156530380249,0.165540516376495,0.0514061599969864,0.345634122527358,-0.052568521522094,0.030202283569657
-0.71401435136795,0.146516218781471,0.00382985407486558,0.33452891540776,-0.0501532548535984,0.0301229644985892
-0.667882800102234,0.0833148807287216,-0.0301078725606203,0.324324036648898,-0.0483056622977052,0.0294358056441022
-0.664657175540924,0.154739260673523,-0.0353564321994781,0.314398122633316,-0.0461157522133403,0.0285333507487288
-0.702366173267365,0.214713111519814,0.0103806983679533,0.304096699014244,-0.0430635576027966,0.0281178931600405
-0.736898601055145,0.280097186565399,0.0582797825336456,0.293156873922842,-0.0393740719760995,0.0285792647441308
-0.757314383983612,0.330099105834961,0.0763519927859306,0.281843566580478,-0.0349198946503404,0.0295520135499332
-0.760320007801056,0.311594128608704,0.0549545586109161,0.270411610671944,-0.0304127226607273,0.0304400935544744
-0.751430690288544,0.191156923770905,0.0164463147521019,0.259045858269226,-0.0269609001235479,0.0307862462731774
-0.713704347610474,0.136586084961891,-0.0314213410019875,0.248101339203581,-0.0247839286000156,0.0304762079392217
-0.667463839054108,0.236804306507111,-0.0822850540280342,0.237872094549287,-0.0213974239536346,0.0293714709475865
-0.635342657566071,0.363233089447021,-0.103311240673065,0.228237442633579,-0.0159734503829062,0.0277636570414271
-0.63442200422287,0.383885890245438,-0.0872651636600494,0.218722571395356,-0.00967206882230972,0.0263340878254145
-0.655743002891541,0.274642497301102,-0.0832395330071449,0.208980037670897,-0.00444551825100747,0.0251267509710511
-0.710158884525299,0.0822275131940842,-0.0698992237448692,0.198570421870075,-0.00190183796558237,0.0241355241296262
-0.750622153282166,-0.0648410320281982,-0.0692392960190773,0.187429159438401,-0.00193158177697738,0.0232359098831857
-0.735466063022614,-0.0877913534641266,-0.0958629176020622,0.176196593359362,-0.00297924727610833,0.0220898731646695
-0.639389634132385,0.0567253455519676,-0.119659326970577,0.166012581110955,-0.00240220311529566,0.0204570996996551
-0.482901483774185,0.114533253014088,-0.10363295674324,0.157955930800178,-0.000445472301588378,0.0188494900252594
-0.341484695672989,0.078311063349247,-0.0675055757164955,0.152158286381202,0.0013043020334926,0.0177105905565279
-0.265033602714539,-0.0106728691607714,-0.0339886322617531,0.147886023102329,0.0018124401076372,0.0171166777756693
-0.288681656122208,-0.080812007188797,-0.00857994426041842,0.143741895002782,0.000923946516138859,0.0169784057518866
-0.381599634885788,-0.0704975873231888,0.015389570966363,0.138546131351059,-0.000309885825505139,0.0172147268403649
-0.502282083034515,-0.0405269041657448,0.045605793595314,0.131583631924248,-0.00118019696076458,0.0179010478689376
-0.572559475898743,-0.0445522740483284,0.0398048982024193,0.123283764895106,-0.00205658355517576,0.0187467310243005
-0.574211180210114,0.0147177083417773,-0.0167505219578743,0.114599894646008,-0.00222342819722122,0.0189469737929113
-0.544325947761536,-0.000611713156104088,-0.021911196410656,0.10625159356564,-0.00200373084617263,0.0186933655108587
-0.475314408540726,-0.0538432449102402,0.00838865339756012,0.0987286260011085,-0.00248098457825072,0.018826970805066
-0.361356407403946,-0.138801544904709,0.0175898745656013,0.0927341043105535,-0.00433655427984018,0.0191444048595868
-0.277458041906357,-0.105471014976501,0.0491398125886917,0.0882420837781507,-0.00632663376936846,0.0197734425426575
-0.268215268850327,-0.0587530434131622,0.0876933336257935,0.0842799177748346,-0.00766024760650195,0.0209907382364034
-0.301444590091705,-0.0498160123825073,0.109913684427738,0.0799451765967345,-0.00873095659020492,0.0226195890879591
-0.345149219036102,-0.0528458878397942,0.111762449145317,0.0749514590884694,-0.00987994015295685,0.0244063446276166
-0.402985870838165,-0.0534765273332596,0.145561143755913,0.0692381339227603,-0.0113850361847652,0.0264744944377725
-0.446880370378494,-0.0423176139593124,0.168782323598862,0.0627174996591231,-0.0123228971153199,0.028984850724793
-0.43739578127861,-0.107260927557945,0.182663783431053,0.0560784502252032,-0.0141537762335395,0.0317442684995059
-0.385978937149048,-0.111997358500957,0.15202197432518,0.0500449190567418,-0.0162634874919111,0.0343229398024041
-0.356617033481598,-0.0962492898106575,0.0838775560259819,0.0445391556902819,-0.0181360867469783,0.0359899734527727
-0.350677132606506,-0.0468385964632034,0.0124100260436535,0.0392779935273238,-0.0192112705342397,0.0365574132372705
-0.390776067972183,-0.00790451373904943,-0.0337356328964233,0.0336591549260857,-0.0193901040023586,0.0362032268923426
-0.449666023254395,0.0553407669067383,-0.0030847773887217,0.0271983567121613,-0.0189234571146575,0.0359430613185513
-0.489641666412354,0.0980831757187843,0.0586403757333755,0.019979633888414,-0.017615864029269,0.0365089234212806
-0.501679956912994,0.100494667887688,0.094875879585743,0.0125113712987194,-0.0164342547143294,0.0378608620796445
-0.525186359882355,0.174267157912254,0.100135616958141,0.00478039041699733,-0.0142829245317812,0.0393688902892381
-0.552859783172607,0.164636373519897,0.09674222022295,-0.00341246983618401,-0.0118757647471532,0.0409416587395269
-0.514178454875946,0.104713380336761,0.0616912916302681,-0.0114211254365624,-0.0100884448250518,0.0421691077807098
-0.371727019548416,-0.00791729614138603,-0.0186600089073181,-0.0177280834324934,-0.00953911231670823,0.0423383792664737
-0.238000094890594,-0.145290613174438,-0.0755976364016533,-0.021935908265621,-0.01103115514472,0.0414967847977138
-0.172798722982407,-0.179284811019897,-0.0976347625255585,-0.0247389273785394,-0.0135420359145366,0.040085209998669
-0.218984052538872,-0.162606507539749,-0.0562673509120941,-0.027690654221079,-0.0159074192389432,0.0390218169418402
-0.31631726026535,-0.173833578824997,-0.0141920652240515,-0.0319085806896975,-0.0183927380160772,0.0386555553971898
-0.432498216629028,-0.170011162757874,-0.0106718996539712,-0.0378372260821057,-0.0209430227802877,0.0384868268766824
-0.496471345424652,-0.191336423158646,-0.00576901994645596,-0.0451030347723306,-0.0237421915514612,0.0383369232937194
-0.46354666352272,-0.212000161409378,0.00724052172154188,-0.0523582627812216,-0.0267778531721778,0.0383001243464418
-0.37338775396347,-0.245746672153473,0.055852796882391,-0.0584535347205799,-0.0303615260097261,0.0387882195609988
-0.299349993467331,-0.210042715072632,0.118312448263168,-0.0632686914252375,-0.0338273300667457,0.0402360519720424
-0.288886964321136,-0.186158955097198,0.139763683080673,-0.0675903941181303,-0.0368632775623862,0.0422101468922687
-0.323744565248489,-0.0995604246854782,0.102242939174175,-0.0722380400659006,-0.0390041285159592,0.0439086033416224
-0.332750558853149,0.0657851248979568,0.0307924523949623,-0.0773128115457098,-0.0387758162128683,0.0446533656588196
-0.245987445116043,0.0715982764959335,-0.020968746393919,-0.0815395047463713,-0.0375858756169664,0.04444426152251
-0.101124010980129,0.041706956923008,-0.0136482492089272,-0.0837993517773399,-0.0368071922822408,0.0440893165973124
0.0542464107275009,0.0464998446404934,0.00979449320584536,-0.0837236510724532,-0.036179737463578,0.0441417686548713
0.174553111195564,0.0286641232669353,0.022307088598609,-0.0816366266975364,-0.0355992855690554,0.0445205590863514
0.219525381922722,0.00558330584317446,-0.00198679906316102,-0.0784418330796869,-0.035397231222027,0.0446992495990819
0.163405925035477,0.0078046484850347,-0.0429329015314579,-0.075561086723883,-0.0353470279991148,0.044317185470786
0.0112091917544603,0.058227077126503,-0.0652326121926308,-0.0745288361380953,-0.0347275019069304,0.0434154099488573
-0.165753066539764,0.0980940610170364,-0.0578002668917179,-0.0761708114733919,-0.0333956413314169,0.0424653311585813
-0.268164932727814,0.0975696891546249,-0.0445829965174198,-0.0798579718613394,-0.0317350498989237,0.0416698375106156
-0.22437696158886,0.0269272103905678,-0.0539796948432922,-0.083624537632247,-0.0309187445387775,0.0408609270667108
-0.0943390727043152,0.00246501062065363,-0.0574300847947598,-0.0857153622396985,-0.0307975265888386,0.039971678671884
0.0259053129702806,0.0106510352343321,-0.0384843572974205,-0.0858647721035929,-0.0306582197876913,0.0392742929679833
0.0885734856128693,0.0202155113220215,-0.0156397596001625,-0.0847366873023465,-0.0304257257989801,0.0389275265453267
0.0799283310770988,0.0571397058665752,-0.00284380442462862,-0.0834298500578521,-0.0297605702549035,0.0388468613832459
0.0256062410771847,0.0519723743200302,-0.00533812120556831,-0.082732505301071,-0.0288914862486342,0.0387655472684249
-0.0638855621218681,0.000421034637838602,-0.00597088783979416,-0.0832121654756489,-0.0286397883932615,0.0386690343746943
-0.153182148933411,-0.0490820705890656,-0.0290280040353537,-0.0850920097837316,-0.0291055184086936,0.0383658623637018
-0.102661982178688,0.143767535686493,0.037705484777689,-0.0870820236501139,-0.027654199995633,0.0384544716554841
0.0481419116258621,0.0220895782113075,0.0994412899017334,-0.0872074325713661,-0.0264130183103062,0.0397852585306238
0.26394185423851,-0.220708161592484,0.0429343357682228,-0.0843600531762541,-0.0287152689252969,0.0408527733264511
0.44537341594696,-0.269381165504456,0.0120267542079091,-0.0784521531051199,-0.0327134125948122,0.0411060273161536
0.413810431957245,-0.114013396203518,0.0835294350981712,-0.0718445638876665,-0.0354107659377525,0.0420621934411625
0.136294946074486,0.00993171520531178,0.133110031485558,-0.0682291604257734,-0.0358660412888949,0.0439258584110998
-0.220362514257431,0.0612529590725899,0.0955978184938431,-0.0698146054050639,-0.0352052620691592,0.0456623170294297
-0.449414074420929,0.124479599297047,-0.0339873433113098,-0.0756268475823116,-0.033733970198353,0.0457663576010168
-0.463358372449875,0.184596717357635,-0.147224947810173,-0.0827464196119178,-0.030981954007535,0.0439328238332694
-0.297045558691025,-0.0306175760924816,-0.15062740445137,-0.0881837007395957,-0.030002561121699,0.0414998755656693
-0.0193130318075418,-0.380339086055756,-0.0968347489833832,-0.089880130005915,-0.0339378042898326,0.0397396100360683
0.20721572637558,-0.568463206291199,-0.0410798750817776,-0.0877399572083879,-0.0418384282257985,0.0388682207479476
0.252195715904236,-0.345145702362061,0.0491432286798954,-0.0839916826254611,-0.0487387415174665,0.0391665055354862
0.106854222714901,0.238916963338852,0.203631073236465,-0.0815706527684261,-0.0483329519629995,0.0415017846400618
-0.102182619273663,0.619597196578979,0.336144655942917,-0.0821751958166645,-0.0405413226292763,0.0459414113906084
-0.258239597082138,0.526436328887939,0.393777042627335,-0.0855199871359138,-0.0319634366130851,0.051606369710061
-0.236956134438515,0.144164890050888,0.407422542572021,-0.0894728759927775,-0.0278783436119814,0.0576506101377419
-0.0234630350023508,-0.179718375205994,0.373248338699341,-0.0911792342927332,-0.0295623422280281,0.0635156473136382
0.243753224611282,-0.121936030685902,0.277856558561325,-0.0888763369539778,-0.0322345951810354,0.0681969329015047
0.41980254650116,0.316655695438385,0.239918246865273,-0.0833343391911067,-0.0300844195893735,0.0719714042159489
0.447888523340225,0.745670974254608,0.306738555431366,-0.0765924141121144,-0.020914265062012,0.0762048241620778
0.313889443874359,0.847477495670319,0.395678013563156,-0.0710078227040017,-0.0084871531795224,0.0817825272048651
0.0744033381342888,0.518243134021759,0.373504519462585,-0.0685659086362444,0.00108246300791373,0.0876621597375264
-0.132787391543388,0.011547988280654,0.196508720517159,-0.0695527291672787,0.00357293679701287,0.0916745487483558
-0.191614747047424,-0.204761952161789,-0.0166155435144901,-0.0723503487910461,0.000630177832612423,0.0924490587063748
-0.109783008694649,0.210726588964462,-0.00285818544216454,-0.0745454857581796,0.00128559450636321,0.0921411334554893
0.0572326108813286,0.800791501998901,0.135511144995689,-0.0745275111408891,0.0103331795487009,0.0934748470423822
0.193903371691704,1.06478261947632,0.218894720077515,-0.0720970404501174,0.0255390669147239,0.0963634838038396
0.23479089140892,0.699488282203674,0.183557227253914,-0.0685013043505046,0.0383010718816538,0.0993265557988668
0.209758773446083,0.156227678060532,0.014117868617177,-0.0650874856156428,0.0432323937755203,0.100289715389633
0.10044239461422,-0.139717429876328,-0.150285989046097,-0.0630322080439992,0.042128414824197,0.0986558427127791
-0.083015576004982,-0.11230231821537,-0.252910375595093,-0.0635288560195164,0.0403468526305079,0.0953123538876242
-0.224455788731575,0.170785307884216,-0.293066561222076,-0.0665638622238645,0.0413228684123634,0.0911656876468241
-0.221002995967865,0.543693125247955,-0.210442006587982,-0.0703567352479819,0.0480521746207734,0.0876805868418161
-0.0449981540441513,0.607255280017853,-0.11098039150238,-0.0722382876823406,0.0574467404634178,0.0857103395479404
0.174581348896027,0.242383867502213,-0.108844004571438,-0.0708204735694662,0.063412285727684,0.0840368655392817
0.323221415281296,-0.251258343458176,-0.155355051159859,-0.0666857605414266,0.0621407211283341,0.0815777047892707
0.259262651205063,-0.433908522129059,-0.147405430674553,-0.0623981415088799,0.0562043599675614,0.0788659469298074
0.0244203098118305,-0.331850588321686,-0.102908797562122,-0.060886485523041,0.0506268967149306,0.0770026689511704
-0.186041042208672,-0.0955808088183403,-0.0474415458738804,-0.0628115967005791,0.0478232252337772,0.0761298529583486
-0.208253145217896,0.197385281324387,0.0477531477808952,-0.0660315227372638,0.0495068968536293,0.0765604209805975
-0.0777390748262405,0.181933090090752,0.111597642302513,-0.0678728831219901,0.0527510367554479,0.0781609453638596
0.0920835137367249,-0.207796037197113,0.0770745500922203,-0.0671918411813535,0.0517209878528305,0.0795374702374527
0.163065806031227,-0.493269562721252,0.00997194554656744,-0.0649102097707459,0.0452915994976666,0.0798780313074476
0.107964739203453,-0.413071930408478,-0.0276867505162954,-0.0628858580552716,0.0383737271888398,0.0794407762016396
-0.0572007857263088,-0.11346260458231,-0.035941481590271,-0.062892374191147,0.034970232337252,0.0789340273515133
-0.213943779468536,0.296600818634033,-0.0354887433350086,-0.0654375992966043,0.0374125310597401,0.0785185552578232
-0.24616564810276,0.541592180728912,-0.0130292437970638,-0.0691595893090833,0.0445794655863319,0.0784083983099853
-0.144149526953697,0.483889222145081,0.020684776827693,-0.0719538050661916,0.0525502933705222,0.0787271528939223
0.0092890290543437,0.133453175425529,0.0309491325169802,-0.072567605272942,0.0564845000760901,0.0792304364939282
0.12248483300209,-0.161722287535667,0.0111027238890529,-0.0711736525921866,0.0552669767696575,0.0794048162078917
0.138636365532875,-0.203041225671768,-0.00698866229504347,-0.0690696590733601,0.0521288741565117,0.0792433811218368
0.0833270400762558,0.00395510205999017,-0.0242320969700813,-0.0675233169242844,0.0509572827559958,0.0788716903600058
0.0138054834678769,0.311922788619995,-0.0030210844706744,-0.0669775035284003,0.0541528603920368,0.0786325317737806
-0.0441145412623882,0.460752218961716,0.0362642705440521,-0.0673559239913014,0.0607583313214411,0.0790393196347878
-0.0630264431238174,0.282040268182755,0.0103336032480001,-0.068255482624804,0.0660698765979488,0.0794756712395527
-0.0361144058406353,0.11609922349453,-0.0163544677197933,-0.068990550402301,0.0685217595709518,0.079365827613161
0.0148832648992538,0.0347439087927341,0.00312069756910205,-0.0690304261070489,0.06934610347413,0.079301300286608
0.0393830165266991,-0.0108406227082014,0.00537106860429049,-0.0685356882330651,0.069397515542038,0.0793328079936907
0.0475413426756859,0.0748702883720398,0.0450239405035973,-0.0678340706826146,0.0698357569018606,0.079649525071526
0.0470531843602657,0.202919602394104,0.0974780917167664,-0.0669961296658055,0.0722581123251837,0.0808384571193688
0.019766703248024,0.24935607612133,0.0482192002236843,-0.0664601315404214,0.0757885050683165,0.0818750066290631
-0.0168019607663155,0.219865828752518,-0.0342823341488838,-0.0665697000968661,0.0793322401243519,0.0817822641612692
-0.0367711409926414,0.159166261553764,-0.0643755197525024,-0.067116059826208,0.0820863267643076,0.0809375264896493
-0.0517351776361465,0.00768965296447277,-0.0550102479755878,-0.0678942021682844,0.0830078958903758,0.0801190279439435
-0.0465324260294437,-0.0907847210764885,-0.0379857234656811,-0.0687214294847384,0.0820334731145211,0.0795310812103277
0.002183448523283,-0.0518618263304234,-0.00452310778200626,-0.068974908120204,0.0809829708161591,0.0793196070747004
0.0503736138343811,-0.010009715333581,-0.0330040156841278,-0.0684702286490569,0.0806802209416967,0.0790369977855124
0.0626563802361488,-0.0591231994330883,-0.095983512699604,-0.0676796724537007,0.0802845412742804,0.0777779891676132
0.0211768466979265,-0.179149210453033,-0.101711437106133,-0.0672953173834376,0.078249751045468,0.0761580129106366
0.00379492715001106,-0.263317346572876,-0.0613240674138069,-0.0673442281583944,0.074676311953256,0.075006977407569
0.0331568121910095,-0.235025525093079,-0.0077061178162694,-0.0670340143329819,0.0708866373763893,0.074612092604116
0.0508431307971478,-0.125504091382027,0.0384400747716427,-0.0663181021999947,0.0683176598577226,0.0748902084825801
0.0430168993771076,0.0425674766302109,0.0759341865777969,-0.0655611906436763,0.068024786844196,0.0757936133174904
0.049191702157259,0.172589913010597,0.0974621176719666,-0.0647489556867358,0.0700685545149406,0.0771398996197938
0.0421167500317097,0.128005146980286,0.0546528659760952,-0.0639979794997197,0.0722886509562039,0.0782171019747322
0.0310984533280134,0.0377767160534859,-0.0234704334288836,-0.0635086716557775,0.0733184045296037,0.0781890045379741
0.0408594720065594,-0.0143402814865112,-0.0416140146553516,-0.0630577794696806,0.0733082064129065,0.0775491505706344
0.0651863813400269,0.0744314044713974,-0.0232126396149397,-0.0622537436238494,0.0738383908334682,0.0770134816805538
0.0865502655506134,0.274594336748123,-0.0346242822706699,-0.0611300049780475,0.0767997205010516,0.0765154577065354
0.169218242168427,0.624620258808136,-0.114908471703529,-0.0591679700041947,0.0845385567220123,0.0750425731731308
0.182006478309631,0.844342768192291,-0.121016696095467,-0.0565298714843962,0.0966402882951136,0.0727873815361933
0.0782308131456375,0.768214702606201,-0.0715713798999786,-0.0550576313002986,0.10889976139022,0.0712912224157739
-0.0613617040216923,0.422424256801605,-0.0621400624513626,-0.0554274342824076,0.117105139441719,0.0703319740475206
-0.105147272348404,0.218064188957214,-0.0455384477972984,-0.0569803905843276,0.121346604078295,0.0697804278267271
-0.128858715295792,-0.049084946513176,-0.00750851072371006,-0.0588796233843485,0.122014165467199,0.069687367069016
-0.113039553165436,-0.292665898799896,0.0179859306663275,-0.0607311198556471,0.118682953759067,0.0701268798096235
-0.0386963412165642,-0.437953054904938,0.0503657087683678,-0.0616364917387633,0.112633855629951,0.0707930945419053
0.000489145517349243,-0.678352057933807,0.0845590978860855,-0.0615566962995329,0.103864254898574,0.0718806227514025
