-0.0824934542179108,-0.160970732569695,-0.043497983366251,-0.0017278859283274,-0.00220354698267967,-0.000487379089397444
0.0508124008774757,-0.0967110618948936,-0.0575195290148258,-0.00166061080595564,-0.00372889798139554,-0.00138149993597009
0.15193635225296,-0.0256739035248756,-0.0471800714731216,0.000285513725999442,-0.00399102454279712,-0.00238841536605644
0.156005933880806,-0.000676941592246294,-0.0257693212479353,0.00266120163593209,-0.00379162662352545,-0.00309803944601117
0.0610336102545261,0.00094012962654233,-0.0103655969724059,0.00399526934322331,-0.00367302081702122,-0.00339859584970187
-0.03920803591609,-0.0071966266259551,-0.00141364824958146,0.00379142110614572,-0.00374425991779035,-0.00345237915452817
-0.0667776092886925,-0.0223031416535378,-0.0165595784783363,0.00263089126140437,-0.00396548262551144,-0.00356452602312018
-0.011301570571959,-0.0355995073914528,-0.0236877948045731,0.00205337856334509,-0.00429170881939606,-0.00391619359199225
0.0685961917042732,-0.00457101594656706,-0.0220696590840816,0.00263355944300564,-0.00430377307092417,-0.00434654212578522
0.134583190083504,0.038468062877655,-0.0141222523525357,0.00436371313314099,-0.00375329331850997,-0.00473999432495376
0.135560840368271,0.0547559559345245,-0.00448800157755613,0.00652848740837336,-0.00283727220021487,-0.00499104702050951
0.0801122337579727,0.0323073752224445,0.0004692068323493,0.0080663727293353,-0.00213914055114938,-0.00511003680976008
0.00762711325660348,-0.000894255470484495,0.00423704739660025,0.00853548247668151,-0.00204241619238622,-0.00506325324026241
-0.0339419022202492,-0.0602364093065262,0.00711219571530819,0.00811147829156961,-0.0027030002386975,-0.00493046531707786
0.0225019343197346,-0.0929674580693245,0.0117189316079021,0.00799302040422567,-0.00406513716951621,-0.00474468237409198
0.134381860494614,-0.0902502313256264,0.0124491704627872,0.00938768957459968,-0.00553340992693236,-0.00463010920254181
0.233422413468361,-0.0993499904870987,0.0194921661168337,0.0124105392554897,-0.00693305895471464,-0.00455269528248953
0.262142211198807,-0.163335084915161,0.0270917620509863,0.0162824777479088,-0.00905889072257691,-0.00438260290529063
0.248082593083382,-0.265999436378479,0.0535987354815006,0.020107462948893,-0.0127479595168415,-0.00389463065274914
0.218901261687279,-0.333824545145035,0.102469347417355,0.0235322249401528,-0.0179077256789411,-0.00267981826701974
0.250270396471024,-0.484110981225967,0.175148069858551,0.0269897418873177,-0.0253944244566951,-0.000332116637685009
0.324385076761246,-0.609772741794586,0.233177289366722,0.031430331603637,-0.0352943235325413,0.00309953757023951
0.424295425415039,-0.770335555076599,0.266776263713837,0.0372692003246319,-0.0476837873612693,0.00719329532572083
0.438957720994949,-0.869859993457794,0.298813015222549,0.0438762921255844,-0.0623791399209964,0.0119576031957428
0.416120857000351,-1.00481247901917,0.355134606361389,0.0501686352168508,-0.0792675773762237,0.0176032945287241
0.397266745567322,-1.17859411239624,0.444551318883896,0.0560772657311265,-0.0994025089510123,0.0247543836622147
0.360264003276825,-1.24941420555115,0.53501945734024,0.0613354922190877,-0.121912233629845,0.0335681645298267
0.294296413660049,-1.28316926956177,0.646695375442505,0.065415946632531,-0.14602433287692,0.0442329363569614
0.213453233242035,-1.29739034175873,0.752953886985779,0.0679605508565338,-0.171244178084379,0.0567784424114801
0.113873660564423,-1.25656938552856,0.806813657283783,0.0687238655154885,-0.19680428022219,0.0704518832491465
0.0211818031966686,-1.18034696578979,0.803082048892975,0.0676428640104542,-0.221260624903309,0.0841348605317044
-0.0681701749563217,-1.08040678501129,0.782307803630829,0.0650858288695777,-0.244142050890777,0.0971938396405231
-0.196205377578735,-0.950857639312744,0.797622561454773,0.0605615093384563,-0.264924234334554,0.109833737379537
-0.373131692409515,-0.829811096191406,0.79872727394104,0.053444757516546,-0.283503120393158,0.121893527023807
-0.577693045139313,-0.684855222702026,0.791131913661957,0.0432780143478587,-0.29948938611724,0.132970550254347
-0.784133851528168,-0.540040254592896,0.754688680171967,0.0299946935174065,-0.312496158122695,0.14252944541637
-0.980740666389465,-0.402996152639389,0.690534234046936,0.0139426693436315,-0.322408827273254,0.150125620499097
-1.17735016345978,-0.293017476797104,0.627421021461487,-0.00477263437775088,-0.329530914093606,0.155569467063662
-1.35910367965698,-0.236124068498611,0.572896003723145,-0.0259988167186693,-0.33476130136688,0.159162549592673
-1.5069762468338,-0.13487309217453,0.542130649089813,-0.049394326596928,-0.338156145106828,0.161268759408317
-1.6326596736908,0.0822307243943214,0.529779434204102,-0.0746542188354983,-0.338624111262127,0.162471690927938
-1.72316312789917,0.418252140283585,0.512434244155884,-0.10136150026578,-0.334254736411236,0.163049976052339
-1.70906889438629,0.759085655212402,0.475482314825058,-0.128314065298508,-0.324603970692808,0.163248531761928
-1.57545018196106,1.10465478897095,0.417952716350555,-0.153688186508282,-0.30972740202311,0.163391750719451
-1.35539793968201,1.31873428821564,0.350175797939301,-0.175961679294015,-0.290795913141403,0.163771595612034
-1.20441079139709,1.31107640266418,0.265711516141891,-0.195202541195587,-0.270850821798579,0.16403087070936
-1.22364413738251,1.21420681476593,0.15228483080864,-0.21357677614643,-0.251892519489771,0.163225545360523
-1.29064321517944,1.01676571369171,0.0202927123755217,-0.232554186052583,-0.235001779235941,0.160693781697156
-1.32005941867828,0.817891180515289,-0.144563883543015,-0.25185333625452,-0.220995764140668,0.156011370920533
-1.24704349040985,0.80250209569931,-0.329933226108551,-0.270282304070575,-0.208045952112986,0.149011568489927
-1.08603167533875,1.03489303588867,-0.470698863267899,-0.28646041546861,-0.192698938455523,0.140145715952125
-0.899294495582581,1.56869065761566,-0.514881730079651,-0.299880073807986,-0.171025091778328,0.130699085968353
-0.713037550449371,2.23594617843628,-0.50767308473587,-0.310726568230997,-0.139625399612392,0.121821004277068
-0.598366916179657,2.56261348724365,-0.469226121902466,-0.319747060755935,-0.101413777426648,0.113920234918046
-0.605956375598907,2.45012855529785,-0.451230615377426,-0.328591834642079,-0.0628295511101827,0.106908927723349
-0.578583598136902,2.07820153236389,-0.525109887123108,-0.337648708375375,-0.0290796045230843,0.0995883099023227
-0.507413029670715,1.86082398891449,-0.615639746189117,-0.345998223896539,0.000373514854717046,0.091131777832324
-0.446446388959885,1.90478658676147,-0.642967522144318,-0.353716405385748,0.0290352889638639,0.0820244440773284
-0.289416819810867,2.14849090576172,-0.69403737783432,-0.360159025889737,0.0607070090968283,0.072558916473999
0.0173926576972008,2.20273685455322,-0.808398842811584,-0.363008343587988,0.0943448913484709,0.0612837100823702
0.230030357837677,2.12341856956482,-0.873309135437012,-0.362711852577388,0.12755853252711,0.0480859874097095
0.338597565889359,1.91618037223816,-0.853583633899689,-0.360841061058546,0.158201186811598,0.0343822205343787
0.485064953565598,1.71877980232239,-0.781270742416382,-0.357381172960965,0.185742194969519,0.0210402008597478
0.765729963779449,1.64745080471039,-0.70475709438324,-0.350534753216082,0.21150664197895,0.0078199634901524
1.10517537593842,1.65477347373962,-0.650211274623871,-0.339052528375287,0.237301935510288,-0.00601380217334807
1.40440893173218,1.6296409368515,-0.626930415630341,-0.323191726508982,0.263305050944485,-0.0211703571900458
1.63879191875458,1.50079154968262,-0.618057310581207,-0.304065752909083,0.288202961116444,-0.0378465669330817
1.88273882865906,1.40114462375641,-0.606957256793976,-0.282005933630985,0.312076823318192,-0.056180932369095
2.0757884979248,1.17663478851318,-0.499124825000763,-0.256829781693367,0.333970519279837,-0.0754234512309667
2.03923177719116,0.744565665721893,-0.327843070030212,-0.230487430817402,0.350396648363066,-0.0932092772777227
1.91257679462433,0.326718360185623,-0.211600333452225,-0.205056634835357,0.360338091151816,-0.108767746447387
1.82368183135986,0.0589068979024887,-0.152635291218758,-0.180793787881695,0.365482091047803,-0.122901570731679
1.84506785869598,-0.0581691227853298,-0.157951489090919,-0.156735467598153,0.368319879345231,-0.13675156645551
2.14290189743042,-0.102136053144932,-0.21800097823143,-0.130357742380042,0.371437520816699,-0.152751400871309
2.564692735672,-0.214477762579918,-0.194009095430374,-0.0985678543249285,0.374516817949562,-0.171829787796014
2.86704468727112,-0.439240306615829,-0.0342029221355915,-0.0612006920296219,0.375663427394607,-0.191917839371367
2.83126664161682,-0.728228449821472,0.166060402989388,-0.0213670742864068,0.37281299372359,-0.21002010781562
2.46135663986206,-1.0039849281311,0.312900692224503,0.0158918183524054,0.364470124662894,-0.22374088581874
2.13164067268372,-1.30204403400421,0.372405827045441,0.0487650678103081,0.350566265630592,-0.23340655813538
1.98018169403076,-1.51019084453583,0.394711405038834,0.0789732710299541,0.331920225301375,-0.240710059897126
1.99960339069366,-1.58513224124908,0.369132280349731,0.108736634803568,0.311811625759276,-0.24740375110452
2.12940001487732,-1.57588648796082,0.392413109540939,0.140117377401592,0.291371276281423,-0.254043088490575
2.15240120887756,-1.49020171165466,0.440706342458725,0.172886023214829,0.271614906302065,-0.259881268207543
1.95546460151672,-1.40212881565094,0.537766814231873,0.2043799338861,0.251854510529826,-0.262970597504846
1.57298493385315,-1.42244184017181,0.652737617492676,0.231708129379555,0.229833621745299,-0.26152783370583
1.1457691192627,-1.50859558582306,0.767352640628815,0.253361843483934,0.203500261344351,-0.254887331867708
0.778394043445587,-1.60812747478485,0.863119900226593,0.269431137194158,0.172682040649156,-0.243583357848973
0.564645051956177,-1.79728174209595,0.94057422876358,0.2815150393709,0.137440541672417,-0.22877874070639
0.461622476577759,-2.04320859909058,1.03044044971466,0.291529186424966,0.0965494243573793,-0.211125071452588
0.312806099653244,-2.19690418243408,1.1147598028183,0.299178581994531,0.0506162167354104,-0.190759484973186
0.188393086194992,-2.05463314056396,1.08098351955414,0.304020872343561,0.00447718877454611,-0.169237754616545
0.159093260765076,-1.76681911945343,1.01165771484375,0.307157441777613,-0.0367920217902316,-0.148930399484281
-0.0668301582336426,-1.99398791790009,1.26414453983307,0.307635969915307,-0.0808133760309514,-0.125625731259157
-0.360809862613678,-1.97208440303802,1.24943852424622,0.302817323667707,-0.127733409085341,-0.100225874612801
-0.629993379116058,-1.81143915653229,1.07590115070343,0.293163162179362,-0.169731712131064,-0.0788597729225207
-0.810750603675842,-1.70037519931793,1.02784383296967,0.279852955486405,-0.207655742834378,-0.0606090775329409
-0.994547128677368,-1.53462219238281,1.08234703540802,0.263333019730268,-0.242790895538619,-0.0432935130662573
-1.05126917362213,-1.46924364566803,1.10874211788177,0.244674614228341,-0.275316957194536,-0.0265147048840371
-1.03738403320312,-1.45308923721313,1.10457646846771,0.225591032072408,-0.306978167751169,-0.0106166510896397
-1.02439308166504,-1.33742570877075,1.07807528972626,0.206414372257483,-0.33644438633068,0.00401148182127747
-1.00945091247559,-1.09715616703033,1.0687974691391,0.187198124684283,-0.362058118465558,0.0175384393644761
-0.981802523136139,-0.796268999576569,1.06713771820068,0.168064999924718,-0.382735493874985,0.0304342346253421
-0.977599561214447,-0.480110764503479,1.06534063816071,0.148977477210643,-0.398271754263657,0.0428313222321441
-1.01597189903259,-0.274211138486862,1.06102204322815,0.129391109925029,-0.40949824643574,0.0545890613730685
-1.07681238651276,-0.149351224303246,1.06929326057434,0.108957908061329,-0.417759843549542,0.0655877708543773
-1.20367956161499,-0.234687969088554,1.20081400871277,0.0866161551587283,-0.42641540230245,0.0771276362439653
-1.42144227027893,-0.246859669685364,1.36705923080444,0.0604773977681614,-0.436245779330402,0.0897723809217058
-1.59638631343842,-0.0510289259254932,1.38320219516754,0.0311684394200407,-0.443355980632585,0.101801943897639
-1.66856789588928,0.0455090664327145,1.34865248203278,0.000477176781358168,-0.447360268304129,0.112378332347773
-1.71068179607391,-0.00872700847685337,1.29172205924988,-0.0306407325889999,-0.450814785243468,0.121803354815901
-1.80941522121429,0.116035424172878,1.24634766578674,-0.0624545821894648,-0.453012213874036,0.129627583399688
-1.94282233715057,0.425361603498459,1.26180469989777,-0.0960422744471948,-0.450508142743308,0.136538192745659
-2.03722453117371,0.735835015773773,1.32557570934296,-0.131435140231152,-0.443125318320194,0.143621013914829
-2.35414171218872,0.577373743057251,1.37996172904968,-0.170042607326075,-0.434750870500955,0.150664024449183
-2.58736658096313,0.292578250169754,1.37175643444061,-0.212998210254588,-0.429812255640541,0.156431653520323
-2.54730033874512,-0.131956785917282,1.18790566921234,-0.255895902183816,-0.430077592984508,0.160306202430187
-2.51037859916687,-0.463397055864334,0.995582342147827,-0.297024323702317,-0.436031505723917,0.161173246235365
-2.38139748573303,-0.334118694067001,0.986936628818512,-0.33646122946425,-0.44209770957311,0.161391326597393
-2.16291689872742,0.0426717326045036,0.972709000110626,-0.373294895802083,-0.443557125298076,0.1625534002543
-1.9024703502655,0.444368839263916,0.78896951675415,-0.405901990169811,-0.438908462202704,0.163470405742712
-1.68636548519135,0.881760537624359,0.556917607784271,-0.433914628839991,-0.427879130281005,0.162681130614928
-1.50578510761261,1.32558405399323,0.488042414188385,-0.458619508121144,-0.410151206061499,0.16143480672931
-1.32150363922119,1.70151507854462,0.485339313745499,-0.480748232192139,-0.38640991766541,0.161412162097005
-1.1195741891861,2.03974580764771,0.537180960178375,-0.500086878313317,-0.357151873651311,0.163342879844335
-0.954514741897583,2.24689483642578,0.543798387050629,-0.517002359517652,-0.323794715384689,0.167120692001204
-0.802873551845551,2.3081362247467,0.382511466741562,-0.531055856262193,-0.288832114105859,0.170602462410927
-0.733668863773346,2.2784218788147,0.1458400785923,-0.542829599956942,-0.254310506841513,0.171540426970228
-0.716963171958923,2.28269147872925,-0.0590997524559498,-0.553545949516036,-0.220344587256816,0.169695886425729
-0.674859642982483,2.42985868453979,-0.247713878750801,-0.563547256500143,-0.185301740457987,0.165397916290769
-0.479452311992645,2.66299200057983,-0.422430276870728,-0.571311434483245,-0.147426960389618,0.158896410141686
-0.124133117496967,2.91219067573547,-0.483953028917313,-0.574637659712316,-0.105971593209968,0.151377727181568
0.291976481676102,3.02528405189514,-0.425600498914719,-0.572180781552388,-0.0619239644700085,0.144601433335781
0.703173100948334,3.04396080970764,-0.412228226661682,-0.563763276190883,-0.0171101590321708,0.138134713232184
0.992613971233368,2.88410878181458,-0.484194308519363,-0.550509627456797,0.0262039763637137,0.130277492947078
1.00609886646271,2.62053751945496,-0.556989133358002,-0.536066500473579,0.0656988275910651,0.120581423821286
0.820429146289825,2.40765571594238,-0.643844962120056,-0.524196549565127,0.101620709651217,0.109440894490842
0.630765438079834,2.24118876457214,-0.762720465660095,-0.51589926853213,0.135040661399382,0.0969070095421113
0.433227360248566,1.93362379074097,-0.952273070812225,-0.511322418933476,0.164192411850657,0.0821624708872397
0.24659276008606,1.72826552391052,-1.05087566375732,-0.510493407316865,0.189667586768124,0.0658878214485228
0.154662847518921,1.56106162071228,-1.01319086551666,-0.512020176211343,0.21234978814178,0.0502005776644589
0.371625781059265,1.46499669551849,-0.962747275829315,-0.512212443509882,0.23331868587216,0.0348324800541878
0.968889176845551,1.48411118984222,-0.902241349220276,-0.505742415916658,0.253918965459144,0.018142935640641
1.73754477500916,1.38774180412292,-0.819374978542328,-0.488573862735704,0.274039270094464,-0.00117939299866177
2.03946447372437,0.659605920314789,-0.840556681156158,-0.464415982631989,0.286875533081369,-0.0229979312150921
1.61554825305939,-0.0222855489701033,-0.965735375881195,-0.44368715147431,0.28856435532648,-0.0452846860080669
0.941667139530182,-0.348129153251648,-1.15199589729309,-0.432841734431038,0.284210795102446,-0.0666215399854064
0.670920372009277,-0.588854968547821,-1.25758802890778,-0.428994717030828,0.276372184881679,-0.0876688684000111
1.19205939769745,-0.899950265884399,-1.25664150714874,-0.421445150136903,0.263880159741367,-0.110328566494027
2.16223669052124,-0.983282923698425,-1.18847155570984,-0.401081221664598,0.249270417694774,-0.136302769562407
3.11994409561157,-0.786778688430786,-1.04214417934418,-0.365571625023199,0.237008137466421,-0.16469174174092
3.77915000915527,-0.459926784038544,-0.883745670318604,-0.318008398875783,0.230510478769539,-0.193839472341361
4.09115695953369,-0.23113064467907,-0.743721485137939,-0.263534901601566,0.229631807782931,-0.222726166776269
4.054527759552,-0.367584079504013,-0.57214891910553,-0.20722959031218,0.229985959005392,-0.249969553482213
3.73311352729797,-0.733124792575836,-0.36313870549202,-0.153477221017843,0.226518067309866,-0.273464101664743
3.29675626754761,-1.19022762775421,-0.167782008647919,-0.104691848676698,0.216105524651003,-0.291959770294368
2.93530964851379,-1.56018149852753,-0.0113676320761442,-0.0606806643672388,0.198705102921264,-0.305763290234308
2.6250102519989,-1.74740600585938,0.140219494700432,-0.0205924794472785,0.176601249505937,-0.315222191220541
2.31838774681091,-1.76603555679321,0.232189640402794,0.0156389460790235,0.152140853594731,-0.320673917276085
1.98818099498749,-1.71039760112762,0.216213330626488,0.0473181755080552,0.127608144518329,-0.324039623519196
1.52730023860931,-1.77174699306488,0.280438661575317,0.0730247085981419,0.101828883921216,-0.324946007172526
0.923770427703857,-1.94013142585754,0.453633069992065,0.0907045246738031,0.0716280052802888,-0.321095168229838
0.360079377889633,-2.12519192695618,0.580078899860382,0.0995235892312122,0.0366857424214606,-0.312996357123819
0.226629704236984,-2.27426290512085,0.734989643096924,0.103702466555479,-0.00212699010063044,-0.301578647208304
0.632637917995453,-2.50619220733643,0.861287415027618,0.111114512851393,-0.0459311473285247,-0.287427281658612
1.18809390068054,-2.42348527908325,0.826533675193787,0.126280254421179,-0.0906944728716027,-0.272475013676016
1.39300572872162,-2.06087398529053,0.780164301395416,0.146073160795844,-0.131505830221159,-0.257290631459828
1.1166056394577,-1.7604866027832,0.819246232509613,0.163688334374743,-0.168203149659429,-0.241113131886887
0.446518123149872,-1.40704226493835,0.912423312664032,0.172321962237127,-0.200680837511513,-0.223915463589297
-0.346526771783829,-1.00729060173035,1.05183756351471,0.168843439839153,-0.227501896316771,-0.20630778337501
-1.22099149227142,-0.715158820152283,1.24401557445526,0.151956737261257,-0.249300023126036,-0.188504482843591
-2.04545092582703,-0.64950042963028,1.45124733448029,0.121565356766748,-0.26821305611527,-0.170754798054825
-2.55905246734619,-1.10114407539368,1.58416402339935,0.0809531266109509,-0.290656582385198,-0.153619384453718
-2.76867294311523,-1.70770514011383,1.56618344783783,0.0356054305314419,-0.320583773885474,-0.138826970913829
-2.82871222496033,-1.80852365493774,1.48879897594452,-0.011408866724132,-0.352471132737431,-0.127430988413967
-2.77191233634949,-1.50800240039825,1.44354116916656,-0.0582271255210234,-0.38030246713928,-0.118620962317543
-2.57261371612549,-1.00769376754761,1.42610657215118,-0.102929462487334,-0.400697914368161,-0.110765091013717
-2.26132440567017,-0.499320805072784,1.39659225940704,-0.143621515141162,-0.412961949840744,-0.102653225268619
-1.94506764411926,-0.156407400965691,1.41287064552307,-0.179854135496299,-0.419131149255113,-0.0932835935411934
-1.72960460186005,-0.115788862109184,1.50936222076416,-0.212813638931331,-0.423205214170038,-0.0817497880229222
-1.69444346427917,-0.249573305249214,1.63548099994659,-0.245235373210224,-0.428631880925139,-0.0682669652476678
-1.68660819530487,-0.290342301130295,1.71559047698975,-0.278222279562386,-0.435345065367958,-0.0535295812183204
-1.64378023147583,-0.107695519924164,1.68721354007721,-0.310872377969169,-0.439739584531392,-0.0388516100680263
-1.60293805599213,0.0900316759943962,1.64175069332123,-0.342692005457537,-0.440568358030453,-0.0246122220737919
-1.55512583255768,0.253819286823273,1.53115272521973,-0.373489800760356,-0.438292884141253,-0.0113046782583632
-1.43189573287964,0.412423580884933,1.32598972320557,-0.401931271740745,-0.433192424643909,5.44279331055608e-05
-1.21848595142365,0.604395151138306,1.16523337364197,-0.426667737094421,-0.425120948373435,0.0100382988112534
-1.01252424716949,0.84141993522644,1.12408697605133,-0.447826196122866,-0.413449997210237,0.0202650766864277
-0.861069202423096,1.06580936908722,1.1017974615097,-0.466385731763171,-0.398017921907413,0.0314409575225258
-0.743197679519653,1.3625922203064,1.01848578453064,-0.482631515160453,-0.378484640753811,0.0426209679926486
-0.608034014701843,1.72952234745026,0.905452191829681,-0.496308552675956,-0.353467211557925,0.0532264682882737
-0.424189060926437,2.04878163337708,0.832203567028046,-0.506870664763622,-0.323349207765972,0.0635625669998943
-0.260805189609528,2.29897475242615,0.785453379154205,-0.514359701252741,-0.288757867852374,0.0742025506390276
-0.155394643545151,2.29572057723999,0.672929465770721,-0.519266538606804,-0.252902164034734,0.0842055605809198
-0.20079779624939,2.18895220756531,0.505923688411713,-0.523329725782791,-0.218545658071525,0.0921585262910656
-0.402777791023254,2.08181142807007,0.331491470336914,-0.529023129388645,-0.186090884319281,0.0973339528022859
-0.652836918830872,2.08757519721985,0.168605595827103,-0.537970288933619,-0.154667503331526,0.0996662113054571
-0.75213623046875,2.28783845901489,0.0645657479763031,-0.549169914164854,-0.121285028920767,0.100282749214945
-0.566774904727936,2.51695942878723,-0.057889062911272,-0.558958803138435,-0.0846483463270306,0.0996273703454343
-0.0991658866405487,2.73181819915771,-0.164638683199883,-0.563069661300748,-0.0449488223434572,0.0975448551238781
0.533872306346893,2.91388344764709,-0.178498297929764,-0.558358117385892,-0.00230813150313456,0.0945336158776797
1.0425808429718,2.83604598045349,-0.102644011378288,-0.545091431297726,0.0407404395327985,0.0914407215556111
1.2019305229187,2.58872365951538,-0.0399084649980068,-0.527619221519532,0.0805999927478689,0.0885057868460528
1.07889723777771,2.36268925666809,-0.099670335650444,-0.51093424255821,0.116878416209378,0.0846939840723765
0.8830486536026,2.18313527107239,-0.242094591259956,-0.497517781967151,0.150021340959433,0.0791572537585712
0.845311641693115,2.10435700416565,-0.433586537837982,-0.486463399688346,0.181388363086593,0.0708451863587727
1.04499387741089,1.9801766872406,-0.600083649158478,-0.474584596255036,0.211174876945674,0.0591339388801305
1.42804169654846,1.71170711517334,-0.650188326835632,-0.458645470516769,0.237708733520504,0.0443195271011012
1.76793587207794,1.38484621047974,-0.515870213508606,-0.437388253633129,0.259589621056522,0.0284633830009851
1.92635154724121,0.99408745765686,-0.342211872339249,-0.412511566876397,0.276463163076868,0.0136301976854062
2.00785326957703,0.592349648475647,-0.268386900424957,-0.385850718076687,0.287455125612122,-0.000467593757789764
2.08664274215698,0.379805415868759,-0.255268186330795,-0.358087157506855,0.294692248078636,-0.0147580447425507
2.23140287399292,0.264892667531967,-0.355898380279541,-0.329058954290628,0.300290567852106,-0.0307146940966367
2.44546055793762,0.18427400290966,-0.461384057998657,-0.298037603457518,0.305312919839147,-0.0495307150750547
2.70776414871216,0.0833127647638321,-0.477933496236801,-0.263859968846114,0.309939517193447,-0.0706385158607619
2.8843252658844,-0.106806308031082,-0.435321301221848,-0.226544119972899,0.313107161203429,-0.0928807067955701
2.77007699012756,-0.420549064874649,-0.278311997652054,-0.188675457630995,0.312655428975067,-0.113651340495203
2.39277076721191,-0.6475870013237,-0.140015631914139,-0.154173746648316,0.307975766011887,-0.130504884163547
1.94370424747467,-0.899600088596344,-0.081241250038147,-0.12522247494304,0.299230485930714,-0.143601235859191
1.50609469413757,-1.11425089836121,-0.115270063281059,-0.102499381938537,0.286548469429099,-0.154012703685642
1.24030828475952,-1.18804860115051,-0.183286130428314,-0.0847354114844223,0.271874524708464,-0.163386318325443
1.25742673873901,-1.51081073284149,-0.182424873113632,-0.0681136645902603,0.254125852334811,-0.172526497068077
1.46683859825134,-1.87528991699219,-0.114139288663864,-0.0487227527418119,0.23059542546524,-0.181290469602137
1.58678042888641,-2.00117492675781,-0.0568802580237389,-0.0264231982810272,0.203759086499175,-0.189379465694306
1.5265120267868,-1.91608309745789,0.00902658700942993,-0.00372213406037242,0.176880386189178,-0.195976460775294
1.22144615650177,-1.75898373126984,0.162055015563965,0.0163098061022417,0.150936156130549,-0.199241417145105
0.759330153465271,-1.68642222881317,0.364174038171768,0.0307323059590397,0.124599704800597,-0.197426170386912
0.261438101530075,-1.89762234687805,0.521993458271027,0.0382825677017859,0.0946015564753889,-0.190834939755735
-0.168133497238159,-2.18131351470947,0.545619964599609,0.038915978082232,0.0590663148798284,-0.181667860648573
-0.468949556350708,-2.22687435150146,0.461384207010269,0.0340082942992241,0.0217150618420349,-0.172839888718197
-0.655004382133484,-2.23814606666565,0.413171917200089,0.0254267330010275,-0.0150631279432102,-0.165149944531109
-0.746797144412994,-2.28092384338379,0.431756526231766,0.0147271184279222,-0.0523732867287386,-0.15778137289455
-0.791607201099396,-2.23520421981812,0.436850100755692,0.00295459031812756,-0.0892429342627647,-0.150681839747268
-0.858844816684723,-2.13196516036987,0.44612643122673,-0.00982859017557325,-0.124529016826655,-0.144046979447358
-1.05314826965332,-2.11457777023315,0.487599283456802,-0.0250367158360377,-0.159061904451145,-0.137647257412434
-1.40562295913696,-1.9933032989502,0.579409122467041,-0.0450468436766725,-0.192202895773685,-0.131278592508196
-1.79017996788025,-1.81550776958466,0.682813763618469,-0.0712956202265089,-0.222337763099386,-0.124979457306311
-1.97675836086273,-1.88321328163147,0.818235516548157,-0.101980750972247,-0.252561218650121,-0.118252913092212
-1.92278456687927,-1.82586824893951,0.85922634601593,-0.133501100646935,-0.282556791913066,-0.11143014940351
-1.65502774715424,-1.60429108142853,0.819534599781036,-0.162128861540397,-0.309532626677361,-0.105131582663029
-1.34881484508514,-1.39811182022095,0.769397974014282,-0.186213935101546,-0.332968391202574,-0.099170156992669
-1.15688109397888,-1.27892792224884,0.751539885997772,-0.206847896630936,-0.353965705789839,-0.0932245807353585
-1.17411196231842,-1.18129622936249,0.769679725170135,-0.226813287311711,-0.373467940589272,-0.0873481937192236
-1.39077532291412,-1.00249290466309,0.804758310317993,-0.249186187048882,-0.390353571748308,-0.0822218503284189
-1.76697397232056,-0.832217037677765,0.927433669567108,-0.276790618392675,-0.404357592814024,-0.0777988829436383
-2.08523488044739,-0.655957818031311,1.00456833839417,-0.310072731351446,-0.415680437992885,-0.074042768523031
-2.17635774612427,-0.39057332277298,0.938022375106812,-0.345674393876031,-0.423153478305238,-0.0718904623862817
-2.05310678482056,-0.15339432656765,0.850415050983429,-0.380002347961366,-0.426586023902307,-0.0708457628100964
-1.78492712974548,0.017043199390173,0.763684391975403,-0.41073942600721,-0.427141432287054,-0.0698468551243394
-1.41552674770355,0.205408304929733,0.677629709243774,-0.436228823183979,-0.425150440203434,-0.0682670108699809
-0.988241970539093,0.592057764530182,0.669041514396667,-0.455729274066839,-0.418241117536111,-0.0649577750873266
-0.562497317790985,1.05153667926788,0.712846279144287,-0.469206365370051,-0.404335159789578,-0.0587473137445412
-0.323542267084122,1.34211313724518,0.796921193599701,-0.478431274826083,-0.384846626944766,-0.04971451006043
-0.319675624370575,1.54803967475891,0.836664617061615,-0.486655004534899,-0.361871921025874,-0.0391872751465281
-0.407482713460922,1.82091617584229,0.756263792514801,-0.495444992399711,-0.33517449000481,-0.0293787896221869
-0.432292997837067,2.16920351982117,0.65925920009613,-0.504428366262682,-0.303646889243468,-0.0209842773862639
-0.278011828660965,2.5609815120697,0.552782297134399,-0.511451561718528,-0.266434116676526,-0.0134844100443054
-0.0417936742305756,2.82684397697449,0.462733894586563,-0.514607103920553,-0.224311515532018,-0.00652886459440721
0.154750272631645,2.85701894760132,0.407438665628433,-0.51411630164503,-0.180502564529008,-2.4911470830391e-05
0.267230212688446,2.7316198348999,0.34289962053299,-0.511096331647977,-0.138155360601747,0.00586397208949396
0.248103395104408,2.65633988380432,0.216679111123085,-0.507383882130795,-0.0974974617671345,0.0100790720248152
0.178016185760498,2.70028686523438,0.0656810775399208,-0.504394494030532,-0.0570735301926981,0.0118698658184014
0.190607607364655,2.91191434860229,-0.0397587940096855,-0.501736071110257,-0.0145603210297178,0.0116835563206813
0.405653774738312,3.13340139389038,-0.144941762089729,-0.497154232555375,0.0315632910276391,0.00973558921775858
0.912815272808075,3.01777839660645,-0.257099717855453,-0.486698139326112,0.07754214947107,0.00507545787841757
1.53224205970764,2.63893580436707,-0.283348351716995,-0.467670313858748,0.118920239181275,-0.00228743586167451
2.06045913696289,2.09525728225708,-0.232389852404594,-0.440346855585751,0.152982842173375,-0.0117298415629898
2.33559274673462,1.48814845085144,-0.11799269169569,-0.407685334539213,0.178117623756753,-0.021711840240097
2.40613389015198,1.00002956390381,-0.00694473832845688,-0.372960789140655,0.195807610995307,-0.0311333042126499
2.46180462837219,0.649902522563934,-0.0272193849086761,-0.337538280138639,0.207658783885537,-0.0407957252075094
2.49918150901794,0.44982773065567,-0.153195425868034,-0.301863541332628,0.216375886277236,-0.0525225048015663
2.49514698982239,0.384116351604462,-0.299600034952164,-0.266781885865463,0.224267198803038,-0.0666950393270648
2.52375483512878,0.269760757684708,-0.399917036294937,-0.232182634506774,0.231556490333356,-0.0830549612423142
2.61982536315918,0.0970552861690521,-0.41441422700882,-0.196850195625113,0.237587769878288,-0.100740587826327
2.7408721446991,-0.189095243811607,-0.357305943965912,-0.159666112324273,0.240461170718723,-0.118755962203438
2.73064541816711,-0.440932273864746,-0.277521878480911,-0.12156657169939,0.239631310447211,-0.136004296712773
2.62113070487976,-0.662950158119202,-0.176994502544403,-0.0841419370999253,0.235608297058468,-0.151568280279857
2.41502118110657,-0.829511940479279,-0.120827898383141,-0.0488208530637717,0.22834715745589,-0.165111383282982
2.12439441680908,-0.950631439685822,-0.149536773562431,-0.017241812088109,0.219230046045929,-0.177415479611265
1.78409445285797,-1.08411526679993,-0.102754086256027,0.00973845157848224,0.207668782464259,-0.187853777875015
1.45540928840637,-1.20243334770203,-0.0441331192851067,0.0322174103831151,0.19343473157429,-0.195533284623013
1.17988586425781,-1.34691989421844,0.0286915525794029,0.0507215826459457,0.176145997377102,-0.200639569184961
0.960804343223572,-1.55445158481598,0.107161059975624,0.0661216849236709,0.155095844731531,-0.203262722271285
0.756524205207825,-1.89623689651489,0.202682256698608,0.0788119784832766,0.128472301133144,-0.203258413811502
0.572583913803101,-2.32045912742615,0.289710640907288,0.0888589796978021,0.094317251278317,-0.200688904030177
0.398922890424728,-2.51669454574585,0.291591912508011,0.0962994929101632,0.0551378411542408,-0.196705391185816
0.214795678853989,-2.4206690788269,0.263789564371109,0.100822343276536,0.0158772549267309,-0.192453143311428
0.0185039341449738,-2.22579765319824,0.284064739942551,0.102346849772991,-0.0208537929173127,-0.187839505800798
-0.21345953643322,-2.04452848434448,0.362833589315414,0.100445647689667,-0.0554122871734655,-0.181990514119335
-0.477460831403732,-1.8738911151886,0.449927479028702,0.0945962142678046,-0.0879815435821008,-0.174842996368808
-0.816102266311646,-1.82845890522003,0.546024441719055,0.0837462849127643,-0.119389984994176,-0.166575805106299
-1.15999674797058,-2.08619713783264,0.641788482666016,0.0672702804873719,-0.153441767473757,-0.157535389078662
-1.38708984851837,-2.36978340148926,0.66352790594101,0.0463946472542452,-0.191787491286249,-0.148901493713596
-1.50183427333832,-2.43439769744873,0.626406610012054,0.0230848599740784,-0.231337664827554,-0.142049929408645
-1.53396451473236,-2.25875282287598,0.640254497528076,-0.00133106087778639,-0.268792103655651,-0.136548377387126
-1.45740151405334,-1.93097138404846,0.649619281291962,-0.0253874070483264,-0.301579782897895,-0.13160798840626
-1.31463086605072,-1.51048016548157,0.640282213687897,-0.0476809562465781,-0.328181222034066,-0.127055212601976
-1.2425183057785,-1.09919905662537,0.66892397403717,-0.0685894088156258,-0.348334234895032,-0.122506256363118
-1.33734571933746,-0.764651477336884,0.780775129795074,-0.0904626256386559,-0.362997634662137,-0.117277251157012
-1.55941736698151,-0.662010550498962,0.949241399765015,-0.115729292219415,-0.375137418129568,-0.110901705509966
-1.76472687721252,-0.810012578964233,1.03533494472504,-0.144923134443598,-0.388379981811629,-0.104196451627901
-1.80697953701019,-0.906389951705933,0.995449900627136,-0.175619954114158,-0.403102163828175,-0.0984850177063762
-1.72206783294678,-0.862840592861176,0.910606384277344,-0.205263508665367,-0.417426721349208,-0.0941227037971356
-1.59134316444397,-0.686336159706116,0.822987854480743,-0.232841705527579,-0.429438686851804,-0.0907968768596353
-1.45865941047668,-0.340840309858322,0.750500321388245,-0.258077214678161,-0.436966775682686,-0.088194548947646
-1.36405670642853,0.175286173820496,0.76337194442749,-0.281722576288135,-0.437390179844026,-0.0853460680537939
-1.30703091621399,0.669023454189301,0.809084534645081,-0.304628962236257,-0.43018742335901,-0.0814549495669539
-1.24347352981567,1.01648533344269,0.842947721481323,-0.32690075586699,-0.416938120979816,-0.0764563961628514
-1.11974120140076,1.2042064666748,0.823645651340485,-0.34768659150342,-0.400047687915576,-0.0705911241455
-0.931479692459106,1.31222987174988,0.738469779491425,-0.365654382995514,-0.381157745235127,-0.0644796183525046
-0.704496085643768,1.42201864719391,0.611896097660065,-0.379834853949963,-0.360612611093311,-0.0586677387003153
-0.525577485561371,1.62521553039551,0.495781779289246,-0.390444765470921,-0.337443912550441,-0.0534730835140433
-0.468472123146057,1.89632105827332,0.416321575641632,-0.399119156418237,-0.310312126786491,-0.0489606631251215
-0.512897372245789,2.08255839347839,0.373496890068054,-0.40767653681746,-0.279774563445721,-0.0450410451029141
-0.59278529882431,2.16304016113281,0.367716759443283,-0.417132509075264,-0.247540406975239,-0.0413654432305536
-0.598124384880066,2.24752163887024,0.366697311401367,-0.427074881203571,-0.214118636531633,-0.0374555326418001
-0.453855097293854,2.27148652076721,0.318531900644302,-0.435379894923922,-0.179902788028622,-0.0334650199973221
-0.204763248562813,2.2957980632782,0.22512523829937,-0.440169412491969,-0.145453172400614,-0.0300884133810891
0.10412909090519,2.43234658241272,0.114062376320362,-0.44034700602427,-0.109592174663569,-0.0278120881122595
0.44149911403656,2.65554785728455,0.0342415794730186,-0.435407648177441,-0.0708120642586909,-0.0268483379769783
0.711135685443878,2.91407704353333,0.0223660133779049,-0.425952891810745,-0.0282946481664228,-0.0266190315211228
0.855880081653595,3.10295867919922,0.0373771861195564,-0.413587820112274,0.0177787845036399,-0.0268456369556385
0.766191184520721,2.9053635597229,0.063298799097538,-0.401329001770107,0.0629619436521878,-0.0272075898189412
0.537708759307861,2.44811320304871,0.00475932145491242,-0.392072819820528,0.102258995967075,-0.0280161637233995
0.367460578680038,1.8905656337738,-0.130395039916039,-0.386171450485575,0.133591746857096,-0.030326927419143
0.397648572921753,1.42727279663086,-0.280172795057297,-0.381444121952789,0.157340209107397,-0.0348914725354403
0.646886646747589,1.19814908504486,-0.38344007730484,-0.374647589704779,0.176443931272513,-0.0419923810832242
1.13630187511444,1.11550617218018,-0.416650235652924,-0.362161772576181,0.194108102841526,-0.051497894223768
1.7326557636261,0.954807043075562,-0.369143158197403,-0.341355533547289,0.210122203122835,-0.0632082612810926
2.17820310592651,0.788665473461151,-0.257475227117538,-0.312919948326197,0.223784335309418,-0.0760179345440658
2.39808034896851,0.560670375823975,-0.170830279588699,-0.28008031527099,0.235215465419534,-0.0889806825137238
2.47660207748413,0.111179672181606,-0.120567373931408,-0.245340678273651,0.241215078410145,-0.102012364537713
2.49661302566528,-0.377065390348434,-0.0803349986672401,-0.209996820938952,0.240166195484553,-0.114707018948864
2.5509569644928,-0.650160312652588,-0.072774812579155,-0.173966719698363,0.234281808575228,-0.127235777969483
2.65755367279053,-0.790358424186707,-0.0732877403497696,-0.136493265884373,0.226130572447598,-0.140034518025903
2.73673439025879,-0.724253952503204,0.00952697917819023,-0.0973368694630303,0.218374476821547,-0.152336760889987
2.67394065856934,-0.589112102985382,0.119254015386105,-0.05775409792444,0.212188590128764,-0.162805822130196
2.38571047782898,-0.526793599128723,0.177248060703278,-0.020846502088683,0.207286686098765,-0.171151072090866
1.99395132064819,-0.786520004272461,0.263087093830109,0.0109953171735442,0.199223656347008,-0.176577570827031
1.61428070068359,-1.25223195552826,0.312490314245224,0.0374008146766788,0.183658472690993,-0.178969468727435
1.34191179275513,-1.54133939743042,0.271986842155457,0.0592989898631858,0.161998040184013,-0.179738476098564
1.08660173416138,-1.64539551734924,0.225368723273277,0.0772979234111467,0.137757161152928,-0.18001564961916
0.816868841648102,-1.70140528678894,0.24278312921524,0.0913468436302571,0.112005852876389,-0.178995214419079
0.574491083621979,-1.78007364273071,0.300936460494995,0.101715487303273,0.0841549880747353,-0.175988697278908
0.398330956697464,-1.84399116039276,0.341379225254059,0.109103130698909,0.054304511432778,-0.171288145590903
0.244821563363075,-1.84971487522125,0.348919183015823,0.114096197134384,0.0236605872341196,-0.165814586269547
0.0701008811593056,-1.84240472316742,0.344586193561554,0.116334979437023,-0.00685271117997832,-0.159941365903634
-0.0289833545684814,-1.95886981487274,0.345963060855865,0.116539459554842,-0.0388333398667537,-0.153910278728859
-0.093737319111824,-2.00093197822571,0.318800956010818,0.11548111912,-0.071742719566444,-0.148157571479422
-0.174745887517929,-2.03734159469604,0.322510212659836,0.113132380074756,-0.104846067227555,-0.142716975288964
-0.283899813890457,-2.05927991867065,0.376245856285095,0.109088367647994,-0.138823752398666,-0.136770797811884
-0.472451061010361,-2.05019974708557,0.491438776254654,0.10237663907223,-0.173164611895582,-0.129727043770541
-0.714522004127502,-2.18904829025269,0.638177335262299,0.0917966910504951,-0.209893119529181,-0.121091950098491
-0.921049654483795,-2.13340950012207,0.736211478710175,0.0772683645335707,-0.247139575922812,-0.111507366459549
-1.05734312534332,-2.13823199272156,0.724640548229218,0.0600989993956347,-0.282661561244623,-0.102843647193649
-1.13920950889587,-2.18558812141418,0.70483785867691,0.0410940910693992,-0.318534393941916,-0.0957257749154358
-1.04792857170105,-2.23408269882202,0.625284969806671,0.0227071007566663,-0.35463991416625,-0.0901386146921582
-0.89599621295929,-2.05545210838318,0.549554228782654,0.00648952349338444,-0.388479895536239,-0.0859081670941322
-0.751037955284119,-1.75085163116455,0.536913275718689,-0.00750867831624519,-0.417971836843359,-0.0820423261202703
-0.686821937561035,-1.49193060398102,0.619820654392242,-0.02052423338966,-0.443456134899498,-0.0772590616885657
-0.78299081325531,-1.32394528388977,0.76781040430069,-0.0348781596405721,-0.466472410325229,-0.0711314758463079
-1.04845190048218,-1.1801335811615,0.900791645050049,-0.0532092002522757,-0.487292302415133,-0.064672558792069
-1.35735166072845,-1.05899941921234,1.00570046901703,-0.0765089458535952,-0.505814192384341,-0.059062386221555
-1.55598032474518,-0.898640155792236,1.05049014091492,-0.10368527574078,-0.521576159473488,-0.054598296186589
-1.59611999988556,-0.618243634700775,1.00244605541229,-0.132046094232582,-0.533198575836604,-0.0514978524887891
-1.51339399814606,-0.428489416837692,0.919868409633636,-0.159267118320062,-0.540962916553334,-0.0494311851951017
-1.40509736537933,-0.268087774515152,0.838496029376984,-0.184496113170841,-0.546269024485127,-0.0478727165748897
-1.35533380508423,-0.0175878927111626,0.746151983737946,-0.208072539788351,-0.548071800948232,-0.0471088614155084
-1.39039158821106,0.163324102759361,0.72901451587677,-0.23149815910014,-0.5465579064138,-0.0470944551399929
-1.45994508266449,0.260188043117523,0.759629189968109,-0.255898347250267,-0.542901391886788,-0.0471466062911187
-1.519575715065,0.328656852245331,0.752900958061218,-0.281194703257524,-0.538435303464317,-0.0474796295024997
-1.56948602199554,0.586471080780029,0.726130902767181,-0.307070934416924,-0.531021221872995,-0.0483073275323053
-1.54565870761871,0.988885939121246,0.671147227287292,-0.332750118286279,-0.51805749146237,-0.0495347002942011
-1.37031745910645,1.3384884595871,0.594669282436371,-0.356421186691815,-0.499479058858098,-0.050474749393594
-0.974003374576569,1.50599086284637,0.477797538042068,-0.374955723726959,-0.477388375172574,-0.0503753950093151
-0.540413618087769,1.51850354671478,0.367423355579376,-0.386687886600205,-0.454508689436234,-0.0488691334495368
-0.334358721971512,1.49021542072296,0.32281219959259,-0.393932842684813,-0.432014133241961,-0.0463836165733282
-0.326893597841263,1.46419179439545,0.322835117578506,-0.400146504480677,-0.409959060084169,-0.0435423303707805
-0.378118187189102,1.67235696315765,0.325911045074463,-0.406888928115701,-0.386252446361349,-0.0407265611658471
-0.358909338712692,2.15945482254028,0.309428215026855,-0.413705008206462,-0.356387318724972,-0.0378977836773911
-0.231097832322121,2.59844756126404,0.304284065961838,-0.419002187819356,-0.319193516688746,-0.0346699625046863
-0.106662169098854,2.78096771240234,0.326632767915726,-0.422206186709684,-0.277973858973516,-0.0305308623131216
-0.0501352436840534,2.71354103088379,0.322661995887756,-0.424158493330563,-0.236488997727965,-0.0259333233614184
-0.014924262650311,2.47840309143066,0.323727279901505,-0.425285839400289,-0.197894201883965,-0.0211849857243245
-0.0382117405533791,2.26838159561157,0.311621069908142,-0.42621381452826,-0.162665073492258,-0.0165362453787655
-0.154312506318092,2.05995035171509,0.311728656291962,-0.428278401178488,-0.130629641852192,-0.0119676757898374
-0.271038323640823,1.99309134483337,0.25750458240509,-0.432102144986131,-0.100343485034743,-0.00795067585724973
-0.265865951776505,2.00551700592041,0.152888134121895,-0.43638941700921,-0.0702450880147481,-0.00521014848908313
-0.0923380926251411,2.08643388748169,0.0472980588674545,-0.438843671732231,-0.0392565281377195,-0.00400517105656317
0.335583418607712,2.00606560707092,-0.0215531755238771,-0.436313529389537,-0.00836804324106877,-0.00413395682972933
0.994203925132751,1.99745166301727,-0.0311623923480511,-0.424781903697805,0.021661018492369,-0.00548462814326961
1.41580522060394,1.79707813262939,0.139055132865906,-0.405038868782411,0.0500305258723218,-0.00635163169036412
1.36333930492401,1.36828863620758,0.301692813634872,-0.383448634965041,0.0729047441555632,-0.005111935416375
1.02053320407867,0.966983556747437,0.276640444993973,-0.365729653616647,0.0892300154851589,-0.00308291985661874
0.676775395870209,0.697068154811859,0.112873613834381,-0.353697061401655,0.100849001146992,-0.00235920544651341
0.502159059047699,0.532617688179016,-0.0208538305014372,-0.34564613209458,0.109678146884183,-0.00340388083676235
0.646853685379028,0.45672082901001,-0.115038111805916,-0.33737273524391,0.117049078385302,-0.00619191916476963
1.0135064125061,0.489556640386581,-0.126506388187408,-0.324661444182626,0.124479192630994,-0.0105276239942056
1.38168883323669,0.590955376625061,-0.0706130266189575,-0.306177745731633,0.133368107131982,-0.0155202614362611
1.5252947807312,0.596464395523071,0.0798438563942909,-0.284008336561456,0.142978207044028,-0.0196846941281604
1.4782075881958,0.490258097648621,0.227882593870163,-0.261329088742128,0.151281854370984,-0.0216473455419329
1.38836598396301,0.345806121826172,0.269875288009644,-0.239614672058236,0.157240939839428,-0.0222969619637521
1.32397651672363,0.261300832033157,0.202090412378311,-0.219138162713226,0.161747030102139,-0.0233671109272285
1.34628987312317,0.163156673312187,0.0900006219744682,-0.199153989973133,0.165262925865165,-0.0259866989711898
1.4471914768219,0.0269008297473192,0.00935584306716919,-0.178412348954801,0.167377120215314,-0.0304597779332707
1.55462384223938,-0.201944336295128,0.0375965349376202,-0.155993848654968,0.166916771410053,-0.0354884503137855
1.66063213348389,-0.487951308488846,0.108490951359272,-0.131896438452039,0.162251021658067,-0.0398358958656832
1.78322267532349,-0.748409569263458,0.110099501907825,-0.10595747721185,0.153406711466845,-0.0440202606586333
1.8794276714325,-0.861648261547089,0.0785740613937378,-0.0783712350843006,0.142300101404211,-0.0486642850586751
1.84905433654785,-0.844494819641113,0.0175184309482574,-0.050638964161598,0.131214520642543,-0.0539345703702565
1.65639925003052,-0.846950531005859,-0.00723245553672314,-0.0250570228649832,0.120629525911286,-0.0592050143213103
1.39320182800293,-0.989690601825714,-0.00374477938748896,-0.0030996808319374,0.108173401337631,-0.0634979259548689
1.17768502235413,-1.17796993255615,0.0320475734770298,0.0154038870415391,0.092661597694734,-0.0665046592880866
1.05172920227051,-1.36887359619141,0.0620118640363216,0.0317415842904329,0.0737452944433116,-0.0682144225743211
0.924918055534363,-1.50468146800995,0.0663932934403419,0.0463940853393209,0.0521033169022489,-0.0691301778136081
0.722363889217377,-1.65198540687561,0.0809506699442863,0.0584342982450859,0.027964268655276,-0.0692471536786841
0.437367051839828,-1.81490194797516,0.140879780054092,0.066602652512509,0.000981044465482882,-0.0679570160281133
0.0851621404290199,-1.91898703575134,0.207905679941177,0.0698632915491346,-0.0289728174194602,-0.0649321903914915
-0.233731165528297,-1.91188097000122,0.240014359354973,0.0678303379349123,-0.0596183659510228,-0.060943654164841
-0.402175575494766,-1.84606623649597,0.247527658939362,0.0624051196120308,-0.0896891035083182,-0.0568871353504647
-0.48143470287323,-1.73284697532654,0.290911078453064,0.0553311931819671,-0.11832685337304,-0.0526370922040759
-0.555666565895081,-1.64870524406433,0.369541972875595,0.0469803414646748,-0.145727233504596,-0.047530877214128
-0.611459255218506,-1.67419540882111,0.414009302854538,0.0374986101882214,-0.173187916422109,-0.0418134717312555
-0.655230462551117,-1.70966577529907,0.424369543790817,0.0271112735927411,-0.201166950505609,-0.0361412057684696
-0.718279480934143,-1.76230895519257,0.446335285902023,0.0157478856506357,-0.229713180736664,-0.0307837059594944
-0.764286637306213,-1.78796219825745,0.468438446521759,0.00337026342064534,-0.258765407122904,-0.0254936694317432
-0.772376537322998,-1.65934324264526,0.41511344909668,-0.00938727458024052,-0.286331011248314,-0.0211382205882593
-0.743229269981384,-1.41502058506012,0.365348547697067,-0.0217853465001775,-0.310189720545912,-0.0180306855060404
-0.692122459411621,-1.10667598247528,0.36171281337738,-0.0335088102479235,-0.329371674433767,-0.0153307279263303
-0.618744909763336,-0.862252771854401,0.372042685747147,-0.0443828035625123,-0.344586887876607,-0.0124318344134631
-0.552753627300262,-0.647069871425629,0.374819815158844,-0.0542006395899612,-0.356505161554998,-0.0093002716198467
-0.664145112037659,-0.576906263828278,0.438243538141251,-0.0647365932602304,-0.366434282421814,-0.00591463425281724
-1.03663992881775,-0.726341009140015,0.511500716209412,-0.0798596792844608,-0.377481032429001,-0.00282307900115175
-1.46046662330627,-0.88796478509903,0.484021693468094,-0.101253936220965,-0.390426435472563,-0.00197682634975765
-1.63419055938721,-0.915898442268372,0.366454303264618,-0.125963094872391,-0.403454227392663,-0.00420520305963734
-1.69333791732788,-1.10756313800812,0.311413675546646,-0.151121211317105,-0.418606843617602,-0.00854510477476833
-1.75756692886353,-1.07351803779602,0.344137012958527,-0.177374122427157,-0.433807966898266,-0.0133111261819822
-1.81120872497559,-1.06546711921692,0.385447442531586,-0.204520880672951,-0.448664767725908,-0.0183182537952705
-1.87362718582153,-1.01716506481171,0.454508006572723,-0.232722531633108,-0.463518936040821,-0.023149390768637
-1.88449215888977,-0.771220088005066,0.471767395734787,-0.261637307402209,-0.475735416084663,-0.0280284772556064
-1.76072454452515,-0.53696471452713,0.4471715092659,-0.289358556458803,-0.484104218721556,-0.0328977013884365
-1.56350684165955,-0.353901624679565,0.432614684104919,-0.31434520384193,-0.489985391969803,-0.0370826347662765
-1.43022465705872,-0.117481380701065,0.416626662015915,-0.337112077099439,-0.492647908177658,-0.0405314039279891
-1.32785391807556,0.12558825314045,0.401512145996094,-0.358286256277411,-0.491769621844808,-0.0435945183129241
-1.18394589424133,0.368471741676331,0.388803541660309,-0.377629307594169,-0.487296398982931,-0.0459381733510472
-1.06160998344421,0.536908149719238,0.407920777797699,-0.395138823807145,-0.480029322713634,-0.047256274572742
-1.04596161842346,0.685360491275787,0.442344278097153,-0.41214072829853,-0.47033444143747,-0.0477017001680848
-1.04812693595886,0.786080420017242,0.4434974193573,-0.429353709822233,-0.459051134834075,-0.0477236926206525
-0.939964711666107,0.96280300617218,0.377092033624649,-0.445446647858605,-0.445452447894954,-0.0477943499360742
-0.588610410690308,1.02670502662659,0.286525368690491,-0.457318540215588,-0.430198454700832,-0.0473679777559592
-0.139459788799286,1.12600958347321,0.222261190414429,-0.462680073664459,-0.413829812992273,-0.0455099654020931
0.219859227538109,1.41865265369415,0.189642786979675,-0.462118535461783,-0.39395999775279,-0.0421293631251832
0.465992033481598,1.70223188400269,0.18404695391655,-0.457462122236656,-0.369451062398547,-0.0376315067690132
0.656820833683014,1.94378745555878,0.167370244860649,-0.449613836226537,-0.341197275451134,-0.03252819466037
0.745186388492584,2.16644406318665,0.170300260186195,-0.439723788622794,-0.3094699537794,-0.027247681921747
0.709945321083069,2.3344738483429,0.174508586525917,-0.429647291882965,-0.274935339341798,-0.0222110432634108
0.631048381328583,2.30131363868713,0.180370733141899,-0.420547482151196,-0.239763809416248,-0.0176356265972613
0.659979104995728,2.21338295936584,0.164452478289604,-0.411446277514375,-0.206128340564997,-0.0135437831088247
0.775121927261353,2.13592672348022,0.159785032272339,-0.400775193619238,-0.173467724810999,-0.00977409132728246
0.845551908016205,1.97421038150787,0.152607813477516,-0.388594448102871,-0.143015457598853,-0.00617552683299927
0.830278635025024,1.81687164306641,0.0754586979746819,-0.376095320714268,-0.115010316289958,-0.0037015024906481
0.790966391563416,1.72649455070496,-0.0573158599436283,-0.364017255421822,-0.0886648271483901,-0.00337317793170661
0.740631580352783,1.72733378410339,-0.150556862354279,-0.352571159340178,-0.0627280676964802,-0.00507478514008031
0.716324150562286,1.7868777513504,-0.175219863653183,-0.341740433336709,-0.0359116174067346,-0.00782846599849663
0.743817806243896,1.75980198383331,-0.150505363941193,-0.330862754213393,-0.00898864415856319,-0.0106614434924318
0.816871523857117,1.5778431892395,-0.0914705321192741,-0.319068584277636,0.016110143497895,-0.0131639507452601
0.850634276866913,1.30721139907837,-0.0455943867564201,-0.30647361505292,0.0372875367379599,-0.0151465958526142
0.870122492313385,1.11313509941101,-0.075562410056591,-0.293681736711445,0.0551210451222002,-0.0174104205949493
0.976360261440277,1.01799070835114,-0.158267945051193,-0.280086208388313,0.071337604620509,-0.021125653505526
1.19934892654419,0.925812304019928,-0.187880173325539,-0.263727952502896,0.0864733869449869,-0.026332193049037
1.37907099723816,0.880778789520264,-0.145104467868805,-0.24440575563575,0.100750055055219,-0.0318527942066397
1.48106133937836,0.738642156124115,-0.10613390058279,-0.223152610855457,0.113831345050566,-0.0373951701165066
1.45828187465668,0.445583671331406,-0.0521036870777607,-0.201479652647046,0.123022555021684,-0.0425047114594926
1.31177186965942,0.18567006289959,0.0150383310392499,-0.181311812990045,0.127972252769129,-0.0465740895998114
1.17928576469421,0.0598399564623833,0.0589080527424812,-0.163164783918569,0.130025807649641,-0.0493692106726328
1.14445054531097,-0.0203078780323267,0.0233591124415398,-0.146110326687098,0.130815197461504,-0.0521521903663046
1.23657166957855,-0.100070089101791,-0.02951954677701,-0.128468644768267,0.130819964638421,-0.0558984892115313
1.40621364116669,-0.248252898454666,-0.049922026693821,-0.10868134825876,0.129204162703234,-0.0606347119859142
1.49898862838745,-0.434958577156067,-0.0527066253125668,-0.0869586181002256,0.125220649147623,-0.0658220484528129
1.41281116008759,-0.586202442646027,-0.0640958994626999,-0.0655875505177519,0.118732371391947,-0.0709795965970846
1.19787323474884,-0.627584517002106,-0.0986418947577477,-0.0469580580317765,0.11113306840547,-0.0758793175295914
0.997687876224518,-0.680848002433777,-0.113879971206188,-0.031500538881979,0.102842617740858,-0.0805591762359468
0.887778162956238,-0.711628556251526,-0.0954013615846634,-0.0181265933224117,0.0937727201998221,-0.0845511604280667
0.884432435035706,-0.7115238904953,-0.0783352926373482,-0.00522239747910208,0.0844171704245545,-0.088068294151459
0.922737240791321,-0.756063401699066,-0.0706541985273361,0.00814253143582289,0.0747349326737766,-0.0913461937676812
0.978017270565033,-0.957628726959229,-0.0502016581594944,0.022391244144626,0.0626817227595104,-0.0943678146274946
0.938506841659546,-1.06349277496338,-0.0377471186220646,0.0366702049817501,0.0480562552389526,-0.0968841232810103
0.7944216132164,-1.00203633308411,-0.0129919713363051,0.0493392498330708,0.0333527084753112,-0.0987146074163296
0.633232712745667,-0.943714022636414,0.0180567596107721,0.0595969417799451,0.0193456100315922,-0.099570736912661
0.541373908519745,-0.945310294628143,0.0430894084274769,0.0681256968325268,0.00515859717206232,-0.0996653728729902
0.519869685173035,-0.953754365444183,0.0653688758611679,0.0760211377678948,-0.00948780134644112,-0.0991826060108891
0.556101977825165,-0.819676458835602,0.061464685946703,0.0841640512705782,-0.0229431209091776,-0.0984815327606502
0.645507991313934,-0.760494887828827,0.0717162564396858,0.0934151734742386,-0.034883153451113,-0.0976778814939961
0.706000924110413,-0.798531770706177,0.100907698273659,0.103858717779516,-0.0473444048140585,-0.0962868841910033
0.647377848625183,-0.872947156429291,0.104725077748299,0.114066637792667,-0.0609727485935689,-0.0945487372166232
0.452181428670883,-0.95093435049057,0.129010438919067,0.121960722361199,-0.0759930004086377,-0.0924375688394783
0.213283106684685,-0.966992139816284,0.153072625398636,0.126305820819927,-0.0919131582271505,-0.0897629319712286
0.0672494620084763,-0.966265380382538,0.158531576395035,0.127833673612507,-0.10790899004695,-0.0869367866565668
0.0320893451571465,-0.90005624294281,0.156232208013535,0.128277572957832,-0.123335553292872,-0.0841662233889652
0.0618235394358635,-0.756140887737274,0.164043247699738,0.128781371129233,-0.136764621719049,-0.081411794771084
0.139230981469154,-0.6285280585289,0.204187735915184,0.130228764809325,-0.148479671678979,-0.077997164329184
0.204813987016678,-0.610148251056671,0.259099453687668,0.132698220628146,-0.159775537228395,-0.0735227242213724
0.190824925899506,-0.696614742279053,0.277078986167908,0.135343936578053,-0.172299146914092,-0.0684279608919586
0.0907377451658249,-0.802285492420197,0.270984083414078,0.136872624505927,-0.186327232321881,-0.0634541374004141
-0.0839395225048065,-0.819903135299683,0.262354910373688,0.136012531298577,-0.200977835733503,-0.0589050781972125
-0.191480100154877,-0.833513736724854,0.25309830904007,0.13305956078945,-0.215288300799498,-0.054980108821408
-0.156227573752403,-0.820742547512054,0.24266029894352,0.129854315100744,-0.229672529099991,-0.0512763998960157
-0.0495959296822548,-0.72385436296463,0.231701388955116,0.127955193327581,-0.242794794197553,-0.0476070608002895
0.0622480511665344,-0.650741219520569,0.234636723995209,0.127776361191654,-0.254891489337185,-0.0435499307343927
0.0492025539278984,-0.620209991931915,0.263417512178421,0.128051444361543,-0.266457617283799,-0.0391084570446847
-0.0554727241396904,-0.688853740692139,0.293640673160553,0.126969326759233,-0.278749047697236,-0.0343359885920793
-0.154482662677765,-0.804280757904053,0.286475151777267,0.124287035653493,-0.292416036007708,-0.0299476542778248
-0.26202404499054,-0.852536678314209,0.278252393007278,0.120052935809549,-0.306947784644411,-0.0261531383692285
-0.361223846673965,-0.877987205982208,0.290398001670837,0.114263727021919,-0.321513636921259,-0.0228715581017216
-0.422041922807693,-0.844085931777954,0.298579752445221,0.107233061075881,-0.335930929362062,-0.0198420691704086
-0.395470231771469,-0.725077509880066,0.303141742944717,0.100128642475053,-0.348716949425881,-0.0169248799482841
-0.313680320978165,-0.632202982902527,0.330464720726013,0.0938752329314853,-0.360298406212021,-0.013385982827735
-0.251188695430756,-0.586804091930389,0.372567176818848,0.0885161319909272,-0.37134669752863,-0.0089503061349116
-0.251357287168503,-0.545561015605927,0.39076241850853,0.0832684340756019,-0.38202266795511,-0.0040198735491026
-0.318689703941345,-0.5115567445755,0.412785679101944,0.0773133528089955,-0.392085583926187,0.00089032494906649
-0.433859705924988,-0.513119995594025,0.42271500825882,0.0697136777206404,-0.401845157779555,0.00542764935847939
-0.550846517086029,-0.504034876823425,0.396331608295441,0.0604822077701773,-0.410982929016435,0.0089203269594233
-0.562223792076111,-0.49877193570137,0.356747448444366,0.0506068154676545,-0.41961845404711,0.0114392551880213
-0.478794693946838,-0.464711427688599,0.31994417309761,0.0418061995520247,-0.427681860278187,0.0135464208598604
-0.3828164935112,-0.375352531671524,0.308908551931381,0.0344261749428971,-0.434729512392141,0.0158627493321776
-0.342378526926041,-0.314883321523666,0.313503056764603,0.0280673956924186,-0.440750807984807,0.018461918210988
-0.382096111774445,-0.298280090093613,0.346368581056595,0.0212087095601777,-0.446470783919491,0.0213272258397203
-0.45152285695076,-0.337910085916519,0.366169720888138,0.0134357681206459,-0.45246381574105,0.0241845540343857
-0.532528221607208,-0.349419981241226,0.368835538625717,0.0043426841549486,-0.458600446076591,0.0265636096563355
-0.561115682125092,-0.33098691701889,0.347308158874512,-0.00531606904882498,-0.464383280938859,0.0283695217959535
-0.51164311170578,-0.257871001958847,0.293235272169113,-0.014416577690457,-0.469133129504846,0.0296020228508889
-0.389818370342255,-0.144978806376457,0.250351458787918,-0.021726370507421,-0.472192936464169,0.0306426395224169
-0.220471411943436,-0.0407197885215282,0.256895363330841,-0.0269343313330108,-0.473983055586666,0.032544759704479
-0.0895669311285019,-0.0520755089819431,0.275891155004501,-0.0299880958711141,-0.475397695289382,0.035725911535965
-0.15931910276413,-0.018970550969243,0.331005275249481,-0.0334162552936964,-0.477206623301294,0.0394427114793804
-0.339105635881424,-0.040390357375145,0.419525563716888,-0.0394081279236184,-0.479143823575868,0.0435012281779873
-0.540604948997498,-0.106491878628731,0.433101832866669,-0.048509108486062,-0.481513683617448,0.0467688841849385
-0.709441125392914,-0.20347860455513,0.367829352617264,-0.0598543548439913,-0.484717666316258,0.0481963596739688
-0.799511075019836,-0.152462556958199,0.308554828166962,-0.0724574433622507,-0.487240143388085,0.0477975467557527
-0.780262291431427,-0.0551538541913033,0.298096060752869,-0.0849801134457392,-0.488195616762988,0.0468537961612036
-0.71311628818512,0.100422948598862,0.29227814078331,-0.0967542194222117,-0.487360601847452,0.04629187386836
-0.638536334037781,0.242987036705017,0.289699643850327,-0.107224569133277,-0.484376288571182,0.0461316340224259
-0.641931354999542,0.367629617452621,0.309024095535278,-0.117658600924791,-0.479547112353393,0.0464083297523888
-0.717824757099152,0.437424957752228,0.334230899810791,-0.128964294560315,-0.473480151574384,0.0467583052729911
-0.782910823822021,0.343593537807465,0.346530973911285,-0.141519915407977,-0.467797150694041,0.0469635161827603
-0.779402375221252,0.212386772036552,0.314385026693344,-0.154133116589235,-0.46399396265271,0.0468265134702133
-0.716038048267365,0.195549204945564,0.258177429437637,-0.165894393218244,-0.46108927922805,0.0463417110404359
-0.623835682868958,0.278140485286713,0.191575482487679,-0.176019955704649,-0.457214457703185,0.0454872093658799
-0.519025921821594,0.406251043081284,0.144324079155922,-0.184585070294908,-0.451562479519409,0.0444719927768497
-0.394067972898483,0.51158732175827,0.108929075300694,-0.191177311056107,-0.444246070514591,0.0436546609756126
-0.296876966953278,0.570537745952606,0.0818516537547112,-0.196136196565084,-0.43588941072321,0.0431202633921518
-0.318057090044022,0.646348357200623,0.0647009015083313,-0.200652955177268,-0.426539025439681,0.0424504004307164
-0.471808314323425,0.714392125606537,0.0979435369372368,-0.206861417187433,-0.415939610509531,0.0414162031201082
-0.704590201377869,0.762348175048828,0.152012094855309,-0.216324294335655,-0.40452290431389,0.0401075847565278
-0.867717862129211,0.758852541446686,0.16269563138485,-0.228782804289625,-0.392786937155066,0.0383124752394888
-0.852578818798065,0.767310202121735,0.13717083632946,-0.241784541556155,-0.381137090967397,0.0361991000550659
-0.682814598083496,0.804192543029785,0.0977278202772141,-0.252941897879051,-0.368903358694269,0.0343121975819467
-0.501314043998718,0.816108345985413,0.0572685487568378,-0.261151285580179,-0.356664278623259,0.0328184707315247
-0.399979650974274,0.903259515762329,0.043061651289463,-0.267441712380954,-0.343489892985378,0.0316298401998178
-0.372532576322556,1.03753447532654,0.0690040290355682,-0.273001308584247,-0.328625171589536,0.030914075326096
-0.379460513591766,1.08985435962677,0.128817558288574,-0.278858992497852,-0.31239444778375,0.0310483285049878
-0.393686324357986,0.980793714523315,0.174540847539902,-0.285042336970555,-0.297113797352107,0.0320100613418083
-0.42762166261673,0.702609479427338,0.163366213440895,-0.291777176337274,-0.285152082893624,0.0331463419916982
-0.38303554058075,0.493987560272217,0.0662641748785973,-0.298008715928823,-0.277023906713966,0.0333290445273468
-0.278994917869568,0.477928698062897,-0.0110378032550216,-0.302733248038142,-0.269913000479066,0.0324629563477795
-0.12639045715332,0.550687313079834,-0.03880924731493,-0.305261749045213,-0.262015983063634,0.0314269798305722
0.050401359796524,0.635430991649628,-0.0301001779735088,-0.305251654418465,-0.252948584665641,0.0308811139187719
0.160816818475723,0.782389283180237,0.0124139934778214,-0.303281384806373,-0.242148169011119,0.0312180593387114
0.193433627486229,0.952462196350098,0.0555129945278168,-0.300608757606288,-0.228816013731821,0.0323362908398575
0.196246445178986,1.07285487651825,0.0962332561612129,-0.297993491244515,-0.213512796402635,0.0340837039076001
0.265538960695267,1.12772285938263,0.0913980230689049,-0.294704605186319,-0.197130693145336,0.0360500545848308
0.365995019674301,1.17362487316132,0.0568530969321728,-0.289857291653096,-0.179986804533844,0.0377550453550968
0.412272214889526,1.12441098690033,0.00584237696602941,-0.283910264413563,-0.162949369351383,0.0387809830684133
0.385145545005798,1.05165660381317,-0.0584846809506416,-0.277888718145962,-0.146897324218384,0.038772411197998
0.319294601678848,0.947905778884888,-0.0803747996687889,-0.272686555923785,-0.132136225504319,0.0380717371734434
0.259753793478012,0.878820180892944,-0.0936458632349968,-0.268471974391872,-0.118629566269398,0.0370202768611048
0.205439686775208,0.803273797035217,-0.0951415002346039,-0.265044793005879,-0.105952426720532,0.0357763510316881
0.175827205181122,0.695013880729675,-0.11786837875843,-0.262332105660869,-0.0948271671030034,0.03429962667767
0.228324756026268,0.552762746810913,-0.146502688527107,-0.25921290975999,-0.0855958472142458,0.0322885691100203
0.327428966760635,0.474333167076111,-0.1448675096035,-0.254775177217212,-0.0779489024114667,0.0301476532290365
0.407243371009827,0.465352445840836,-0.132609516382217,-0.249008889628128,-0.070672098396122,0.02817816837343
0.458413362503052,0.441275894641876,-0.134436443448067,-0.242356671409696,-0.0636441472277515,0.0261970866753053
0.464961528778076,0.417333543300629,-0.151505172252655,-0.235349378589854,-0.0568804409959597,0.0240027374270425
0.411825358867645,0.377443104982376,-0.16684179008007,-0.228917868791113,-0.0506693152269766,0.0214940240609532
0.348004013299942,0.307306110858917,-0.178005754947662,-0.223468713459415,-0.0451732297237189,0.018782038847564
0.295970380306244,0.230577230453491,-0.196575447916985,-0.218948887220483,-0.0409305671448516,0.0157828523624934
0.212849393486977,0.156272634863853,-0.193985253572464,-0.215460845892367,-0.0376615799017606,0.0127285586758478
0.153355970978737,0.0460167042911053,-0.211568504571915,-0.213118894514917,-0.0359013737270737,0.00956092431497307
0.180241122841835,-0.0484512113034725,-0.237118348479271,-0.210765948590598,-0.0356315064888826,0.0060217850411125
0.244321569800377,-0.0466786101460457,-0.253787606954575,-0.207548361917485,-0.0357013196385923,0.00210399747905665
0.278326153755188,-0.0121392775326967,-0.243920594453812,-0.203632393385907,-0.035257003082657,-0.00177539499446577
0.272751867771149,0.00535689201205969,-0.216172054409981,-0.199641912517586,-0.0346167812019028,-0.00535609538167808
0.251160562038422,0.0857449397444725,-0.186329737305641,-0.195862728864725,-0.0330536800766967,-0.00847885080602584
0.226327389478683,0.122868068516254,-0.15014323592186,-0.192499800631915,-0.0308260279812636,-0.0110375334252857
0.232506990432739,0.081823967397213,-0.124511897563934,-0.189151114507837,-0.0288793166145745,-0.0131576859017904
0.233532041311264,0.0569415241479874,-0.119189843535423,-0.185733104327725,-0.0275493540326311,-0.0151393288253774
0.204729691147804,0.0397750549018383,-0.115122132003307,-0.182555486904416,-0.0263823820107709,-0.0170494037754085
0.164142817258835,-0.0119401551783085,-0.102620020508766,-0.179950997958682,-0.0259539703740951,-0.0187757400816776
0.132154256105423,0.00446544820442796,-0.100675918161869,-0.177882325520919,-0.0256936019630927,-0.0203672913242756
0.129038095474243,0.0564010851085186,-0.111324831843376,-0.175987469015426,-0.0247756358325574,-0.0220704001750822
0.130109757184982,0.107278376817703,-0.11340369284153,-0.174081030844108,-0.0230069961128929,-0.0239108345557256
0.104410253465176,0.054424487054348,-0.0976031571626663,-0.17246127253053,-0.0214429041376012,-0.0255760283631725
0.0895751118659973,-0.0527395159006119,-0.104213126003742,-0.171101739433432,-0.0213861300069963,-0.0271832649514897
0.0854786410927773,-0.0820510685443878,-0.122424356639385,-0.169868506879478,-0.0221293808995674,-0.0290323986459369
0.113191224634647,-0.0421286858618259,-0.124340765178204,-0.168435432689379,-0.0225549893040036,-0.0310516663483305
0.138547718524933,-0.0345416069030762,-0.0996047928929329,-0.166518724092328,-0.0226572116858421,-0.0327941692557758
0.147059440612793,-0.0594762526452541,-0.0974380448460579,-0.164337846714378,-0.0229941560421113,-0.0343955622520067
0.105548486113548,-0.0896208360791206,-0.102009624242783,-0.162530989092713,-0.023789345033025,-0.0360254259947188
0.0372674353420734,-0.114146426320076,-0.0917980000376701,-0.161681029185699,-0.0250034351576044,-0.0375831656687511
-0.00975866429507732,-0.139822497963905,-0.0750413909554482,-0.16170668257295,-0.0267044366013988,-0.0388547797331604
-0.0419104732573032,-0.10383066534996,-0.0549233369529247,-0.16223728159034,-0.028269200705575,-0.0398458819916689
-0.0303994938731194,-0.00848443806171417,-0.0333948768675327,-0.162778266157303,-0.0287026831605355,-0.0404479340193541
-0.0145946983247995,0.0716649889945984,-0.0150574147701263,-0.163034930946885,-0.0278861766567515,-0.0407952650966792
-0.03493832051754,0.131367728114128,-0.00551903760060668,-0.163357307077205,-0.0261178238031623,-0.0409047871719665
-0.0519383400678635,0.0859469920396805,-0.00994627550244331,-0.16405338942011,-0.0244534035036559,-0.0409813088423892
-0.0327065885066986,-0.0126994233578444,-0.0131223630160093,-0.164609483724473,-0.0241925259175337,-0.0411276153389292
-0.016772897914052,-0.0398127995431423,-0.00663756532594562,-0.164926889464212,-0.0247389594847069,-0.041256650029571
0.000253490172326565,-0.0258056372404099,-0.00437707407400012,-0.16498162144597,-0.0252155063824452,-0.041334145440427
0.0034223860129714,-0.0268868803977966,-0.00115358363837004,-0.164887806520689,-0.0255928210957137,-0.0413753389526898
0.0119516914710402,-0.0475013442337513,-0.0011184299364686,-0.164732526206331,-0.0261657462920119,-0.0413873150539854
0.0333973281085491,-0.0660891458392143,-0.0159490425139666,-0.164330444004076,-0.027071291726744,-0.0415598773249152
0.0291756857186556,-0.0790853723883629,-0.0202612318098545,-0.163821029009115,-0.0281353964568731,-0.0418718907028183
-0.00912749394774437,-0.0789367705583572,-0.0269180703908205,-0.163709637188345,-0.0292591753930371,-0.042251493967111
-0.0495420284569263,-0.0452267415821552,-0.0367595143616199,-0.164262466790774,-0.0300430338485986,-0.0427680299948553
-0.0347726717591286,-0.0495394617319107,-0.0195799954235554,-0.164930074062974,-0.0306391930051741,-0.043182925455174
0.00238481815904379,-0.0268986001610756,-0.00436429074034095,-0.165072966217939,-0.0311438261446769,-0.0432964867017766
0.0109053356572986,-0.0117793008685112,-0.00429398333653808,-0.164925247584156,-0.0313375780288335,-0.0433415804993885
0.000385317020118237,-0.069191999733448,-0.0183027442544699,-0.164839057495664,-0.031948697151246,-0.0435480082318039
-0.0208584517240524,-0.113520845770836,-0.0248924698680639,-0.165033484919336,-0.0334306285796192,-0.0439181373567819
-0.033668790012598,-0.0917921140789986,-0.0228183995932341,-0.165463996166032,-0.0348904712441921,-0.0442807989592666
-0.0390760712325573,-0.0332542322576046,-0.0153200030326843,-0.166004703250505,-0.0356136645890178,-0.0445482217358131
-0.0327832885086536,-0.00399195263162255,-0.00457041943445802,-0.166471393637016,-0.0357516076727941,-0.0446398112883317
-0.0179305728524923,-0.0440831780433655,0.00403052568435669,-0.166792282585646,-0.0361904027197326,-0.0445757676344124
-0.00188662577420473,-0.102660477161407,-0.00126277329400182,-0.166860238000541,-0.0374632513255816,-0.044566040522361
-0.0114002358168364,-0.109156720340252,-0.00987490266561508,-0.166968137445631,-0.0390777423854344,-0.044681568859005
-0.0208728332072496,-0.0929412692785263,-0.0238043013960123,-0.167191775900126,-0.0404876737115775,-0.045000520622304
-0.0388789996504784,-0.114573590457439,-0.0356905199587345,-0.167656678505675,-0.0419099220790183,-0.0454882544212262
-0.065310075879097,-0.199020564556122,-0.0573052689433098,-0.16849890361604,-0.044303093328856,-0.0461962728357567
-0.0501657426357269,-0.25011357665062,-0.0818207338452339,-0.169383092747159,-0.0475711395445948,-0.0473422927812053
-0.010827923193574,-0.238339215517044,-0.0719414725899696,-0.169755258046119,-0.0509715152832799,-0.0485784682426348
0.0217867456376553,-0.173285111784935,-0.0257420185953379,-0.169603031215524,-0.0537419775047119,-0.049238365894115
0.0586901679635048,-0.0649599656462669,0.0162560325115919,-0.16876243050099,-0.0553061647475943,-0.0492213907322812
0.00947335362434387,0.000355125404894352,0.0373599864542484,-0.168351334106873,-0.0555849259376578,-0.0487424508933341
-0.0299922972917557,0.0157244950532913,0.0413904152810574,-0.168667193260649,-0.0555275615976733,-0.0481499571841695
-0.0536177307367325,0.0430131070315838,0.0615553371608257,-0.169348191584078,-0.0551780762912817,-0.0472923548068837
-0.0920660570263863,0.0649024248123169,0.0709387138485909,-0.170437700281935,-0.0546275007710859,-0.0462084243761848
-0.14847207069397,0.0575515702366829,0.0630887821316719,-0.172322815105161,-0.0539539655486697,-0.0451786167970976
