0.0299902185797691,-0.0357875339686871,-0.018094714730978,0.000561374147383553,0.000644162054474089,-0.00113849391728471
-0.00309343263506889,-0.0128630436956882,-0.0129473563283682,0.000971052580727161,0.00137755955716162,-0.00224414304065035
-0.0541608743369579,-0.064635694026947,-0.0208063460886478,0.000453840134952976,0.002130823812,-0.00359871168199422
-0.0592901222407818,-0.151343956589699,-0.0412168093025684,-0.000491569455118634,0.0031383458410158,-0.00656279873227916
0.00451868120580912,-0.143994957208633,-0.0269108433276415,-0.00080434835759613,0.00341765728335269,-0.00920006341064661
0.0715049058198929,-0.0586965791881084,-0.0125074032694101,-0.000152879469773382,0.00299751885368435,-0.0102143241165102
0.104541689157486,0.0331712923943996,-0.0154059864580631,0.0012345377837415,0.00404683563393822,-0.0112012473990668
0.187285557389259,0.125025048851967,0.0247379709035158,0.00345101399680492,0.00455892440618082,-0.0103386157424734
0.320818871259689,0.224428340792656,0.105802990496159,0.00755625728996101,0.000647033397012657,-0.00342466840383526
0.372667700052261,0.294771999120712,0.145724847912788,0.0127575764043935,-0.00772876959498285,0.00930678825422571
0.36126109957695,0.191784381866455,0.112441718578339,0.0181536402590281,-0.016340090040173,0.0217547886540104
0.266559630632401,0.00160431209951639,0.102026633918285,0.0227214167646337,-0.0255609995785907,0.0320667671717205
0.0800435394048691,-0.142560586333275,0.110283493995667,0.0248257304472284,-0.0378945031071781,0.043083817570263
-0.0486361496150494,-0.247118160128593,0.0837120711803436,0.0244673485120639,-0.0496704255738423,0.0517010292914495
-0.161931559443474,-0.304837107658386,0.12456975877285,0.0226028588814378,-0.0647344272551464,0.062589697440981
-0.338087111711502,0.155894815921783,0.272327780723572,0.0178848264172469,-0.0806711438510115,0.0784220523810133
-0.137612625956535,0.801397383213043,0.482524156570435,0.0135864548080915,-0.106600693128233,0.113762523990184
0.146681413054466,1.09357464313507,0.499612599611282,0.013383981083964,-0.136218777722024,0.159111738553014
0.253015577793121,1.12441194057465,0.280330061912537,0.0158773087335431,-0.15428339821949,0.195127524828722
0.223718136548996,0.846878886222839,-0.018101105466485,0.0192021469963732,-0.150789351481378,0.206072316605029
-0.0211398098617792,0.684877693653107,-0.161894768476486,0.0209180339261452,-0.128627452067762,0.194585860604676
-0.41903418302536,0.286443769931793,-0.101863913238049,0.0166867180526848,-0.108116356665318,0.180426801752268
-0.619168043136597,0.112523376941681,0.0023935167118907,0.00842787682043489,-0.0962031411700442,0.170409587117747
-0.681288719177246,-0.127794951200485,0.167290061712265,-0.00184225825125539,-0.0998228143258079,0.173619328966906
-0.663994371891022,-0.293673694133759,0.143743455410004,-0.0121658637198674,-0.11012261077667,0.180154737325636
-0.577812075614929,-0.401827841997147,0.0395350269973278,-0.0215820010655507,-0.115255525571359,0.179872804802115
-0.432544380426407,-0.53436803817749,-0.118780314922333,-0.0284787080319098,-0.113266905467356,0.170388612258005
-0.217076823115349,-0.423563778400421,-0.268923491239548,-0.0324269958444956,-0.102945312900531,0.152141841025112
-0.13157631456852,-0.14695693552494,-0.305474311113358,-0.033874513816301,-0.0845418313028871,0.129832770647471
-0.359102934598923,-0.233869463205338,-0.361506670713425,-0.0375512804713836,-0.0622752021366907,0.104402191930089
-0.593122899532318,-0.570342540740967,-0.521421492099762,-0.0450573986882314,-0.0363345796666661,0.0706293985906865
-0.609999895095825,-0.635959625244141,-0.66150164604187,-0.0540126964965766,-0.00465080981093722,0.0282494246630141
-0.407809227705002,-0.829482197761536,-0.6251340508461,-0.0612108938617113,0.0241598913566756,-0.0126639314227752
-0.0846098661422729,-1.72271692752838,-0.516046166419983,-0.0643286524849527,0.0367915632264996,-0.0468942391496316
0.393246203660965,-2.90477108955383,-0.41584900021553,-0.061219879264953,0.0242709766626148,-0.0740962589647387
0.895000398159027,-2.79773712158203,-0.402868747711182,-0.0498812254421943,0.00530894057107894,-0.0996565971081398
0.914894759654999,-2.05382061004639,-0.38278266787529,-0.0355333146520569,-0.0059554921963888,-0.124097298578025
0.673870146274567,-1.36937642097473,-0.37833571434021,-0.0239503539419708,-0.00450153719817589,-0.149444120868762
0.738855540752411,-1.1947318315506,-0.259194940328598,-0.0139187194113815,2.56779821293483e-05,-0.172854698336476
0.903791487216949,-1.79888546466827,-0.0942483395338058,-0.00092714602854449,-0.0148255796435583,-0.181696993405454
0.977981567382812,-2.62247347831726,-0.14797654747963,0.0135634560677009,-0.044628743419888,-0.187315185193586
1.11195313930511,-2.7264289855957,-0.233714357018471,0.0295844316663834,-0.0749315833062258,-0.199211337234361
1.1963529586792,-1.86496222019196,-0.037943784147501,0.0476084420599845,-0.108777477173298,-0.198008278038557
0.909688770771027,-0.869043231010437,0.0594277754426003,0.0626627883943791,-0.150663859089942,-0.173595904532725
0.587905704975128,-0.45456936955452,-0.0768222138285637,0.0729829350122833,-0.173404483423841,-0.159402822806236
0.235625401139259,0.0637467801570892,-0.26229539513588,0.0787838890487196,-0.156417598376395,-0.178517107528853
-0.0186020843684673,0.559929370880127,-0.449288725852966,0.0804290412276734,-0.0958795975457304,-0.232765954379919
-0.184559628367424,0.530692934989929,-0.602050304412842,0.0790985607179773,-0.00530532159902256,-0.315270035983714
-0.33180046081543,0.109712406992912,-0.690997242927551,0.0744893737363168,0.0909354468813238,-0.408108066300063
-0.418473035097122,-0.125235125422478,-0.765483200550079,0.0673891749686055,0.181755204034959,-0.500873902975413
-0.55814516544342,0.0801071152091026,-0.761917173862457,0.0575829735235831,0.262849544960503,-0.58262817293623
-0.657389223575592,0.0953766107559204,-0.623709797859192,0.0456848763953841,0.319647048724572,-0.638069577984476
-0.658214271068573,-0.0236717481166124,-0.403828024864197,0.0339433034852006,0.346004540916857,-0.664613308411611
-0.579077899456024,0.0463416874408722,-0.193919807672501,0.0241159884934838,0.351062932427178,-0.669517900777429
-0.538432478904724,0.147379890084267,-0.0920975729823112,0.0157537530926952,0.346593830794786,-0.663296789184326
-0.53590726852417,0.2499880194664,-0.140039265155792,0.00776101960752529,0.343135565483938,-0.656369656887149
-0.477037280797958,0.293305933475494,-0.293403267860413,-0.000404087427413158,0.352344691110369,-0.66151843620436
-0.479547321796417,0.343795210123062,-0.373468518257141,-0.00869607820349749,0.370396444656576,-0.674772120869033
-0.431986451148987,1.07505869865417,-0.470693081617355,-0.0177082182683246,0.398964771508923,-0.693071076631543
-0.673562347888947,0.984448850154877,-0.626142501831055,-0.0290363063582089,0.437551881443885,-0.715696789226469
-0.85968029499054,1.14147901535034,-0.79380339384079,-0.0448221992621824,0.474543420393056,-0.737380553264537
-0.902431964874268,1.30614137649536,-1.02780735492706,-0.0633377623631657,0.520893625584167,-0.765754683267663
-0.982747077941895,1.51941502094269,-1.11035418510437,-0.0839656024621138,0.569986951465846,-0.793792337155441
-1.15170705318451,1.40797936916351,-1.03893995285034,-0.106459533339474,0.608722080669963,-0.811127794502153
-1.38045954704285,1.15182137489319,-0.949901401996613,-0.131039031720023,0.630769082473508,-0.814771794103423
-1.41417038440704,0.958585858345032,-0.86700838804245,-0.156230526879042,0.642237100813611,-0.810625630409752
-1.26621842384338,0.850342750549316,-0.723043203353882,-0.179220476688958,0.649836433552012,-0.804525647052512
-1.18248152732849,0.680860221385956,-0.545380532741547,-0.199151755952022,0.652464899809114,-0.795389058635793
-1.15753650665283,0.39095675945282,-0.465405315160751,-0.217599257017334,0.649347428413846,-0.783838091541173
-1.16248464584351,0.0730802565813065,-0.378176122903824,-0.235439064117343,0.639822214467557,-0.770932369857231
-1.18221938610077,0.322521239519119,-0.321455597877502,-0.252697030645263,0.62948846180338,-0.756319790289338
-1.19712543487549,0.844437718391418,-0.337058007717133,-0.270365042242878,0.626643165748807,-0.741878764753218
-1.11068427562714,1.06048429012299,-0.357642620801926,-0.287555047775359,0.631375060176925,-0.729912042363191
-1.00863540172577,0.806347846984863,-0.200235962867737,-0.302694078131123,0.633771575841219,-0.71728656705318
-0.83470356464386,0.709648489952087,-0.103081710636616,-0.314868012428693,0.633064143303075,-0.704112506004828
-0.553857505321503,0.697758257389069,-0.0489359200000763,-0.323543595433354,0.635085047677673,-0.694279279598818
-0.275909513235092,0.507695913314819,0.0979299619793892,-0.327705433167656,0.637154399785759,-0.686611800370544
0.0142919551581144,0.324388653039932,0.305757194757462,-0.326676338599105,0.636526481460979,-0.679202373109072
0.122166492044926,0.205263331532478,0.402459770441055,-0.322099395784219,0.633079456189499,-0.671354234507482
0.0959692448377609,0.319441050291061,0.47075280547142,-0.316875804910353,0.628981023368527,-0.661980449579172
-0.00276612397283316,0.388539403676987,0.549209535121918,-0.312125669973655,0.622907419943059,-0.648711722796093
0.109596900641918,0.410006612539291,0.616176307201385,-0.306439640500017,0.616007571200908,-0.634130385111948
0.490017473697662,0.390413224697113,0.738245010375977,-0.296267378987707,0.611289950244208,-0.621769069867492
0.893648028373718,0.138070985674858,0.893342673778534,-0.279586123324449,0.606732172894182,-0.612805931040784
1.08144211769104,0.0748627185821533,0.988484144210815,-0.258665417635778,0.600369872248613,-0.604474538449037
1.29627346992493,0.195792868733406,0.910969614982605,-0.23554042561202,0.598394999336206,-0.599753859494052
1.65856325626373,0.219416961073875,0.789462924003601,-0.209438452400712,0.607106585473688,-0.605394252539461
1.97847735881805,0.0785285532474518,0.644022881984711,-0.180042788628086,0.627510036722853,-0.625226951244517
2.08339476585388,0.0723220556974411,0.588095963001251,-0.149538868083328,0.658218801517487,-0.656854354399094
1.976482629776,0.0546378679573536,0.629034578800201,-0.119779381049381,0.69348873554064,-0.692807860448214
1.77987027168274,-0.189866945147514,0.698001980781555,-0.091783361455869,0.724891900311876,-0.727078770643539
1.70274722576141,-0.210913375020027,0.7444708943367,-0.065200372912432,0.754021897441438,-0.760685233216006
1.63187599182129,-0.0738338232040405,0.802884161472321,-0.0388191363280592,0.78721574393777,-0.796915202666508
0.546656250953674,0.790189385414124,0.830853760242462,-0.0205029491920161,0.800528944252656,-0.798861986282071
0.454667210578918,-0.500802457332611,0.905878186225891,-0.00671538931095084,0.776010099424794,-0.775888149418732
0.317452371120453,-0.687410950660706,1.12694239616394,0.0082467512702995,0.720186183291843,-0.729213168005591
0.268084824085236,-0.299552172422409,0.91233903169632,0.0209129543834019,0.658539298194477,-0.673995380755337
0.305208474397659,0.366035968065262,0.669736206531525,0.030826197845949,0.619643117687477,-0.632151492945016
0.511598408222198,0.756544589996338,0.575344741344452,0.0412872435588612,0.60301366798799,-0.605314332184887
0.80814802646637,0.958482801914215,0.533684909343719,0.0544875894297998,0.609159003166274,-0.598003319712647
1.24716877937317,1.14432299137115,0.650997161865234,0.073262940559903,0.641571644993607,-0.614135742169353
1.46324360370636,1.02172374725342,0.803935050964355,0.0971597315668935,0.698023569272147,-0.65407633899928
1.29797160625458,0.478622436523438,0.952910661697388,0.121834224262154,0.744517811965482,-0.690893319244141
0.962746441364288,0.338134825229645,0.906804978847504,0.143275359099368,0.760193261417613,-0.701282023234107
0.522942960262299,0.480182528495789,0.748159408569336,0.158632891057371,0.674988913637031,-0.609584006529954
0.32374170422554,0.227749466896057,0.747683227062225,0.168535412072991,0.323597024159831,-0.251836183177017
0.300892293453217,-0.816199541091919,0.708058595657349,0.171085535344226,-0.623112377234764,0.688980556404762
0.432043671607971,-1.81828022003174,0.115193635225296,0.170221749618172,-1.30555099519475,1.34773296045291
0.187928453087807,-1.23602795600891,-0.378160148859024,0.173824184301043,-1.73860841195324,1.75828464244738
-0.197499662637711,-0.206459507346153,-0.564413070678711,0.179489446474616,-2.23109941011261,2.24403783823486
-0.480891406536102,0.101895928382874,-0.457017958164215,0.174127876382301,0.929459265027662,-0.917960890089213
-0.172879800200462,0.434041380882263,-0.228275313973427,0.16733048674257,0.843951567139893,-0.828387954884844
0.613758862018585,0.276585966348648,-0.00651442632079124,0.16963012102217,1.24424756773268,-1.22218274923083
0.820306718349457,-0.227743491530418,0.0274392794817686,0.168937081752907,2.11059307929174,4.19224719338558
0.737565219402313,0.163277268409729,-0.0261126291006804,0.160800123213847,2.58394719907328,3.71921992938882
0.475133866071701,0.5062016248703,-0.123599775135517,0.152619657298035,2.71071167831306,3.59907079557934
0.0529706403613091,0.490376025438309,-0.223547145724297,0.148667351683393,2.6812258142232,3.63646435407723
-0.294757753610611,0.461929738521576,-0.183117166161537,0.149458206529157,2.56616157499888,3.75872225036813
-0.280604392290115,0.739035367965698,0.0190966613590717,0.152737251858762,2.4787996421952,3.85599342929376
-0.202149540185928,0.675019383430481,0.0665350183844566,0.155827763861247,2.43113269223888,3.91451971325005
-0.0078722033649683,0.511037349700928,0.154143422842026,0.158001126015412,2.46475645491769,3.88925245784278
0.242703810334206,0.43720281124115,0.137544468045235,0.157417983899341,2.60092866422509,3.76006555834833
0.467571288347244,0.27154329419136,0.138843566179276,0.153170500057372,2.76439244644183,3.6015510340133
0.816501617431641,0.250733613967896,0.206239119172096,0.144194447640464,2.93681524278466,3.43274839838727
1.3155220746994,0.332603454589844,0.166845634579659,0.127735434345423,3.06037111035141,3.31381308531327
1.62247943878174,0.307912439107895,0.282024413347244,0.104212121383611,3.13476729532935,3.24423310055563
1.56083929538727,-0.193434581160545,0.643175721168518,0.0802398895486747,-3.06231766677452,3.15833530321166
1.07927823066711,-0.872637867927551,0.773940622806549,0.0599104595787199,-2.98891624916958,3.07398108300158
0.0559357292950153,-0.521434009075165,0.319079101085663,0.0526782105958077,-2.94597041764236,3.02033263990785
-0.254720151424408,-0.2573381960392,0.0108080767095089,0.0555902282646856,-2.93811408518753,3.00714132299034
-0.250166922807693,0.138094082474709,-0.155377969145775,0.059635752721916,-2.94495598484694,3.01387217324541
-0.375847637653351,0.458051055669785,-0.170831754803658,0.0647974339963175,-2.95463504368068,3.02937329748648
-0.443393379449844,0.525746464729309,-0.125281050801277,0.0716853190199545,-2.95448836902167,3.03694600303578
-0.225710585713387,0.5721635222435,-0.161199107766151,0.0767194505802524,-2.9600767276363,3.05097123771827
0.0151254516094923,0.793139815330505,0.0755409970879555,0.0772551388274418,-2.94671367879837,3.04866320967605
-0.0464508272707462,0.802594304084778,0.171268329024315,0.0771927636533036,-2.9136702075379,3.02796218524623
-0.0977483689785004,0.587474822998047,0.194218382239342,0.0777653525652211,-2.8749138531237,2.9989714384509
-0.134319961071014,0.430864185094833,0.237613528966904,0.0787115723702998,-2.83319576571194,2.96418194267527
-0.154292076826096,0.470407336950302,0.327233165502548,0.0794712761151921,-2.77894884694498,2.91629329504151
-0.117605954408646,0.704453885555267,0.390713334083557,0.0790935981951644,-2.71327632644383,2.85961568463444
0.0206949189305305,1.09802293777466,0.405884295701981,0.0771772476296375,-2.64534788694017,2.80536110246038
0.0101836891844869,1.1564519405365,0.387717813253403,0.073852796140923,-2.58443491543895,2.76209041856371
-0.0383217968046665,0.944173812866211,0.334862053394318,0.0714994603237666,-2.52690878910344,2.7196415762744
0.00589892966672778,0.629668354988098,0.282508552074432,0.0692244729649036,-2.48393192919021,2.68759390374663
-0.0243758857250214,0.233364135026932,0.465614199638367,0.0656341460175471,-2.44039571966858,2.64957617360702
0.0878236293792725,0.0227871984243393,0.679732918739319,0.0591817292462449,-2.38640015226805,2.59631470063175
0.164940252900124,-0.132453784346581,0.882998168468475,0.049084730183548,-2.33025921143944,2.53848938003821
0.164768740534782,-0.2308748960495,0.905327677726746,0.037303643179758,-2.27943364462688,2.4840010124374
0.126536667346954,-0.153450146317482,0.76631760597229,0.0265311979262413,-2.24075030992558,2.44208683670636
-0.07609873265028,-0.210394397377968,0.665621340274811,0.018507515097727,-2.20319824675262,2.40136298613387
-0.226565733551979,-0.498620569705963,0.698534309864044,0.0119418987892428,-2.15991843568195,2.35143043788783
-0.171090498566628,-0.660243809223175,0.695531845092773,0.00508882169786928,-2.12185761370445,2.30320453465181
-0.0769229829311371,-0.585141897201538,0.648159027099609,-0.00246506075135633,-2.09522983985522,2.26662810112707
-0.0420278497040272,-0.344344735145569,0.550368785858154,-0.00948511046391465,-2.07529032535377,2.23958695369131
-0.0206269547343254,0.0716980174183846,0.406740218400955,-0.0152278411029103,-2.05757565873674,2.22032110320147
-0.00970533024519682,0.605698049068451,0.239664152264595,-0.0189544695775448,-2.04049868468904,2.20937664703326
0.0223183818161488,1.1159029006958,0.0972654670476913,-0.0208944515347145,-2.02215551096204,2.20528150910948
0.042617529630661,1.48974788188934,-0.0410718992352486,-0.0211409777077034,-2.00390955101921,2.20784670367134
0.00830909051001072,1.57926499843597,-0.141597181558609,-0.0197420540929463,-1.98517658806664,2.21295909780451
-0.0615296475589275,1.26966023445129,-0.18934765458107,-0.0170979299194729,-1.96676245376292,2.21576505727356
-0.107999935746193,0.651423990726471,-0.220162555575371,-0.0136476640801786,-1.95331864142579,2.21541107962812
-0.11268150806427,0.108638189733028,-0.279466897249222,-0.00942341417308112,-1.94898776800611,2.21511297482538
-0.0517467893660069,-0.0585028678178787,-0.297391027212143,-0.00481640639334735,-1.95287494353918,2.21853101112307
0.0722819492220879,0.111269123852253,-0.2280662804842,-0.00141715368906281,-1.96263457458601,2.22908925267496
0.109415471553802,0.357591032981873,-0.0940842553973198,-0.000194924851667722,-1.97093143899091,2.24176150337625
0.022177767008543,0.538283824920654,0.00698484294116497,-0.000257269808288552,-1.96816116960337,2.24645597217858
-0.076983168721199,0.544207811355591,0.013821710832417,-0.000227331374082373,-1.95578216529023,2.24238186085008
-0.15416157245636,0.432697772979736,-0.0530049875378609,0.000923132845710883,-1.93964578246348,2.23323622250477
-0.125002086162567,0.286165058612823,-0.0935430973768234,0.00294184760279692,-1.92651365247776,2.22504426196461
-0.0890845730900764,0.108619548380375,-0.0529011264443398,0.00441231388877772,-1.91843509517279,2.21945597159317
-0.107393272221088,-0.0849776193499565,-0.0254434030503035,0.0051676838605299,-1.91332199795611,2.21387250773243
-0.126807183027267,-0.167663976550102,-0.118565626442432,0.00661937843036586,-1.91036278447682,2.20846186070101
-0.0856474936008453,-0.161761879920959,-0.195186898112297,0.00948353587087225,-1.91036585279641,2.20598293672355
0.0195452328771353,-0.251948475837708,-0.158280283212662,0.0117133120907895,-1.91946661127366,2.21199178886216
0.0675324648618698,-0.433455437421799,-0.0353290587663651,0.0123192297450061,-1.93320878387568,2.22019160171415
0.0293563194572926,-0.482552140951157,0.0669006407260895,0.0110875288384038,-1.94422989472907,2.22401695110378
-0.00234568398445845,-0.418680459260941,0.0347179397940636,0.0101276891220465,-1.94981271254818,2.22290582870101
0.0173238907009363,-0.402825355529785,-0.0217416100203991,0.00988340709990632,-1.95812685849915,2.2251973865444
-0.00224927812814713,-0.368486553430557,-0.0997978001832962,0.0107124890874741,-1.96768347917909,2.22897066462835
-0.0164945274591446,-0.29736202955246,-0.178851068019867,0.0128457381899085,-1.97792973628142,2.23440555192097
-0.0117764705792069,-0.243970200419426,-0.110416889190674,0.0147793488617023,-1.98620918432631,2.23884973883454
0.000826673582196236,-0.282263249158859,0.0338050052523613,0.0145794812154119,-1.99155387781264,2.24028645012053
-0.0200418569147587,-0.399805307388306,0.108312264084816,0.0131895606881058,-1.99314279391203,2.23641751328512
-0.0472846627235413,-0.493060976266861,0.0578480213880539,0.0120829085894885,-1.99544433560159,2.231601513898
-0.0795722901821136,-0.523665487766266,-0.0267627332359552,0.0124769906860864,-1.99872513144027,2.22701517926956
-0.107746936380863,-0.478413045406342,-0.096320241689682,0.0140102945587197,-2.00278259638157,2.22341720903331
-0.117040574550629,-0.356202185153961,-0.133639648556709,0.0164224247167544,-2.00547028262833,2.22000800565816
-0.125946179032326,-0.20760552585125,-0.0940357819199562,0.0185343523827202,-2.00511197569985,2.21565763874337
-0.13837169110775,-0.0328153446316719,-0.01811758056283,0.0198371732534748,-1.99750845509489,2.20651520167947
-0.0876219645142555,0.136077538132668,0.022962212562561,0.0199628358139972,-1.98808588634132,2.19825672137188
-0.048151258379221,0.138028040528297,0.0178809016942978,0.0198503924493869,-1.98109551935791,2.19345002217724
-0.0531209819018841,0.00899948086589575,-0.0196579527109861,0.0199657028965681,-1.97911017606773,2.19219189222871
-0.0791397839784622,-0.0735387951135635,-0.0893314108252525,0.0212351553609917,-1.97794967403881,2.19012290366494
-0.0884099826216698,-0.00872411113232374,-0.127775207161903,0.0233417141182517,-1.97912532352799,2.19059277461469
-0.108202859759331,0.173625454306602,-0.0625772923231125,0.0251233828020245,-1.97453036557655,2.18750139385594
-0.187870517373085,0.356381416320801,0.025727266445756,0.0259970798914206,-1.95932141110368,2.17666068350758
-0.264953583478928,0.362378060817719,0.0668832287192345,0.026593117975845,-1.93092019763074,2.15355238307332
-0.256312966346741,0.230180606245995,0.0571973100304604,0.0271062174115122,-1.9025122084348,2.12899597189259
-0.156012997031212,0.1148566827178,0.0449201352894306,0.0274086591182257,-1.88178884751704,2.11025843879665
-0.0252752192318439,0.0613764151930809,0.0841650068759918,0.0267364604462454,-1.87380195868949,2.10331135652004
0.00718791503459215,0.0225840099155903,0.150552824139595,0.0248867225277016,-1.86984807047525,2.09990433369874
-0.0686120390892029,-0.0224409885704517,0.168171226978302,0.0226094907404621,-1.86187987137767,2.09166556379987
-0.145308420062065,0.0660558566451073,0.0406697317957878,0.0218775087914675,-1.84773763439457,2.07768246143105
-0.103910908102989,0.241796255111694,-0.0678221210837364,0.0230037720196195,-1.83495756256307,2.06757308952584
-0.072180412709713,0.213635981082916,-0.0398759767413139,0.024144129116304,-1.82596883601658,2.06217582281082
-0.144794687628746,0.0235230401158333,-0.017039904370904,0.0249135670123593,-1.81459186699953,2.05201293485782
-0.240543067455292,-0.128769293427467,-0.0306284166872501,0.0260887884744538,-1.79722054947142,2.03313648052301
-0.263819336891174,-0.156906932592392,-0.0489632152020931,0.0276704901748994,-1.77615899295717,2.00943690503292
-0.222564592957497,-0.108203031122684,-0.0155394785106182,0.0289117749774626,-1.75634027681186,1.98751641927324
-0.24984335899353,-0.194306761026382,0.0600250549614429,0.0290974998559428,-1.73617407052696,1.9647404935732
-0.396497488021851,-0.39891716837883,0.142172381281853,0.0282713890819621,-1.70688742773028,1.93013583628689
-0.59177428483963,-0.566718637943268,0.178116545081139,0.0269065339362622,-1.6622939550541,1.87705150302832
-0.656860589981079,-0.507891833782196,0.186295107007027,0.0249955891876736,-1.60739141809207,1.81321694107113
-0.545157015323639,-0.280953764915466,0.201128914952278,0.0224448787411913,-1.55673784511459,1.75645124115763
-0.422745078802109,-0.155870154500008,0.212728038430214,0.0192330383687342,-1.51808094587616,1.71432561811832
-0.382139056921005,-0.0965844541788101,0.198098763823509,0.0159459737919405,-1.48461028007947,1.67871788267033
-0.299717426300049,-0.0333213321864605,0.153841823339462,0.0130300523049016,-1.45686186081262,1.64966459572558
-0.123260900378227,0.11378476023674,0.0771715492010117,0.0111869936824835,-1.43995800330501,1.63348266561986
0.0712220296263695,0.238121092319489,0.011275889351964,0.0107258636196685,-1.43797488878907,1.63457252333391
0.189850941300392,0.271992236375809,-0.029570609331131,0.0111528412978563,-1.44681032774932,1.64767229244563
0.254076808691025,0.250941276550293,-0.0622811540961266,0.0122227465101137,-1.46240839666719,1.66746354908951
0.312576323747635,0.221493378281593,-0.0491139516234398,0.0131854006192966,-1.48312038802426,1.69205352134447
0.345163017511368,0.172882691025734,0.00338121503591537,0.0135606601127289,-1.50939830611341,1.72167652127562
0.283621370792389,0.117355525493622,0.0969087705016136,0.0125195269487612,-1.53403175662141,1.74873464464649
0.104844436049461,0.133858069777489,0.190812900662422,0.0100554948215705,-1.54687450015517,1.76364552719946
-0.112824246287346,0.181625857949257,0.222551912069321,0.00675736929424908,-1.54074205916143,1.75993662963793
-0.237468168139458,0.20169223845005,0.218557178974152,0.00335711422425211,-1.52096421693524,1.74291550772276
-0.21808648109436,0.175495520234108,0.196229755878448,0.000144816872100773,-1.49976421252608,1.72424111367233
-0.142365097999573,0.0852324813604355,0.191293329000473,-0.00284220838075422,-1.48540354772045,1.71144702183476
-0.102028056979179,-0.0123092578724027,0.211751192808151,-0.00601405633862573,-1.47729494441768,1.70344786346911
-0.0980650037527084,-0.00890201050788164,0.245955780148506,-0.00962564130683741,-1.47151825506099,1.69723242954528
-0.078147754073143,0.149270042777061,0.279348611831665,-0.0137699812346863,-1.46530861225809,1.69218510914205
-0.0196535512804985,0.444629788398743,0.284291982650757,-0.0180986538062924,-1.45884635555453,1.69079554178947
0.0273134224116802,0.710696637630463,0.26777184009552,-0.0221559865988881,-1.45222457021767,1.69375220223634
0.0263136737048626,0.822178423404694,0.257195353507996,-0.0260191537640786,-1.44424857843153,1.69783347553782
-0.0183776319026947,0.839677274227142,0.249446108937263,-0.0297802855708704,-1.43366853849603,1.69993055454532
-0.0609525218605995,0.803040683269501,0.244861215353012,-0.033566658825277,-1.4201325690084,1.69864803104798
-0.0301189757883549,0.809430122375488,0.252543896436691,-0.0374204880511781,-1.40785734528973,1.69840524874907
0.0548875257372856,0.821076393127441,0.27980774641037,-0.0413930057985383,-1.40007383170172,1.70310983924699
0.0607227794826031,0.626498162746429,0.349072813987732,-0.0461537640966978,-1.39783008365664,1.71176220017866
-0.0216565169394016,0.201593965291977,0.398313641548157,-0.0518784165360739,-1.39717839345217,1.71649971108077
-0.0492647103965282,-0.187014490365982,0.397751152515411,-0.0580474752985083,-1.39989035736499,1.71809150832522
0.0725043341517448,-0.264640837907791,0.366427063941956,-0.0636391120444713,-1.40893414299904,1.72326172456256
0.27751287817955,-0.0298437774181366,0.312456488609314,-0.0682984994755254,-1.42693884572635,1.73977217735134
0.47857940196991,0.381258547306061,0.216982707381248,-0.071399482849094,-1.44952675192622,1.76676507475259
0.671849012374878,0.765532195568085,0.160947144031525,-0.0733165023019389,-1.47633951152596,1.80448303251885
0.771536231040955,0.906088769435883,0.211929097771645,-0.0755032375020528,-1.50686606264221,1.84978550355247
0.59446132183075,0.734452068805695,0.36012601852417,-0.0798665770236526,-1.53300911354583,1.88944368150067
0.375915616750717,0.394511759281158,0.380797505378723,-0.0856020810559912,-1.54975506453057,1.91474968675077
0.168238058686256,0.0358018130064011,0.133457452058792,-0.0890184103905807,-1.56056164015192,1.92828526156082
-0.0733561962842941,-0.184271171689034,-0.138530120253563,-0.0882779686729869,-1.56276065840754,1.9286447444739
-0.287718564271927,-0.304585874080658,-0.358979105949402,-0.0838462892928005,-1.55519495108611,1.91657599528075
-0.509551048278809,-0.327865362167358,-0.45869904756546,-0.0773142012083148,-1.53585792918032,1.8914878850434
-0.73768275976181,-0.266087472438812,-0.449441909790039,-0.0707342961666413,-1.50170961612247,1.8515598292174
-0.887261092662811,-0.0626752227544785,-0.409630835056305,-0.0653323431277044,-1.45256033182978,1.7986397235931
-0.80463171005249,0.305331021547318,-0.3638756275177,-0.0612096466686685,-1.39632993020539,1.74328486974249
-0.0938122048974037,0.774573087692261,-0.262672305107117,-0.0576993949684372,-1.360724248705,1.71621568156348
0.736493825912476,0.847533047199249,-0.0446723289787769,-0.0544949009199385,-1.37697113230539,1.74656501000225
0.82890921831131,0.429983466863632,0.122122511267662,-0.0537089448442813,-1.42055199197532,1.8003583994897
0.599452316761017,0.0718425363302231,0.172608911991119,-0.0550162316431049,-1.46121449107714,1.84500122631099
0.34796467423439,-0.214943170547485,0.181370720267296,-0.0571578615073993,-1.49004534296862,1.87278480602133
0.208624631166458,-0.437907785177231,0.280635267496109,-0.0605640557950806,-1.51131110891483,1.88895162161923
0.167844712734222,-0.535431444644928,0.438335418701172,-0.0662857007402973,-1.53029035356477,1.90058340365132
0.129531681537628,-0.444780081510544,0.552449703216553,-0.0740780884663359,-1.54660036423369,1.90970793134146
0.00571572547778487,-0.0272321160882711,0.564871728420258,-0.0826354579482649,-1.55246017218182,1.91283117831358
-0.168384701013565,0.52754271030426,0.474575698375702,-0.0903517238819143,-1.5410044352734,1.90638430766133
-0.202331483364105,0.7759969830513,0.32828614115715,-0.0961089673297844,-1.51936555596264,1.89530593617175
-0.0665448904037476,0.504853904247284,0.161228701472282,-0.0994612839076563,-1.5042429777435,1.88945515141339
0.0497492291033268,-0.0854014083743095,0.0385853424668312,-0.100525882909063,-1.50363729612988,1.8906823430499
0.0354794785380363,-0.483063280582428,-0.0249102748930454,-0.100422774667261,-1.51187162248852,1.89327115884185
-0.0333235524594784,-0.481925576925278,-0.0776877328753471,-0.0994852628807976,-1.5188389931334,1.8926220544182
-0.0873375236988068,-0.337867736816406,-0.119548365473747,-0.0979270744938938,-1.52079265245006,1.88859791579353
-0.102033644914627,-0.252397835254669,-0.147327274084091,-0.0958670442183764,-1.51941935588035,1.88288901526989
-0.0872118175029755,-0.242667198181152,-0.136541470885277,-0.0937491673443647,-1.51789766446078,1.87750917372494
-0.0673720687627792,-0.224114567041397,-0.0904709100723267,-0.0921634371817772,-1.51757982406247,1.87350212477287
-0.0827947035431862,-0.14037412405014,-0.0349535867571831,-0.0913757351190676,-1.51589194715914,1.86908834741624
-0.0322899781167507,-0.0741889700293541,0.0369949042797089,-0.0915618174759358,-1.5143896625616,1.8660341090246
0.0618389174342155,-0.0568944066762924,0.117722772061825,-0.0929968038305191,-1.5173069916519,1.86812561724374
0.0651729255914688,-0.0851417556405067,0.10276485979557,-0.0946407236714202,-1.5223439568891,1.87225095831376
0.0110867889598012,-0.178147867321968,0.0756219252943993,-0.095812358495416,-1.5261674058871,1.87394174750844
0.0282450020313263,-0.207527056336403,0.0639567449688911,-0.0967469756975741,-1.53008979753418,1.87471022704091
0.242616951465607,0.000293251127004623,0.0367200672626495,-0.0972387122678635,-1.5398579562427,1.88346810844149
0.604774415493011,0.460951685905457,0.0405970960855484,-0.097751790900316,-1.56074064617091,1.90979118613888
0.814789414405823,0.953145921230316,0.138566255569458,-0.0995560901726886,-1.58798713071439,1.95070724665162
0.862663447856903,1.11816489696503,0.265062153339386,-0.103608104966924,-1.61491859859182,1.99593238519985
0.764162957668304,0.813148856163025,0.448882073163986,-0.110285756060033,-1.63977147231965,2.03675079202447
0.504122078418732,0.202250868082047,0.591834664344788,-0.119593893763234,-1.65984440092421,2.06435439314401
0.235823765397072,-0.381885528564453,0.459220468997955,-0.127938374576369,-1.67506057746419,2.07712831271358
0.0658014342188835,-0.69551694393158,0.169450402259827,-0.132208970501093,-1.68793688972697,2.08098974842662
-0.0224701054394245,-0.794990003108978,-0.0918094143271446,-0.132001491260112,-1.69992062597846,2.08137320937805
-0.109212726354599,-0.783044159412384,-0.164984568953514,-0.12948033579364,-1.70933834739358,2.07872292299099
-0.202566117048264,-0.669613718986511,-0.0939250290393829,-0.127217988397047,-1.71300457132936,2.07126830482147
-0.230901345610619,-0.451484322547913,-0.027679430320859,-0.125995341656952,-1.71073880381761,2.06053803936059
-0.177557423710823,-0.233076095581055,-0.0410010926425457,-0.125029229204817,-1.70622836517968,2.05108030661126
-0.104051783680916,-0.130560904741287,-0.04149005189538,-0.124041621024603,-1.70303289903872,2.04515338293782
0.00649603176862001,0.122420758008957,-0.0170262530446053,-0.123619771922761,-1.70133000009589,2.04364433711806
0.0917438119649887,0.479297667741776,-0.0268000531941652,-0.123470793889988,-1.6993560896251,2.04744447338162
0.00670322589576244,0.454679667949677,-0.0498049706220627,-0.122961078721499,-1.69429445778842,2.05006893300584
-0.166375622153282,0.0134087866172194,-0.107968412339687,-0.121474035182872,-1.68672530703485,2.04496033302909
-0.293468594551086,-0.429263174533844,-0.185057878494263,-0.118716213778897,-1.67901294751996,2.03229269325674
-0.299178123474121,-0.594210565090179,-0.25894832611084,-0.114601841539797,-1.67434081318932,2.01855524644769
-0.256507098674774,-0.493753492832184,-0.267115712165833,-0.110085425577648,-1.6709765183608,2.00651540845117
-0.264419347047806,-0.316968858242035,-0.220001742243767,-0.106104113504932,-1.66525598704039,1.99463734894968
-0.303351849317551,-0.18327285349369,-0.158180192112923,-0.102946705767924,-1.65499527817532,1.98045729649787
-0.298226863145828,-0.117132976651192,-0.136722028255463,-0.100385344823338,-1.64227531804886,1.96507146572729
-0.252462834119797,-0.088085874915123,-0.131055891513824,-0.098037681553977,-1.63039986700622,1.95119638440485
-0.194935888051987,-0.0407141000032425,-0.130635112524033,-0.0958025546352088,-1.62072708056071,1.94016117897818
-0.147227749228477,0.0663881152868271,-0.10565572232008,-0.0938710128250246,-1.61215021070136,1.9316647860163
-0.127404242753983,0.226781785488129,-0.0615814700722694,-0.0925827072754246,-1.60287790159651,1.92468686614198
-0.108790084719658,0.403507024049759,-0.00147925177589059,-0.0921799216201573,-1.59155161974352,1.91834041460407
-0.0816663205623627,0.563960373401642,0.0607982389628887,-0.0927474189112976,-1.57891105747872,1.91319385591731
-0.0365284010767937,0.751454591751099,0.133899331092834,-0.0943599065497804,-1.56565188892191,1.91020068452052
-0.0124118784442544,0.862006187438965,0.175816431641579,-0.0968564170493174,-1.55207259216159,1.90908915241676
-0.00906029064208269,0.875972867012024,0.157696276903152,-0.0993802868726839,-1.53858061743834,1.90883669864475
-0.0152462823316455,0.753535866737366,0.13724373281002,-0.101546878946517,-1.52578427763233,1.90812456001469
0.0286428779363632,0.612458407878876,0.118166454136372,-0.103446961074549,-1.51663510191858,1.90884957924543
0.115178570151329,0.519883990287781,0.0951423645019531,-0.104941419880513,-1.51291470440211,1.91368618852031
0.0908641740679741,0.304431051015854,0.0787522047758102,-0.106122113920769,-1.51289280508577,1.91972279517074
-0.0357539542019367,0.0656525492668152,0.0638097375631332,-0.107136860741576,-1.5113689330161,1.92030627141397
-0.116613388061523,-0.00874045770615339,0.0514627918601036,-0.108158177511241,-1.50700000338518,1.91570052662354
-0.0335808135569096,0.0840227678418159,0.058502059429884,-0.109130516841071,-1.50306870851604,1.9122830794533
0.127375051379204,0.177415564656258,0.0500289462506771,-0.110074146394652,-1.50510400534059,1.91675380978367
0.275684356689453,0.232891336083412,0.0264844726771116,-0.110450130953879,-1.51314537785119,1.92849790439564
0.485565423965454,0.347758561372757,0.02796252630651,-0.110830289174871,-1.52936815776898,1.95021639127831
0.681123733520508,0.444568455219269,0.0837967619299889,-0.111664921000985,-1.55436749433765,1.9829198809621
0.53865110874176,0.45327416062355,0.169385328888893,-0.113934995785,-1.57750290093841,2.01432304501619
0.321110516786575,0.34659007191658,0.0685431286692619,-0.116011756644991,-1.58998884877684,2.03349170796886
0.202390253543854,0.128532037138939,-0.119340755045414,-0.115251459836879,-1.59888077926723,2.04608581220782
0.0309050548821688,-0.11059932410717,-0.243509575724602,-0.112276041272598,-1.60446536854081,2.05133331954154
-0.141563653945923,-0.22851450741291,-0.380381137132645,-0.107180897044957,-1.60420850449677,2.04792718699556
-0.341900199651718,-0.247675687074661,-0.501316905021667,-0.100051389787445,-1.59537429087435,2.03487481586343
-0.572430312633514,-0.17228664457798,-0.583908438682556,-0.0913098214144286,-1.57351135560207,2.00890876733309
-0.757919788360596,-0.00678637390956283,-0.579611659049988,-0.082427714228434,-1.5366135397491,1.96956211552806
-0.637959539890289,0.247338846325874,-0.534793853759766,-0.0745083140042218,-1.49255776810281,1.92621397068851
0.140774562954903,0.639554262161255,-0.399049371480942,-0.0677944238824693,-1.47520733407409,1.91630571951112
0.490586906671524,0.695271611213684,-0.190598949790001,-0.0635122009045608,-1.48914781423292,1.94156833133922
0.36267152428627,0.615342915058136,-0.0612156614661217,-0.0617568406429134,-1.50422436314175,1.9670909801457
0.273624211549759,0.436402767896652,0.0127877239137888,-0.0613779980056839,-1.51373238011456,1.98477864703137
0.445041507482529,0.193781614303589,0.157841056585312,-0.0628009335622641,-1.53232460357807,2.00813926753268
0.493275344371796,0.146379217505455,0.248886540532112,-0.066233467896841,-1.56031840946004,2.03916662200176
0.150035709142685,0.409018039703369,0.255457103252411,-0.0701125098434809,-1.57203302499372,2.05601241036821
-0.176406055688858,0.591607809066772,0.293029487133026,-0.0742739688367098,-1.55827852010165,2.0504333732175
-0.178601562976837,0.361045449972153,0.306671798229218,-0.0789316406617362,-1.54022045952361,2.03902420873437
-0.108129262924194,-0.0990681052207947,0.180654749274254,-0.0824366282078377,-1.53241000397759,2.03181397151573
-0.12463766336441,-0.412840396165848,0.0050890576094389,-0.0833534637950704,-1.53119144875417,2.02537489193151
-0.148759514093399,-0.350159704685211,-0.0409292988479137,-0.0829386918517685,-1.5292575919473,2.0172097708249
-0.122079163789749,-0.142436608672142,-0.0512309409677982,-0.0822567043498945,-1.52512774371359,2.0096781792982
-0.120958775281906,-0.0623561553657055,-0.0596886053681374,-0.0814599303668049,-1.51956306744739,2.00271432006313
-0.111321061849594,-0.143631562590599,-0.0629099681973457,-0.0805542530369179,-1.51450553638156,1.99580406374533
-0.0700340792536736,-0.263845324516296,-0.0285844840109348,-0.0799697906067427,-1.51324296795274,1.99090655289647
-0.0557331666350365,-0.258132845163345,0.0420010015368462,-0.0802503204894445,-1.51423134773183,1.98773551030783
-0.0432557240128517,-0.138913244009018,0.0742390975356102,-0.0813117729773478,-1.5142930729106,1.98497552675413
-0.0456051677465439,-0.12253188341856,0.0988035649061203,-0.0826257047424241,-1.51406518445035,1.98300727334265
-0.0861648470163345,-0.256550401449203,0.110155552625656,-0.0843554761987475,-1.51338878573433,1.97902875034464
-0.126663267612457,-0.298577755689621,0.111986741423607,-0.0860537916342752,-1.51191618829911,1.97288422710852
-0.102487094700336,-0.241113379597664,0.148512005805969,-0.0881604023025511,-1.50972088776826,1.96653601608127
-0.0132429655641317,-0.205653667449951,0.177962824702263,-0.0907559865149985,-1.51105579439963,1.96456309201122
0.0751942172646523,-0.160599902272224,0.177514359354973,-0.0934090056016448,-1.5165675200226,1.96749316317642
0.201789185404778,-0.0549773387610912,0.198733359575272,-0.096174387969459,-1.52664010336948,1.97644723861201
0.384495884180069,0.117720134556293,0.259898722171783,-0.0996410687865006,-1.54273529076805,1.99410377075809
0.546530604362488,0.207403421401978,0.372110992670059,-0.104669429311695,-1.56543888615018,2.02075122643531
0.618949174880981,0.144920602440834,0.500678300857544,-0.111822216252382,-1.59222622481855,2.0515367624132
0.585134208202362,-0.117544047534466,0.597386240959167,-0.120953736209774,-1.62034958137238,2.08074133872311
0.391226470470428,-0.509199440479279,0.482533127069473,-0.129623250861593,-1.64584035317727,2.10152497458748
0.194654569029808,-0.76645815372467,0.180898174643517,-0.134361907619979,-1.6666043022977,2.11227123877992
0.108717292547226,-0.744802951812744,-0.106926694512367,-0.134296870212108,-1.68426303558484,2.11867130410348
0.0538503155112267,-0.631182610988617,-0.172318488359451,-0.131969707754084,-1.69860421694192,2.12325708389619
0.00950282718986273,-0.597015619277954,-0.0978144183754921,-0.130160448753173,-1.709580145394,2.12527821480288
0.0143316704779863,-0.577253341674805,-0.0411604642868042,-0.129326792857383,-1.71925809467889,2.12614667758778
0.0331809930503368,-0.560906052589417,-0.00364238256588578,-0.129145796034048,-1.72926011180643,2.1277449392718
-0.0374234020709991,-0.485699415206909,0.0258760955184698,-0.129417653248908,-1.73682422839149,2.12734699811153
-0.235473901033401,-0.0994065925478935,-0.00173076521605253,-0.1291844971865,-1.73318500632083,2.11949624426433
-0.450848013162613,0.407758355140686,-0.123313650488853,-0.127011294052962,-1.712485336443,2.10167297126434
-0.448688179254532,0.65719610452652,-0.255483686923981,-0.122802094490162,-1.68259060755289,2.07972177999659
-0.140936747193336,0.569679856300354,-0.351823002099991,-0.117482476557702,-1.66321836297534,2.0693146570204
0.00412883469834924,0.17263825237751,-0.35767874121666,-0.1120239187542,-1.6593024531434,2.07020527453344
-0.0747545287013054,-0.218897566199303,-0.343625783920288,-0.106830807567497,-1.66076239255899,2.0701825012379
-0.228891640901566,-0.451159298419952,-0.380100429058075,-0.101015704067674,-1.65954983194014,2.06285593875222
-0.293304443359375,-0.503618538379669,-0.323967933654785,-0.0953088929541206,-1.65450493552828,2.04978008971079
-0.275015711784363,-0.443627595901489,-0.223399505019188,-0.0910167444292578,-1.64780343017028,2.03552802059457
-0.25146672129631,-0.374960124492645,-0.115312457084656,-0.0883369841817301,-1.64077950152927,2.02202701904393
-0.235191076993942,-0.302037715911865,-0.028628159314394,-0.0872472142775931,-1.63299099498091,2.00881801994141
-0.210800781846046,-0.16783145070076,-0.0187254622578621,-0.0867288248057028,-1.62452869804094,1.99662164774518
-0.178708359599113,0.0755441784858704,-0.0396366007626057,-0.0860098371248224,-1.61465421538118,1.98613675751755
-0.157575637102127,0.419842451810837,-0.0284800864756107,-0.0853618031775698,-1.60120065373322,1.97687117876631
-0.129022568464279,0.730565130710602,-0.011968488804996,-0.0849890330232055,-1.58398160549657,1.96897288748294
-0.0450320541858673,0.806064963340759,0.00787578895688057,-0.0849749604783911,-1.56772373837818,1.96464979581426
0.0516984835267067,0.615192234516144,0.040356233716011,-0.0854126316368879,-1.55848236882348,1.96595320712466
0.0642829835414886,0.261215776205063,0.0731967389583588,-0.0863689844945774,-1.55638088658507,1.96974406205847
0.00447451276704669,-0.0458991564810276,0.0970687791705132,-0.0877673852131604,-1.55704741088771,1.97117750648242
-0.0293665397912264,-0.176895245909691,0.071088045835495,-0.0889792695376515,-1.55795960485673,1.96972756788714
0.0173524953424931,-0.0774126127362251,0.0875096321105957,-0.0901587934540831,-1.55950023074164,1.96936866505114
0.0905128046870232,0.173635393381119,0.12240744382143,-0.0918449958617131,-1.56184610629492,1.97320136357012
0.107219614088535,0.312342673540115,0.15789620578289,-0.0940812983250279,-1.5630714594387,1.97886921964544
0.0794388428330421,0.322264552116394,0.166269183158875,-0.09662972344383,-1.562921910763,1.98374071265928
0.128696396946907,0.280743986368179,0.13984902203083,-0.0991065318229842,-1.56406326137268,1.98965273761714
0.22086600959301,0.0417985282838345,0.0857458338141441,-0.100901287016295,-1.57236631425319,2.00043884929942
0.2904192507267,-0.281345695257187,0.0613161288201809,-0.102214290066654,-1.58929895049786,2.01518943359538
0.435851544141769,-0.338011115789413,0.126285016536713,-0.104111988393446,-1.61397964666963,2.0354125536197
0.497716248035431,-0.0551288165152073,0.233764335513115,-0.107621931165985,-1.64072305639326,2.06067594312132
0.36992821097374,0.282146960496902,0.215109959244728,-0.112095054099297,-1.65729534981895,2.08078819401149
0.289693802595139,0.407489150762558,-0.118498906493187,-0.112576446696571,-1.66692962965847,2.09697341940006
0.18094789981842,0.255198419094086,-0.352176368236542,-0.108663118418757,-1.67475058037455,2.11024585847216
1.69910490512848e-05,-0.0645406916737556,-0.368619799613953,-0.103224515901243,-1.67957353339442,2.11600115339995
-0.178898960351944,-0.329003512859344,-0.37324783205986,-0.0975048059219756,-1.67982587522449,2.11227524691093
-0.339286774396896,-0.382677912712097,-0.430946826934814,-0.0908568712924616,-1.67315073547579,2.0993514353389
-0.466291606426239,-0.198530182242393,-0.535185635089874,-0.0826577827329078,-1.65740088060757,2.07864750787862
-0.533351361751556,0.128717184066772,-0.552386999130249,-0.0735292530704774,-1.63115973999848,2.05188121610573
-0.412465393543243,0.395464986562729,-0.3697809278965,-0.0663560044437597,-1.60060956893923,2.02502541580252
0.110792510211468,0.778103232383728,-0.0199747327715158,-0.0641287603282512,-1.5860791033308,2.02008074558097
0.504087030887604,0.86946427822113,0.21122120320797,-0.0667305139192547,-1.59652723863411,2.04447649884879
0.50392484664917,0.619462192058563,0.236605390906334,-0.0706294296374115,-1.61555969530237,2.07518946908248
0.390378355979919,0.2944715321064,0.313509494066238,-0.0753304019134826,-1.63254310259923,2.09902841427942
0.274162262678146,0.226409658789635,0.445116519927979,-0.081788434451779,-1.64520307117659,2.1155065143014
-0.00770324748009443,0.594031095504761,0.498112887144089,-0.0892949303281487,-1.64099673215935,2.11823054126918
-0.241370052099228,0.804734528064728,0.404954463243484,-0.0957292460900594,-1.6179039696487,2.10631126869794
-0.268212586641312,0.51139110326767,0.19196230173111,-0.099570026491159,-1.59357418603545,2.09098862254545
-0.268974006175995,-0.0303129479289055,-0.0723681673407555,-0.0996205641100532,-1.5774110400837,2.07662857892538
-0.300045639276505,-0.369577020406723,-0.165819019079208,-0.0972320443479311,-1.5669404459649,2.06119918541785
-0.31004473567009,-0.334640085697174,-0.119926363229752,-0.0951101028817789,-1.55645353430395,2.0444997973973
-0.301860302686691,-0.0897906571626663,-0.0875923931598663,-0.0936251014008638,-1.54305139004369,2.02785349187796
-0.285156428813934,0.0229340270161629,-0.0510612800717354,-0.0927222137905277,-1.52755125386922,2.01177220770059
-0.249113202095032,-0.0594109147787094,-0.0274124089628458,-0.0923358418341909,-1.51388150091625,1.99720750230918
-0.210779935121536,-0.18192058801651,-0.0208759475499392,-0.0921128404789997,-1.50413113256057,1.98482840233495
-0.213002070784569,-0.228411123156548,-0.00918839871883392,-0.0920760238306488,-1.49625290165791,1.97318740121424
-0.258790075778961,-0.197896361351013,-0.0137280225753784,-0.0921268871490732,-1.48662813719297,1.9598861773522
-0.33324271440506,-0.175969213247299,-0.0302103273570538,-0.0920955187079544,-1.47273844015485,1.9426429404059
-0.371471345424652,-0.213759213685989,-0.0443799421191216,-0.0919743791378087,-1.45623477629386,1.92237652082121
-0.318297058343887,-0.290821224451065,-0.0302263051271439,-0.0919359831762605,-1.44171495639944,1.90320381349506
-0.211153298616409,-0.4068942964077,0.0280271470546722,-0.0924489859958468,-1.43433376764194,1.88974091100322
-0.14221365749836,-0.357227951288223,0.0637678354978561,-0.0935700190861943,-1.43220836554379,1.88140188069933
-0.117869958281517,-0.185099869966507,0.0779795274138451,-0.0948859973271028,-1.42977197208743,1.87504564829791
-0.0190296694636345,-0.0240984633564949,0.103344537317753,-0.0963506060924371,-1.42847980731149,1.87251979191436
0.208439975976944,0.142966687679291,0.163727462291718,-0.0982332593444935,-1.4347375701586,1.88033811903903
0.399652004241943,0.354611575603485,0.226054489612579,-0.100768116268481,-1.44934531914238,1.9000363740802
0.44124099612236,0.421072065830231,0.34280052781105,-0.104571490175459,-1.46669903853051,1.92466269258395
0.432179063558578,0.118918612599373,0.534680724143982,-0.111154331347452,-1.48656757716073,1.94930634884899
0.350224524736404,-0.403681725263596,0.537904739379883,-0.119372197109346,-1.51005275862024,1.97028803252178
0.225312426686287,-0.808685660362244,0.209890693426132,-0.124238802618555,-1.53369805012311,1.98416451108222
0.105192944407463,-0.895085513591766,-0.0654471442103386,-0.124326612525735,-1.55406262709207,1.99140060445021
0.0184564515948296,-0.718575716018677,-0.143800005316734,-0.12252439253825,-1.56808920941701,1.99357298619019
-0.0204097218811512,-0.412324756383896,-0.216373801231384,-0.119629479681094,-1.57566061363246,1.99335500551532
-0.0385397225618362,-0.233586713671684,-0.219519525766373,-0.11620668589076,-1.57847449037809,1.9920002145527
-0.0339678712189198,-0.343592047691345,-0.129887640476227,-0.11371599355978,-1.58108641396797,1.99022483017642
0.00793217215687037,-0.594543814659119,-0.040151908993721,-0.112687650440651,-1.58833270494048,1.98976153320831
0.0548405610024929,-0.734447360038757,-0.0389167331159115,-0.112195499909859,-1.60098425669247,1.99199033465116
0.0167509634047747,-0.693285048007965,-0.0711633488535881,-0.111331423962409,-1.61390421769198,1.99413295383128
-0.0876825004816055,-0.494651585817337,-0.0759186893701553,-0.11010211606219,-1.62015817591195,1.99171163729898
-0.215659379959106,-0.147518396377563,-0.0732049345970154,-0.108863297150208,-1.61602308500938,1.98308422350898
-0.38276794552803,0.297067582607269,-0.106961034238338,-0.107169088031003,-1.59763034739191,1.96619912508601
-0.497312635183334,0.595031917095184,-0.176831185817719,-0.104640246232411,-1.56641019817589,1.94174451952681
-0.356986671686172,0.61124712228775,-0.261341273784637,-0.101120403371749,-1.53515978121289,1.91898605304898
-0.045631717890501,0.35953813791275,-0.277720242738724,-0.0968987511890482,-1.52026365641777,1.91075100325743
0.0781541392207146,-0.0746804103255272,-0.164136961102486,-0.0937271111746618,-1.52165805561429,1.91331950006479
0.0241119414567947,-0.371705442667007,-0.0686626434326172,-0.0923575253885338,-1.52871383025133,1.91608316216715
-0.104939520359039,-0.480370670557022,-0.0525212250649929,-0.0915404469067287,-1.53215168566106,1.91250112210338
-0.175273865461349,-0.442137241363525,-0.0529409386217594,-0.0908019559384334,-1.53064266229007,1.90367462231595
-0.138035953044891,-0.291788220405579,-0.0504146628081799,-0.0900776748356509,-1.52736265792132,1.89481663666973
-0.00934934709221125,-0.0638091266155243,-0.0279935114085674,-0.0895683325567902,-1.52638938181025,1.89156497697728
0.154624417424202,0.227807179093361,-0.0212995875626802,-0.0891935874250436,-1.5298185549055,1.89717829463804
0.252489745616913,0.513267695903778,-0.00970205292105675,-0.0889139108503954,-1.53562143876377,1.90979253395521
0.270321190357208,0.714729964733124,0.0173119883984327,-0.0889689789980492,-1.54022286006918,1.92480163490285
0.253841012716293,0.803884088993073,0.0717597827315331,-0.0897838962262703,-1.54241287985636,1.93932583901188
0.241823494434357,0.759727835655212,0.10688155144453,-0.0912211821136357,-1.54369209827336,1.95300996432568
0.222877502441406,0.530150294303894,0.0862404555082321,-0.0926623359639003,-1.54664666901911,1.96570916414783
0.208625867962837,0.248324438929558,0.0175191815942526,-0.0933259781276241,-1.55277467574698,1.97738904399879
0.238951817154884,0.10822219401598,-0.0347528122365475,-0.0930304110502431,-1.56268807195602,1.98986945918168
0.284360557794571,0.103919319808483,0.0125294830650091,-0.0929947842643069,-1.57563466013883,2.00485516834313
0.313760817050934,0.203645125031471,0.0598101802170277,-0.093845143422729,-1.58926553246763,2.02160672598972
0.308182269334793,0.314254462718964,0.0855144783854485,-0.0953256853097513,-1.60130361398282,2.03849287152651
0.332588821649551,0.382407426834106,0.0953521952033043,-0.0970682437670978,-1.61230737275905,2.055695177519
0.394505441188812,0.365804225206375,0.0829226896166801,-0.0990770784491981,-1.6256449308567,2.07552472239341
0.481997758150101,0.261380612850189,0.072708934545517,-0.100953640229797,-1.64403116104477,2.09939245547289
0.59790575504303,0.154867187142372,0.10326124727726,-0.103469691067272,-1.66935367112648,2.12871856287534
0.660298466682434,0.0714862793684006,0.160187914967537,-0.106916520866997,-1.69951156353807,2.16169428279714
0.524656295776367,-0.0294512510299683,0.198721721768379,-0.111149363084795,-1.72685747800598,2.19032717279928
0.24901057779789,-0.00515203550457954,0.0367557257413864,-0.11389422331941,-1.74263197971011,2.20630617736722
0.0804335400462151,0.145453989505768,-0.309150546789169,-0.111312120359244,-1.74917383607078,2.2147368468775
-0.00123841874301434,0.166638627648354,-0.475198119878769,-0.105019378462625,-1.75210980319428,2.22045177565051
-0.0689929649233818,0.0476038530468941,-0.522747278213501,-0.0973315324779365,-1.75379508067761,2.22369078092177
-0.17699159681797,-0.111893929541111,-0.475547522306442,-0.0895748696197773,-1.75293364815025,2.22186598729888
-0.313614428043365,-0.280452042818069,-0.322812557220459,-0.0831317700018719,-1.74604095941488,2.21129343246415
-0.370837241411209,-0.301387667655945,-0.236698716878891,-0.0783942602017962,-1.73360773410162,2.19342142021893
-0.203958764672279,-0.0377619117498398,-0.195838376879692,-0.0744750459344641,-1.72244837711115,2.17972780090658
0.0844533145427704,0.284348219633102,-0.0409238897264004,-0.0730041546257292,-1.72019426588357,2.18016731900269
0.217494994401932,0.412196218967438,0.0957010686397552,-0.0743794458124907,-1.72425890701236,2.19051398624246
0.208467409014702,0.298857122659683,0.156405687332153,-0.0769731006134071,-1.72977137055924,2.2015863738231
0.180266126990318,0.161786615848541,0.216962248086929,-0.0800602209596279,-1.73421094450623,2.20941414974191
0.157505422830582,0.0960800424218178,0.262672752141953,-0.0840653375578828,-1.73874008243909,2.21581139515595
0.0425900220870972,0.196136072278023,0.240664377808571,-0.0879773690870111,-1.73833603096015,2.21775257009872
-0.154641017317772,0.357822179794312,0.125266954302788,-0.0901925215867869,-1.72730601058004,2.2111618860545
-0.265558481216431,0.268995642662048,0.0165918692946434,-0.0903352858022508,-1.70922882672881,2.1975004654221
-0.251855194568634,-0.124628633260727,-0.0776893571019173,-0.0890343677314132,-1.6954647838559,2.18355246170629
-0.234289512038231,-0.522364020347595,-0.126026272773743,-0.086832694695516,-1.68981172555144,2.17136389828671
-0.242801249027252,-0.649004757404327,-0.124070435762405,-0.0844454992958243,-1.68729189169889,2.15893386823699
-0.220604330301285,-0.52666050195694,-0.106717817485332,-0.0822491394184797,-1.68413129616955,2.14657913161127
-0.1419667750597,-0.310371577739716,-0.0878375992178917,-0.080520288002637,-1.68110769988459,2.13746666692774
-0.0843948274850845,-0.180743038654327,-0.0948113575577736,-0.0789678131899247,-1.67947420244392,2.1324814695869
-0.0927499607205391,-0.224111273884773,-0.113064125180244,-0.0772287292658711,-1.67838632400545,2.12824654543743
-0.125622689723969,-0.338813871145248,-0.128342688083649,-0.0751538337872037,-1.6774625223068,2.12258232862978
-0.153246596455574,-0.39827772974968,-0.136056795716286,-0.0728727799525684,-1.67599828127506,2.11508887572089
-0.187170997262001,-0.341919928789139,-0.157581523060799,-0.0702866753700124,-1.67266986761087,2.105854694386
-0.246941924095154,-0.271201550960541,-0.148288697004318,-0.067589827545792,-1.66494402082359,2.09340151530621
-0.308056145906448,-0.32157176733017,-0.103880479931831,-0.0652920545298015,-1.6531583223723,2.0766460044633
-0.334198534488678,-0.468353241682053,-0.0347762480378151,-0.0639317075646972,-1.64024026736124,2.05688283112914
-0.256932228803635,-0.562605440616608,0.0275763422250748,-0.0636428161199716,-1.6310641170808,2.03896881503221
-0.0870513245463371,-0.494843721389771,0.0960307642817497,-0.0645740391501968,-1.63004871395141,2.02969346653195
0.0457338839769363,-0.322003483772278,0.138715907931328,-0.066452282713104,-1.63603869109196,2.02989494208572
0.0967832207679749,-0.158703774213791,0.145616695284843,-0.068670540535386,-1.64358739416958,2.03446416994485
0.144716396927834,-0.09504384547472,0.145991131663322,-0.0708798266157715,-1.65199218628201,2.04140313049816
0.267174661159515,-0.082586906850338,0.155343621969223,-0.0733840741688343,-1.66501913355421,2.05355382111703
0.408593565225601,-0.0516841188073158,0.189401194453239,-0.0764796876047056,-1.68524958132207,2.07348607023396
0.456976294517517,-0.0980931594967842,0.263360917568207,-0.0808720649421308,-1.70937182582745,2.09743518180345
0.343630015850067,-0.365821808576584,0.315759122371674,-0.0863644669332531,-1.73178318870635,2.11651384211349
0.170481413602829,-0.599175930023193,0.259936094284058,-0.0912124294420038,-1.74892186021608,2.12598994311126
0.0155240502208471,-0.729807734489441,0.192584738135338,-0.0944742230131337,-1.7604892134915,2.12718616032108
-0.111914597451687,-0.714298009872437,0.142644077539444,-0.0966685981987547,-1.76614607467912,2.12152956688926
-0.206109002232552,-0.465213626623154,0.062178261578083,-0.0973910432067502,-1.76458934067313,2.1110966727126
-0.242018282413483,-0.0938731133937836,0.0153194107115269,-0.097013714213011,-1.75556680220805,2.09823577087558
-0.156829878687859,0.239220425486565,0.0129976663738489,-0.0965982417634832,-1.7433622229699,2.08770829628846
-0.0226422436535358,0.330652356147766,0.019300302490592,-0.0966716952276601,-1.73495537475489,2.08404053063994
0.00176882278174162,0.0772461667656898,0.0373650565743446,-0.0971774483596974,-1.73212573914726,2.08399475988736
-0.117508038878441,-0.36612406373024,0.0414924249053001,-0.0976082724243819,-1.73129733238057,2.07976858870451
-0.287897348403931,-0.791948318481445,0.0410327613353729,-0.0975521814909279,-1.72896977081596,2.06702305017115
-0.422263950109482,-1.06516337394714,0.0601814240217209,-0.0973406902117564,-1.72368343131477,2.04603151732137
-0.476811677217484,-1.05720138549805,0.083330936729908,-0.0972544868909269,-1.71516120566247,2.02017165062093
-0.388415515422821,-0.693814635276794,0.0789239332079887,-0.0974552288367765,-1.70509628290933,1.99653678822261
-0.209460407495499,-0.133803278207779,0.0710276663303375,-0.0979028674086071,-1.69539341129729,1.98142954480184
-0.125508248806,0.173413395881653,0.0889640524983406,-0.0988196686962959,-1.68600468061721,1.9732485889462
-0.170271456241608,0.180128559470177,0.0897475555539131,-0.0999029231834767,-1.67485357091631,1.96459394640987
-0.199718564748764,0.157301276922226,0.045746274292469,-0.100486118212858,-1.66197738927762,1.9537510351585
-0.0203498713672161,0.248263403773308,0.00321505917236209,-0.100473644541721,-1.65300024879826,1.94720256158238
0.192425772547722,0.302666425704956,0.0409637689590454,-0.101199755829384,-1.65728541148818,1.95773477761509
-0.103003740310669,-0.234940811991692,0.0855040773749352,-0.102322015377299,-1.65765460003911,1.9571714378271
-0.29671835899353,-0.527553737163544,0.0679362639784813,-0.103091276827425,-1.65157989866719,1.94365901334241
-0.262486338615417,-0.470414608716965,0.0511274598538876,-0.103441592723159,-1.64418144937214,1.92794447855166
-0.125293597579002,-0.282524317502975,0.0767683759331703,-0.104133278642665,-1.64027489114864,1.91855448059693
-0.161970391869545,-0.162988051772118,0.124706871807575,-0.105456835377012,-1.63502062832281,1.9100260244359
-0.300710439682007,-0.0593428947031498,0.146334394812584,-0.107308845412151,-1.62271905554964,1.89571261128105
-0.382411152124405,0.0155446631833911,0.104225561022758,-0.108736308187542,-1.6037930703305,1.87593758122576
-0.438251525163651,-0.081373892724514,0.156098067760468,-0.110663723291337,-1.58297196571168,1.85342804351651
-0.415101706981659,-0.119838200509548,0.0686361417174339,-0.111910917838353,-1.56302948768554,1.83097310062635
-0.319126725196838,-0.131166741251945,0.0607052519917488,-0.11277251128747,-1.54726774271528,1.81232682047732
-0.114868924021721,0.0867578536272049,0.0932197868824005,-0.114042031761061,-1.53750357352672,1.80201271519428
0.0852370113134384,0.475251793861389,0.230537682771683,-0.11667810531675,-1.53352011383841,1.80333000254901
-0.0212518833577633,0.543031394481659,0.464868158102036,-0.122561651762489,-1.52701725758386,1.80549301808179
-0.393655002117157,0.160130873322487,0.411873936653137,-0.129753187903399,-1.50992926418118,1.79229576547078
-0.369594156742096,-0.0711489543318748,0.103155508637428,-0.133282516069845,-1.49042592603744,1.77175057129963
-0.0994369685649872,-0.123213492333889,-0.0820359215140343,-0.13287217302262,-1.48300526904091,1.76220938399968
0.0522881150245667,0.0388526506721973,-0.0114706763997674,-0.132136935879517,-1.4822903204498,1.76104647150257
0.0649197548627853,0.225740253925323,0.123361438512802,-0.13328098306732,-1.48221515591621,1.76369073444751
0.0418069772422314,0.290615111589432,0.0837597027420998,-0.134746965400761,-1.47972642033912,1.76600764592657
0.0242743231356144,0.162595897912979,0.02050856128335,-0.135084368193765,-1.47757986259958,1.76684943095754
-0.0427651666104794,-0.0725290030241013,0.138386994600296,-0.136378142801676,-1.47707341271333,1.76675422549207
0.00648946594446898,-0.0895945429801941,0.233740940690041,-0.139859848287542,-1.47804653767642,1.76570351266189
0.132060706615448,0.161984175443649,0.00198521139100194,-0.140359111962189,-1.48010797078056,1.76968698378594
0.108701050281525,0.0305933877825737,0.118113949894905,-0.141116965813602,-1.48363369095672,1.77490913075898
0.175471022725105,0.0857064351439476,0.158117815852165,-0.143919154007484,-1.48868170733151,1.7812308087919
0.142673939466476,-0.0459160320460796,0.0125291990116239,-0.144671497858618,-1.49519632799211,1.78851516152208
0.174710690975189,-0.1446343511343,0.00730034802109003,-0.144593543038835,-1.50332150130051,1.79488863187291
0.108804911375046,-0.176895350217819,-0.0102477530017495,-0.144286638544584,-1.51180148736074,1.80070322686056
-0.0190467871725559,0.00234710238873959,-0.0173104554414749,-0.143863803282736,-1.5134761517539,1.80146874069454
-0.229493513703346,0.0653790608048439,0.0411901399493217,-0.144535470136017,-1.50543694978961,1.79369126237181
-0.250698119401932,0.405192822217941,-0.22454060614109,-0.142194687951332,-1.48910103200332,1.78200811726325
-0.266003310680389,0.200869515538216,-0.174646288156509,-0.139480371389945,-1.47175203749324,1.7681790874032
-0.388754278421402,-0.478343635797501,-0.132326528429985,-0.138175667430782,-1.45952011555352,1.75241480937003
-0.63961523771286,-1.34257447719574,-0.179664745926857,-0.13657007168976,-1.45019093944801,1.7256856316649
-0.712426602840424,-1.36277401447296,-0.383074849843979,-0.13356944225595,-1.43857126567425,1.69140840231543
-0.694436132907867,-0.418239265680313,-0.516592979431152,-0.127209885939211,-1.41506999488455,1.65297464316152
-0.838861227035522,0.418621003627777,-0.473988264799118,-0.122099171171593,-1.37218924999559,1.61063635215308
-0.653692662715912,0.686385929584503,-0.453296571969986,-0.117301128289058,-1.32237080741554,1.56929583787933
-0.151534259319305,-0.19359390437603,-0.337691932916641,-0.112999975624302,-1.29951663235814,1.54750613384425
0.597692370414734,-0.626884877681732,-0.0950864776968956,-0.109006220087102,-1.32273002800448,1.56295579824556
0.722746670246124,0.185121983289719,0.205562025308609,-0.108183002436038,-1.36255975371644,1.60197784871355
0.312812894582748,0.286050975322723,0.288434267044067,-0.111267868516465,-1.38152407896462,1.62760955534993
0.0784145295619965,-0.355697065591812,-0.0640207007527351,-0.112137623917765,-1.39196846363252,1.63646318139575
-0.201065853238106,-0.717702925205231,-0.386589705944061,-0.107754524141436,-1.3925449571115,1.62737783861103
-0.22920136153698,-0.907415866851807,-0.454242527484894,-0.10195131895738,-1.39056887821931,1.61190371015572
-0.310872793197632,-1.05277860164642,-0.371614217758179,-0.0963698639576573,-1.38814668798956,1.59356895711594
-0.528738260269165,-0.950124442577362,-0.196712717413902,-0.0937055384067229,-1.37840206861487,1.56773408926927
-0.805171966552734,-0.551193058490753,-0.156465947628021,-0.0933429607326191,-1.34925646355392,1.52623622973874
-0.493323296308517,-0.0442385077476501,-0.250056892633438,-0.0922747033401068,-1.31608578895134,1.4886400982501
0.142360478639603,0.0287912264466286,-0.197791829705238,-0.089038109240221,-1.30972714322872,1.48255125287221
0.167552381753922,-0.191334471106529,-0.0258996821939945,-0.0871517930850425,-1.32224608256488,1.4939632232735
-0.368492662906647,-0.356106668710709,-0.1374142318964,-0.0868163099221764,-1.31580956158716,1.48204200483555
-0.269674479961395,-0.180754542350769,-0.476217329502106,-0.082540884019662,-1.29549363974223,1.457562375653
-0.0884687304496765,-0.713250637054443,-0.468087762594223,-0.0757049458478813,-1.28857878918772,1.44275942424636
-0.0883947014808655,-1.27953743934631,-0.461169391870499,-0.0701529048283687,-1.29494024969152,1.43167512329135
-0.0465822741389275,-1.0477466583252,-0.618730545043945,-0.0614685643478479,-1.30024122522135,1.41880814586871
0.00508012110367417,-0.333358198404312,-0.208653256297112,-0.0561134161417471,-1.3028385579524,1.4123552389667
-0.36801090836525,-0.0415979847311974,0.165137901902199,-0.0579370351992594,-1.29345513527317,1.40136897828699
-0.792800486087799,0.251448005437851,0.113537043333054,-0.0628806218726305,-1.25437292271703,1.36259684695115
-0.572230637073517,0.825297653675079,0.0984474942088127,-0.0674514909075015,-1.20644818550058,1.32351106998012
0.0324014648795128,0.402062505483627,0.0592430979013443,-0.0694907129163369,-1.1900141503521,1.31651326185278
0.164377614855766,-0.442518264055252,-0.0218975618481636,-0.0687536914677309,-1.20179089881006,1.32543173187551
-0.0538463406264782,0.0947688817977905,-0.184052646160126,-0.0667753212807594,-1.20353509980891,1.32429127390105
0.233656823635101,0.84120124578476,-0.0586294792592525,-0.064677751209568,-1.19759541244382,1.32783861137174
0.500056266784668,0.405585080385208,-0.291214525699615,-0.0596105772660689,-1.20850515773955,1.34836171838619
0.441240638494492,-0.249852150678635,-0.615841627120972,-0.0500033527180164,-1.22705751107578,1.36699118833979
0.259624779224396,-0.411480456590652,-1.046511054039,-0.0356210336541842,-1.23590118950509,1.37009154539921
0.089409351348877,-0.356884330511093,-1.32417166233063,-0.0173922061445022,-1.22225871128041,1.35036963047341
0.319075852632523,-0.33080318570137,-1.51168537139893,0.00448603754472887,-1.20568912227125,1.32818717217827
0.679572224617004,-0.429977178573608,-1.30225014686584,0.0271937400191176,-1.21657184181257,1.33363709381348
0.736868023872375,-0.35215163230896,-1.27616930007935,0.0487803876785586,-1.25641201502959,1.36767637532943
0.538976192474365,-0.434569269418716,-1.0650087594986,0.0681221146910491,-1.29629132563077,1.40241048355092
-0.130534186959267,-0.634087204933167,-0.900817930698395,0.0820004184596423,-1.28985600081991,1.38743264982175
-0.583498775959015,-0.863113701343536,-1.00651562213898,0.0935198587557984,-1.18387623784756,1.26908638996102
-0.333061188459396,-0.954822361469269,-1.12886345386505,0.105302685109389,-1.04008481742465,1.1105228187622
0.081113874912262,-0.807190775871277,-1.09398508071899,0.119451063430367,-0.916586369306951,0.973128947288859
0.0445630550384521,-0.492661595344543,-0.821577191352844,0.131057310467331,-0.794740899468486,0.842669737694864
-0.470938622951508,-0.266489177942276,-0.489360094070435,0.133975140734599,-0.609027134939996,0.651707535338283
-1.08359324932098,-0.0392941124737263,-0.258164167404175,0.124898891258579,-0.410808770237859,0.451557695379421
-1.42722725868225,-0.459142237901688,-0.309939742088318,0.107411898416027,-0.251836942810554,0.288265870952864
-1.44310426712036,-1.48353242874146,-0.538532674312592,0.0877993039221994,-0.13720914765509,0.15636839355105
-1.65554332733154,-1.89631927013397,-0.360899865627289,0.0644923151394765,-0.0715810836437964,0.0602402304389644
-1.84125030040741,-0.454655349254608,-0.244276836514473,0.0383326874699912,-0.0432556489631222,0.0177326513696661
-2.08204889297485,-0.626299321651459,-0.364557981491089,0.0082675382942754,-0.0106293200824541,-0.0224406223423015
-2.29268646240234,-1.23938024044037,-0.387891530990601,-0.0250955659837746,0.00750372153898567,-0.0571927728990305
-2.39041233062744,-0.715527176856995,-0.315388023853302,-0.0609461525764949,0.0171383986709443,-0.0821099368013489
-1.74860954284668,-0.310428410768509,-0.118578299880028,-0.0912558756565292,0.0226672211786018,-0.0934617716881041
-1.26821577548981,-0.417634218931198,-0.0942002534866333,-0.111801850190448,0.0212942649324322,-0.0975924670610937
-1.6072108745575,-0.475030392408371,-0.198987647891045,-0.133776240784033,0.021443975339938,-0.105574428042662
-2.08697700500488,-0.0401487201452255,-0.304205417633057,-0.162826305551175,0.0296948665950022,-0.117454064767937
-2.49166369438171,0.0859676748514175,-0.579048454761505,-0.19863923259239,0.0486731085167871,-0.136142569502121
-2.63111448287964,-0.545287311077118,-0.700191378593445,-0.23815265663929,0.0653600493136794,-0.158786565684421
-2.6308012008667,-1.23883986473083,-0.595142424106598,-0.278274192697514,0.065921148508882,-0.177200356287024
-2.48616528511047,-1.01244747638702,-0.446597188711166,-0.31681563048347,0.0599101258851885,-0.189713520756986
-2.09230279922485,-0.363397896289825,-0.417764723300934,-0.350916508694371,0.0598157831437619,-0.199752325228899
-1.62700033187866,0.0598995834589005,-0.632190227508545,-0.377802445771067,0.0710418262773788,-0.213267417638578
-1.58757567405701,-0.457995235919952,-0.86206042766571,-0.40183073250418,0.0837549688346813,-0.232838522288527
-1.86626434326172,-0.995498955249786,-0.782167732715607,-0.429413599887817,0.0869454219260895,-0.252218084099937
-1.82906818389893,-0.864875674247742,-0.408003181219101,-0.458056018455359,0.0811756391172533,-0.26305659466211
-1.35661971569061,-0.294892311096191,-0.102130085229874,-0.481336189032095,0.075987285276322,-0.26565609047368
-0.839805662631989,-0.236735284328461,-0.104051820933819,-0.496388314117923,0.0731358251579755,-0.266126988183641
-0.578364968299866,-0.391050279140472,-0.386587113142014,-0.506269008623877,0.0726229649213077,-0.272135036739754
-0.679169356822968,-0.4477559030056,-0.556039810180664,-0.516094079106613,0.0751736949031367,-0.283620910293584
-0.709921956062317,-0.657103836536407,-0.445375859737396,-0.527425787022332,0.0743368639542956,-0.294164355155304
-0.300566375255585,-0.706165671348572,-0.341303795576096,-0.534855729004136,0.0696409264925494,-0.302057925727556
0.450901508331299,-0.539278924465179,-0.249745905399323,-0.532073637103516,0.0653973113882172,-0.308730285335812
1.02877628803253,-0.238450616598129,-0.173068702220917,-0.519274077757936,0.0645486441619588,-0.314026550182435
1.26293396949768,-0.209093257784843,-0.142681509256363,-0.501137179266818,0.0651388678223303,-0.318656913346947
1.37083172798157,-0.13181871175766,-0.176079139113426,-0.481019764916848,0.0667695161757585,-0.324025116555931
1.55603241920471,-0.121302962303162,-0.274186789989471,-0.459087165930333,0.0712849890211828,-0.331539020358706
1.89300942420959,-0.535565137863159,-0.291627317667007,-0.432620416182942,0.0735309857111247,-0.341532643957106
2.27140212059021,-0.406883031129837,-0.185445472598076,-0.400621936744286,0.0728305255570941,-0.35029359891159
2.52689504623413,-0.540492236614227,-0.0311941243708134,-0.363105685830562,0.0749353291874213,-0.35679615184804
1.77883994579315,-0.715365290641785,0.219016775488853,-0.332900816765107,0.0520844911553093,-0.352860539841553
-1.28317105770111,2.99454617500305,0.549854338169098,-0.336056973201223,0.0668808904862592,-0.3406943410846
-1.68844473361969,0.732619345188141,0.407220244407654,-0.361489452552309,0.0765706470723178,-0.322547103256568
-1.52990114688873,-0.101590245962143,-0.154329642653465,-0.385036006322291,0.074731666119049,-0.319922030949198
-1.16462445259094,-0.248919248580933,-0.247149854898453,-0.404920875589461,0.0751975721299594,-0.324436802301255
-0.909151434898376,-0.0496849678456783,-0.221796557307243,-0.419450597731348,0.0770331912434821,-0.32955139160047
-1.12406957149506,0.851674139499664,0.0820690467953682,-0.434909684821736,0.0841464990527135,-0.328953588940927
-1.38533842563629,1.5201598405838,0.330936670303345,-0.454630565088036,0.0974328373106828,-0.319895573280386
-1.25774109363556,1.08663976192474,0.374058574438095,-0.474062792633735,0.107021329868005,-0.307758129997158
-0.812245905399323,0.677188575267792,0.131984144449234,-0.488361764390197,0.113180736000228,-0.300274073951052
-0.232890114188194,0.324719786643982,-0.0653763264417648,-0.494602286827655,0.118942952951943,-0.299537672708631
-0.108688548207283,0.360135585069656,-0.0122025907039642,-0.496186627073445,0.124477736416527,-0.300471011097621
-0.237998858094215,0.76067179441452,0.263958692550659,-0.499218008209084,0.130481062812275,-0.296382794495151
-0.541820287704468,1.05643033981323,0.637137413024902,-0.504683560937255,0.134488409246911,-0.282775461322509
-0.858777225017548,1.02141857147217,0.692712783813477,-0.514990742722812,0.13643333227212,-0.264332500295099
-0.839819490909576,0.508718013763428,0.610096216201782,-0.526990652616744,0.13399150257311,-0.247336253656289
-0.690855860710144,0.240527778863907,0.398272097110748,-0.537235595755768,0.128626838622043,-0.234346710754973
-0.634830176830292,0.0892152339220047,0.0877043530344963,-0.546547527492182,0.12645379065617,-0.228580862993491
-0.737669706344604,0.0974230989813805,-0.0945133864879608,-0.557035483230783,0.12706432627336,-0.22814697872928
-0.789924919605255,0.479435712099075,0.0219333283603191,-0.568802600733682,0.131281844736721,-0.227079195756514
-0.757472693920135,0.876522123813629,0.199820771813393,-0.580067909029122,0.139190974830495,-0.221982768152896
-0.697430670261383,0.777042925357819,0.282347857952118,-0.590400397333481,0.146615976147624,-0.214476200927641
-0.558849096298218,0.256660401821136,0.290212213993073,-0.598792557534728,0.147731686783964,-0.206647186620702
-0.41466611623764,-0.101060964167118,0.140211760997772,-0.60533775295263,0.143553063816835,-0.201086012908752
-0.270300149917603,-0.179560303688049,-0.0383478552103043,-0.610083791325185,0.140333779655478,-0.200102152499517
-0.108428962528706,-0.081751711666584,-0.0297229439020157,-0.61259410373188,0.138832979054711,-0.200643059515498
-0.0231777131557465,0.122016593813896,0.0863743722438812,-0.613154054362939,0.138884073243793,-0.199607249442145
-0.0381284356117249,0.307880192995071,0.2071423381567,-0.613298638418484,0.140150876604165,-0.196008181314471
-0.065642349421978,0.344260573387146,0.306321620941162,-0.613632274035415,0.141365844442112,-0.190221165847668
-0.0732693746685982,0.270774632692337,0.327559292316437,-0.614138768080452,0.14095860208668,-0.183181940188436
-0.0708014294505119,0.15146741271019,0.292214334011078,-0.614724970549959,0.139206762859921,-0.176619304427313
-0.0147053999826312,0.00462924502789974,0.217675670981407,-0.614771866917631,0.136442197446657,-0.171421697476374
-0.0203049629926682,-0.152805387973785,0.130977526307106,-0.614588171481521,0.132654648164011,-0.168087762489098
-0.126022338867188,-0.354627996683121,0.162130653858185,-0.61554028071494,0.125814526554844,-0.164754873836442
-0.189112097024918,-0.355278074741364,0.187351316213608,-0.617762754030372,0.117541186653356,-0.160721569275687
-0.201400175690651,-0.246613919734955,0.249321475625038,-0.62050557386839,0.109828155977978,-0.155713679429794
-0.082215204834938,-0.0613151490688324,0.384844958782196,-0.621858581402388,0.102764974751319,-0.148743096347058
-0.0960399359464645,0.434602439403534,0.368155956268311,-0.622866912403106,0.101696507730743,-0.140597259096128
-0.181157231330872,0.368254333734512,0.232971265912056,-0.624829345663426,0.103892151744638,-0.134538170694212
-0.328788489103317,0.0947527438402176,0.184750467538834,-0.628789180531547,0.103868663099294,-0.130251770134425
-0.439385592937469,-0.134828791022301,0.287399351596832,-0.634553950732765,0.0990214222498773,-0.124608782671474
-0.474502295255661,-0.156791344285011,0.404627442359924,-0.641034798574983,0.0907495189527583,-0.116303627945058
