-0.0208284538239241,-0.166087552905083,-0.0787045955657959,-6.56328836877162e-05,-0.00252572598523153,-0.0010389972250919
-0.0773535147309303,-0.106240719556808,-0.0747412741184235,-0.00102119561326537,-0.00431261802032516,-0.00220709810414033
-0.0913316458463669,-0.0476344004273415,-0.0619586333632469,-0.00242882696053968,-0.00523821082875681,-0.00312453089734786
-0.0550277009606361,-0.0153715349733829,-0.0713026002049446,-0.00352825253596795,-0.00556246991679585,-0.00411673524230813
-0.000683238729834557,0.012518685311079,-0.0719897001981735,-0.00388913281601462,-0.00544366947671099,-0.00522477384292278
0.0555858463048935,0.0340229831635952,-0.049176562577486,-0.00337602661683641,-0.00492238208224379,-0.00609860265859877
0.093851737678051,-0.00399710284546018,-0.0372173711657524,-0.00212532661576095,-0.00467091881964543,-0.00676739736749735
0.0745203867554665,-0.0308819804340601,-0.0192138701677322,-0.000846313384208874,-0.00496552501274758,-0.00721081197222248
0.0221618413925171,-0.0370416082441807,-0.00247270683757961,-0.000252337740179021,-0.00554761428501153,-0.00733996382348248
-0.034376535564661,-0.0367342792451382,0.00463580247014761,-0.000498940609603635,-0.00612103605961824,-0.00727428702103675
-0.0821824073791504,-0.0495845638215542,-0.0117074837908149,-0.00152233180400527,-0.00682430432584072,-0.00732883207428797
-0.084198422729969,-0.0247417949140072,-0.0255798902362585,-0.00284111690820091,-0.00731260584147681,-0.00761680976040022
-0.0341717377305031,0.00211937935091555,-0.0198881831020117,-0.00364927697123134,-0.00740177807162918,-0.00794250389050212
0.0274607315659523,0.0419861003756523,-0.00129239377565682,-0.0035266877497754,-0.00694689507725238,-0.00807646767380787
0.0763403922319412,0.059157095849514,0.0139941507950425,-0.00259115166595142,-0.00610589779330019,-0.00796235834905966
0.0731211602687836,0.0375322289764881,0.0171558558940887,-0.00138944499410319,-0.00547630760481588,-0.00773393833469832
0.0136453192681074,0.0073841824196279,-0.00462028011679649,-0.000823580612409502,-0.00516518883942765,-0.00768401146703622
-0.050029531121254,-0.0141200441867113,-0.0338910818099976,-0.00128475179446996,-0.00525243146233273,-0.00804107746804118
-0.0893862619996071,-0.0626942366361618,-0.0406027808785439,-0.00248062878816746,-0.00592594642638226,-0.00859006445407993
-0.0734645500779152,-0.078973613679409,-0.0330394022166729,-0.00373292503200923,-0.00699756656242746,-0.00907410725563913
-0.022439181804657,-0.0455812998116016,-0.0198588892817497,-0.00438815005171937,-0.00785409694736611,-0.0094542694596821
0.0316951610147953,0.00300594558939338,0.00296866381540895,-0.00415891014206034,-0.0080230201768887,-0.00954895267898857
0.0762735456228256,0.0277994424104691,0.0225066784769297,-0.0031849729330829,-0.00773724118279865,-0.00933820288458259
0.0730085074901581,0.0408478640019894,0.0299741812050343,-0.00199060458887847,-0.00719947256235004,-0.00898401907434507
0.0368678160011768,0.0268926359713078,0.0201135613024235,-0.00121276349634886,-0.006750328791559,-0.0086338538407222
-0.0130957467481494,0.00865504331886768,0.00695488322526217,-0.00118840760086181,-0.00653775480037277,-0.00843698440753103
-0.0426563024520874,-0.00760808261111379,-0.0242248754948378,-0.00172430747385102,-0.00658972961224945,-0.0085985198386154
-0.0340004973113537,-0.0120582245290279,-0.0391247272491455,-0.00231530313669079,-0.00670968836147747,-0.00912373696430667
-0.018186379224062,-0.00770209217444062,-0.0197939071804285,-0.00268325363156957,-0.00683170798910294,-0.00953225080728855
0.00406885799020529,-0.00881848856806755,-0.00576650444418192,-0.00277960329505612,-0.00695903160102272,-0.00969186238559094
0.0316474884748459,0.00736527424305677,0.00831256248056889,-0.00245383104965301,-0.0069524173941139,-0.00966088603606355
0.0421874821186066,0.0214587226510048,0.0212107840925455,-0.00186228592509133,-0.00675286601172265,-0.00941749692006733
0.0378563813865185,0.0366778858006001,0.0286734942346811,-0.00124603366008763,-0.00633013644632857,-0.00900221594135195
0.0219706259667873,0.0204552430659533,0.01787437684834,-0.000802482639463184,-0.00594083693481162,-0.00864118955882927
0.0031071905978024,-0.01428915373981,-0.0175259597599506,-0.000652725962754508,-0.00596889436039726,-0.0087287951857416
-0.0106395138427615,-0.0251133069396019,-0.0293738301843405,-0.000770705893940002,-0.00630067505270338,-0.0091569274353054
-0.00439812988042831,-0.014225771650672,-0.012234790250659,-0.000925104946190955,-0.0065916033856688,-0.00943857122462072
0.0157031435519457,0.0020045971032232,0.00393166299909353,-0.000794014973710164,-0.00659439529001754,-0.0094657995902557
0.0336837433278561,0.013908127322793,0.0190120786428452,-0.00035286604401838,-0.00647085574680231,-0.00926666621564463
0.0357263870537281,0.0323566421866417,0.0286553837358952,0.000192408211815945,-0.00610716074439197,-0.00890903515712531
0.0207096189260483,0.0194949079304934,0.0402928665280342,0.000598966033670642,-0.00569023383405258,-0.00834240310274051
-0.0271274112164974,0.0196554958820343,0.0271661449223757,0.000482793404963711,-0.0055179729829618,-0.00786678932011048
-0.0824402049183846,0.0133656430989504,0.0161204189062119,-0.000484112273122839,-0.00527838938912729,-0.00754054529199001
-0.0972375273704529,-0.0201987084001303,0.00317532499320805,-0.00192122020844018,-0.00539053104878742,-0.00738102730859096
-0.0630928725004196,-0.0247199572622776,-0.00194699899293482,-0.00309008959925394,-0.00582225173410643,-0.00735491833497601
-0.00783227663487196,0.00433752639219165,0.0144607368856668,-0.00349297539538983,-0.0058787211567331,-0.00724104377007616
0.050474438816309,0.0388835184276104,0.0479814149439335,-0.0029494149184905,-0.00551248350990779,-0.00670056984863618
0.0629649311304092,0.0671500414609909,0.0811979547142982,-0.0019374594371647,-0.00471986315903275,-0.00564350546679983
0.0362249314785004,0.0640895366668701,0.0927688553929329,-0.00115026996903127,-0.00382197998402176,-0.00430489186197727
-0.00747594516724348,0.0458998829126358,0.0946027114987373,-0.000971984904666517,-0.00317019588603228,-0.0028705750490509
-0.0649807825684547,0.0223338380455971,0.0910015851259232,-0.00162230812631414,-0.0028431255898503,-0.00144517144283703
-0.0895835980772972,-0.00564213702455163,0.102561831474304,-0.00282090165937227,-0.00291271522004506,9.07495551931703e-05
-0.0845230594277382,-0.0184993464499712,0.133553564548492,-0.00408599198248386,-0.00329397526744504,0.00197210940740825
-0.0443740412592888,0.00424937531352043,0.172284454107285,-0.00481829819284475,-0.00344816568965052,0.00442615717631742
0.0128969708457589,0.0312037616968155,0.202586963772774,-0.00478619583694934,-0.0032787374343998,0.00734282538541495
0.0510353036224842,0.0192445702850819,0.228454783558846,-0.00400730841816446,-0.00316019384904527,0.0106468356438431
0.0390657223761082,0.00753997731953859,0.257200926542282,-0.00313660481747993,-0.00324716735791822,0.0143343318848307
-0.0166422799229622,-0.0212490595877171,0.292053729295731,-0.00289037594118584,-0.00372839070574276,0.0185487427642168
-0.0690562203526497,-0.0295408125966787,0.315200328826904,-0.0034690847880523,-0.00451527488902684,0.0232526275763083
-0.0692461058497429,0.022541830316186,0.33554208278656,-0.0043781483582562,-0.00491563210117808,0.0282695880200149
-0.00359625183045864,0.0722792893648148,0.381941258907318,-0.00457847710639582,-0.00436113223228079,0.0337838751609565
0.0587526112794876,0.0917794853448868,0.441104978322983,-0.00369031786519533,-0.00342857712140397,0.0401220423809616
0.067011334002018,0.0724100545048714,0.472111105918884,-0.00235524672753279,-0.00283474858506586,0.0470733880396483
0.0083679985255003,0.00450290832668543,0.478070735931396,-0.00156422423926489,-0.00286828634385541,0.054237422308059
-0.0907143801450729,-0.043754369020462,0.477378845214844,-0.00211041151027175,-0.00385748102433488,0.0614754629586436
-0.159945368766785,-0.00771407643333077,0.472692221403122,-0.00395904518609891,-0.00482259889076325,0.0686925836419003
-0.147446095943451,0.0227125398814678,0.504842936992645,-0.00606119809715895,-0.00510873553036975,0.0761735707379103
-0.0818852037191391,0.0551804639399052,0.56190437078476,-0.00731402747213,-0.00506774665732854,0.0844196543798449
-0.0238080471754074,0.113683186471462,0.621078729629517,-0.00752287206162658,-0.00424900091659863,0.0935129319765594
-0.0251396261155605,0.134418830275536,0.650994062423706,-0.00741288126721155,-0.00293115097968537,0.103225721342551
-0.0623351968824863,0.190836563706398,0.637991964817047,-0.00772218018972134,-0.00118480107305008,0.112960336055679
-0.0772393196821213,0.212553039193153,0.635780453681946,-0.00843245761658325,0.00134976782815217,0.122616441917511
-0.0440956875681877,0.134375557303429,0.625239014625549,-0.00878899774041232,0.003134011891767,0.132155848966968
-0.0343394614756107,0.0638558492064476,0.608145236968994,-0.00881898783399993,0.00386697478141221,0.141423534734791
-0.0949490144848824,0.00776941329240799,0.594880044460297,-0.00940209984171395,0.00360550045275493,0.150499878766459
-0.213166207075119,0.00504899444058537,0.587700724601746,-0.0115501085350812,0.00298168146633664,0.159489137382442
-0.331569284200668,0.076062448322773,0.599816501140594,-0.0155664676995004,0.00310825008426844,0.168640702185694
-0.330888837575912,0.126091793179512,0.642589509487152,-0.0202381653264366,0.00427256419794125,0.178315120845805
-0.214103907346725,0.104135632514954,0.69245457649231,-0.0235816611288434,0.00543694365240467,0.188703082200409
-0.0855168923735619,0.0550080314278603,0.73382568359375,-0.0248461913324816,0.00584092362091996,0.19963354674967
-0.0355775654315948,0.0581026263535023,0.750173211097717,-0.0249466320882152,0.00609088697546881,0.210899340105665
-0.0273225642740726,0.129680663347244,0.779132962226868,-0.024768718956847,0.00703261295699881,0.222444059260506
0.0105662262067199,0.222891300916672,0.830734372138977,-0.0241954162922762,0.00923634006992052,0.234702254141238
0.0837890431284904,0.30067452788353,0.863326668739319,-0.0226024366825158,0.0128365974531003,0.247518316066007
0.134003475308418,0.170434221625328,0.851777076721191,-0.0199464204295341,0.015562340944344,0.26034078912884
0.0751713216304779,0.0240530464798212,0.759403765201569,-0.0176740237060551,0.0156739189905363,0.272212324945866
-0.0369749255478382,0.0306054875254631,0.66683441400528,-0.0170416943600942,0.0154719662101275,0.282641667524714
-0.105748400092125,0.0252293646335602,0.610846757888794,-0.0177973336835843,0.0152419236202133,0.292179243208534
-0.104396045207977,0.033713661134243,0.577756464481354,-0.0189380893879495,0.0152926244459792,0.30111263564711
-0.065734937787056,0.0181927587836981,0.543817162513733,-0.0196376940504467,0.0150487029360591,0.309527450221071
-0.0422945916652679,0.0613894984126091,0.542944133281708,-0.0198767133238353,0.0152935731131255,0.317687529645416
-0.0521999523043633,0.0562109835445881,0.579186022281647,-0.0200630789438032,0.0156656292479212,0.326274401616272
-0.084020733833313,0.0725159198045731,0.561907470226288,-0.0206534627503401,0.0161694989011769,0.33495245703795
-0.0954661965370178,0.051835410296917,0.530841171741486,-0.0215727056545425,0.0165734317697805,0.343154958826485
-0.0678217858076096,0.103708192706108,0.536411941051483,-0.0222824969491706,0.0174886459271086,0.351222383605808
-0.00286702439188957,0.087184876203537,0.542158007621765,-0.022089936438078,0.0185373110115015,0.359417622725987
0.0357264392077923,0.0814486965537071,0.515703737735748,-0.0211822741478339,0.0193150012218431,0.367303308018684
0.0412226729094982,0.115968056023121,0.495481818914413,-0.0201049708756779,0.0204714862602232,0.374781530442423
0.03697519749403,0.132219716906548,0.493334263563156,-0.0191002869313036,0.021994903425654,0.382225562650566
2.43689864873886e-05,0.102958783507347,0.454617738723755,-0.0184388943030397,0.0233001797530899,0.389303704023621
-0.0738999173045158,0.0606906861066818,0.379336565732956,-0.0187800639839731,0.0240471294194386,0.395447954823901
-0.135032251477242,0.0335160568356514,0.303085476160049,-0.0201597949239344,0.0243370920092673,0.400512320566673
-0.165447160601616,0.0680173113942146,0.246318623423576,-0.0222477711843821,0.0249862684006381,0.404639483278632
-0.112886734306812,0.0870479941368103,0.206095844507217,-0.0240676185395954,0.0260445165567587,0.408051774456366
-0.0371485650539398,0.00435364292934537,0.199031010270119,-0.0247698942743133,0.026518601312062,0.411107057086536
-0.0368636064231396,-0.0932586640119553,0.169033154845238,-0.0250317728737453,0.0253389428402863,0.413874213755211
-0.11229844391346,-0.10710497200489,0.143965348601341,-0.0261540063703049,0.0235435975390837,0.41620062993534
-0.175210297107697,-0.0732159838080406,0.147861555218697,-0.0284286091540697,0.0220954521364151,0.418541666204281
-0.143341854214668,-0.018092542886734,0.157734960317612,-0.0307308566484315,0.0213802558552507,0.421016757298758
-0.0198883526027203,0.0149724651128054,0.174590110778809,-0.0315327255823719,0.0213837019157515,0.423605014720171
0.116544328629971,0.0218767113983631,0.170144230127335,-0.0302036295805111,0.0216400230089537,0.426156382486788
0.201224312186241,0.0222578085958958,0.113024212419987,-0.0273824600252719,0.021849980345227,0.427999892566423
0.200617119669914,0.0154917817562819,0.0606824420392513,-0.0241919615672443,0.0220954928677485,0.428928075202158
0.116703316569328,-0.030821654945612,0.0312555767595768,-0.021935158905663,0.0218358656357741,0.429390781486771
0.0146856037899852,-0.0424093343317509,-0.000390764558687806,-0.0212643922074357,0.0212192553263605,0.429486268502468
-0.0597260445356369,-0.0356643460690975,-0.0211596917361021,-0.0218641570190726,0.0205483138250292,0.429282652254626
-0.100261218845844,-0.00404729833826423,-0.0171202085912228,-0.0232771930311623,0.0203260034638242,0.429079701445185
-0.0726216062903404,0.029422776773572,-0.0104995919391513,-0.0246045285046329,0.0205881424615661,0.42900185857108
-0.00137352384626865,0.0399960577487946,0.00599389802664518,-0.0249715923805856,0.0211468951553107,0.429066896491488
0.0539451278746128,0.0224634055048227,0.017016189172864,-0.0243794333763801,0.0216076296811908,0.429283148457667
0.0689981132745743,0.00174028309993446,0.00214190175756812,-0.0233486620119818,0.0217957415436717,0.429327012334496
0.0212612152099609,-0.0642027780413628,-0.0206611473113298,-0.0227338448694291,0.0210825019453727,0.429105183854798
-0.0350390747189522,-0.0467154011130333,-0.0413017123937607,-0.0230660910741914,0.0202885621810966,0.428596518974269
-0.0543304830789566,-0.0086633563041687,-0.0296418610960245,-0.0239105963466601,0.0199241223805584,0.428123346170156
-0.0235395468771458,0.0194052960723639,-0.017666157335043,-0.0244734644633386,0.0201442123838968,0.42782209333976
0.0222300738096237,0.0257127285003662,-0.0120223872363567,-0.0243704227710064,0.0205177470282273,0.427578445646956
0.0446743965148926,0.0136560648679733,-0.0193641893565655,-0.0237775374015564,0.0208410644602322,0.427289776844601
0.0289191342890263,-0.00264487834647298,-0.0451142936944962,-0.0232538315605773,0.0209105453564899,0.426725222246906
-0.0113766239956021,0.00284416321665049,-0.0677985697984695,-0.0232814664599578,0.0209305763338418,0.425806834489062
-0.0187730193138123,0.0147516895085573,-0.0753108114004135,-0.0236373284658666,0.0211573371781809,0.424703630430296
-0.00282894168049097,0.0211952086538076,-0.0709288492798805,-0.0238337572665256,0.0214956714270359,0.423650219107019
0.00682075647637248,0.00487349182367325,-0.0772900730371475,-0.0238151455410517,0.0217105829220614,0.422508334482484
-0.00808628741651773,0.000607374124228954,-0.0784592032432556,-0.0239073669723746,0.0218379144524903,0.421325308778448
-0.0230258218944073,-0.0231275148689747,-0.0753757953643799,-0.024246614028088,0.0217161412598613,0.420215774988731
-0.0527365803718567,-0.0349697954952717,-0.0894644483923912,-0.0249569287402113,0.0212100218756283,0.419015585460539
-0.0547805577516556,-0.0101102516055107,-0.100133068859577,-0.0259153318550132,0.0210030040015523,0.417615036019915
-0.0121358903124928,0.0459727272391319,-0.104072421789169,-0.0264527691241642,0.0214332680101235,0.416039845990539
0.0431593246757984,0.0858362540602684,-0.0919257402420044,-0.0261933947528488,0.022644583855153,0.41456226867383
0.0879162177443504,0.0866982936859131,-0.0927042365074158,-0.0251624690837291,0.0240989952606549,0.413111728259997
0.106273651123047,0.0821354985237122,-0.120356902480125,-0.023736934638058,0.0254125264007861,0.411375933726392
0.10558096319437,0.0819168537855148,-0.163080930709839,-0.0222870794516524,0.0267708842530176,0.409034430129553
0.106913343071938,0.095826543867588,-0.194030061364174,-0.0208528686233358,0.0282822762010859,0.406142788046668
0.0827068015933037,0.0481245294213295,-0.227341949939728,-0.0197364849377808,0.0295431148674528,0.402780486255659
0.0308393426239491,-0.0222079567611217,-0.265127927064896,-0.0192688061490074,0.0297384319538124,0.39892278500773
-0.0359940156340599,-0.0848617479205132,-0.297663778066635,-0.0198002794293882,0.0289590392496195,0.394594734500553
-0.0772415846586227,-0.0870146453380585,-0.33317756652832,-0.0211494838573943,0.0278572945153639,0.38979992704604
-0.0782677009701729,-0.0578008405864239,-0.338495373725891,-0.0227610795138906,0.0271159309008186,0.384807346798147
-0.0186517760157585,-0.0288195200264454,-0.33273920416832,-0.0237734715849707,0.0268080893123251,0.379855100208238
0.0825784429907799,-0.0108975106850266,-0.333131223917007,-0.0234235049803931,0.0268360892188447,0.374818529173741
0.164649873971939,-0.00155833689495921,-0.335792243480682,-0.021660407714346,0.0271476333403917,0.369630254082481
0.1670251339674,-0.0850814580917358,-0.361490696668625,-0.0194416097612517,0.0266952135730767,0.364168084934423
0.0895940065383911,-0.11632139980793,-0.401540368795395,-0.0180600217438308,0.0253665997624112,0.358218578936484
-0.0153702301904559,-0.197335556149483,-0.459973871707916,-0.0182347696584996,0.0232887846338809,0.351594624590833
-0.120156027376652,-0.245976328849792,-0.539733946323395,-0.0200778951326823,0.0204000298434798,0.344023255108249
-0.182213544845581,-0.275395482778549,-0.632013022899628,-0.0231239369382633,0.0168861279474468,0.335152563960624
-0.195376753807068,-0.309306025505066,-0.710094749927521,-0.0267455189369027,0.0130252051090991,0.324972332759627
-0.161127701401711,-0.283574849367142,-0.728002369403839,-0.0299409315353254,0.00893971533916862,0.31419541436609
-0.109987013041973,-0.226432725787163,-0.72868150472641,-0.0324206251798829,0.00584402687411475,0.303319654903652
-0.0621776841580868,-0.227659374475479,-0.71235203742981,-0.0340984797636929,0.00313697686520343,0.292620334611922
-0.0586601831018925,-0.244107320904732,-0.748656809329987,-0.0354369720014765,0.000119487717393958,0.281678848484497
-0.11358281224966,-0.207324013113976,-0.805580794811249,-0.0373561494736842,-0.00271746058952602,0.269860454467953
-0.161326110363007,-0.0957034751772881,-0.832480847835541,-0.0400730177067452,-0.00422813053604175,0.257489973034114
-0.178540781140327,-0.0641250461339951,-0.814405977725983,-0.0432033588925008,-0.00469657666934539,0.24524616077529
-0.178572475910187,-0.0868423357605934,-0.810156643390656,-0.0463786852732185,-0.00543762125885314,0.233185686487236
-0.176254197955132,-0.0902128368616104,-0.83150452375412,-0.0495175631267494,-0.00640179700029084,0.220946399598236
-0.166455090045929,-0.107706874608994,-0.854953646659851,-0.0525810153389216,-0.00764947544510814,0.208273932540672
-0.131410017609596,-0.0850670784711838,-0.841887652873993,-0.0552413566251374,-0.00883260397368253,0.195575147380566
-0.0603038854897022,-0.103641025722027,-0.808336079120636,-0.0569690272539784,-0.00995497134668596,0.183271661455564
0.00560962082818151,-0.102782420814037,-0.790818870067596,-0.0575748613776808,-0.0113107037407491,0.171337149693227
0.0310404114425182,-0.0941572412848473,-0.774625301361084,-0.0575781977040523,-0.0125078309794993,0.159574151678426
0.00966241955757141,-0.0853541642427444,-0.767279744148254,-0.0576842174621838,-0.0136034665839172,0.147990440155558
-0.0276255644857883,-0.032129030674696,-0.769605755805969,-0.0582566867034415,-0.0142146062500594,0.136430345387453
-0.037487518042326,0.0514462888240814,-0.740751981735229,-0.0591761287380734,-0.013612403276423,0.125115970196695
0.00569377653300762,0.0980974212288857,-0.683822154998779,-0.0597125898499895,-0.0121875067936834,0.114574988479292
0.0632438883185387,0.0891558527946472,-0.684524655342102,-0.0593901385595279,-0.0106558345220877,0.104327977620487
0.108532279729843,0.0691334083676338,-0.745124876499176,-0.0583475565617637,-0.00938490909332139,0.0934322266504592
0.14634196460247,0.0545717775821686,-0.803632438182831,-0.0567343175194325,-0.00825509053902263,0.0815358676748528
0.17987222969532,0.0725212171673775,-0.861067771911621,-0.0546597879166568,-0.00703279624564605,0.0688188507951533
0.179203242063522,0.127505108714104,-0.908009171485901,-0.0524868324367691,-0.00519648663301819,0.0552207469941754
0.143025264143944,0.189359948039055,-0.915659368038177,-0.0507055763966692,-0.00219239859332817,0.0413516600539837
0.0760190784931183,0.10948695987463,-0.92792159318924,-0.0498375289102199,0.000305161743408562,0.0274224694283622
-0.0366922952234745,0.0265159085392952,-0.953299939632416,-0.050400888460884,0.00151319245141281,0.0132413384215342
-0.154722526669502,-0.0163758993148804,-0.980809330940247,-0.0528679521559324,0.00172145909545036,-0.00130358212088895
-0.181203410029411,0.0637746006250381,-1.00119411945343,-0.056331256615777,0.00257002968965665,-0.0161493443907224
-0.0864491984248161,0.153233647346497,-0.994081974029541,-0.058935282961145,0.00472858190671226,-0.0310667452653958
0.0720975697040558,0.202413439750671,-0.969506859779358,-0.059448001738314,0.00796829989816522,-0.0457765093784726
0.210376873612404,0.191072627902031,-0.940851271152496,-0.0576886764506758,0.0111842004008638,-0.060238035675018
0.279475271701813,0.163773372769356,-0.921205103397369,-0.0546289113503108,0.0138746945588822,-0.0743816614085893
0.326662212610245,0.0280333757400513,-0.952003538608551,-0.0507702116714406,0.0152758598215597,-0.0887557961227532
0.317680984735489,-0.0210068710148335,-1.0204610824585,-0.0468106406090812,0.0155754687387235,-0.104006654757145
0.262046754360199,-0.172817438840866,-1.11281895637512,-0.0435183669470144,0.0144251951917523,-0.120521776234134
0.141091272234917,-0.29597532749176,-1.16926205158234,-0.0417007441664531,0.0111187916046232,-0.138023663153198
-0.0474445447325706,-0.286456108093262,-1.1779545545578,-0.0424129420818825,0.00727419118637854,-0.155755604314756
-0.186457023024559,-0.173986032605171,-1.12534856796265,-0.0455253884893293,0.0045996168957911,-0.17288452308247
-0.196872651576996,-0.11281481385231,-1.03244161605835,-0.0493682351695265,0.00319954242438814,-0.188785876739472
-0.0879504233598709,-0.121500983834267,-0.936691403388977,-0.0520002919194598,0.00187772056645026,-0.203248207340379
0.0204367712140083,-0.165146201848984,-0.900786161422729,-0.0528386313388517,-5.93270252807199e-05,-0.216858747629679
0.0945139303803444,-0.188564971089363,-0.963338434696198,-0.0523600453880238,-0.00246574679713724,-0.231000523575721
0.116243459284306,-0.186752155423164,-1.01125454902649,-0.0512946169447233,-0.00493043272041488,-0.24608323711576
0.131290584802628,-0.145758911967278,-1.02713596820831,-0.0501081095030103,-0.00714796067991796,-0.261542645358694
0.289749205112457,-0.00341562554240227,-0.99499386548996,-0.0470733506578024,-0.0072480756325744,-0.276953880669657
0.343459039926529,0.028103418648243,-0.923058688640594,-0.0426585692542177,-0.00637238115427311,-0.291366040134333
0.359013229608536,-0.00960907340049744,-0.872799515724182,-0.0378679251707947,-0.00579705086616265,-0.30492811325432
0.339505851268768,-0.0786129087209702,-0.833478987216949,-0.0331302311176998,-0.00595894110227532,-0.317850200486213
0.291458964347839,-0.210413545370102,-0.818969547748566,-0.0289432352295048,-0.00779254936180215,-0.330362740016625
0.196026712656021,-0.410537391901016,-0.86784827709198,-0.0259290978235379,-0.0122799197786721,-0.34326691001826
0.0709297880530357,-0.531581997871399,-0.938199937343597,-0.0246663266682322,-0.0190752792348057,-0.357104323668269
-0.0471824705600739,-0.506215691566467,-0.958166718482971,-0.0251223389839207,-0.0262983000085546,-0.37152995516698
-0.117821753025055,-0.402838468551636,-0.925416767597198,-0.0268855322616502,-0.0321507641575558,-0.385668424795117
-0.104622058570385,-0.252020180225372,-0.854695498943329,-0.0287716820041045,-0.0362237926324981,-0.398921664591168
0.0159970317035913,-0.0875185802578926,-0.760834515094757,-0.0293449057861549,-0.0376091618925689,-0.410912037940704
0.0933309644460678,-0.0778739452362061,-0.709058880805969,-0.0283021875329735,-0.0381880185287668,-0.421734469510215
0.0979017540812492,-0.158197820186615,-0.742215812206268,-0.0268561050048211,-0.0394636954041528,-0.432671564680727
0.0568171665072441,-0.254641801118851,-0.793841183185577,-0.0258157066187647,-0.0422939554293586,-0.444438841754628
0.00383517378941178,-0.315195679664612,-0.826284885406494,-0.0255273467924535,-0.0461774209514306,-0.456701599823772
-0.0671812146902084,-0.282600730657578,-0.87050187587738,-0.0260614458826683,-0.0500259181238884,-0.469620865498392
-0.183619141578674,-0.143288910388947,-0.841218292713165,-0.0281454132989938,-0.0521618619977244,-0.482522524278315
-0.257982850074768,-0.12944233417511,-0.74556976556778,-0.0316603460619971,-0.053453413273717,-0.494354836111942
-0.19619432091713,-0.143169045448303,-0.621295511722565,-0.0349783132026542,-0.0551705325311814,-0.504358675546029
-0.0210611205548048,-0.0721393600106239,-0.54425984621048,-0.0361636258268186,-0.05632014966184,-0.51288738340635
0.129849821329117,0.015075970441103,-0.500473201274872,-0.0347921772110904,-0.0561148489140396,-0.520581180312425
0.205096647143364,0.0355311781167984,-0.454040497541428,-0.0319222984857932,-0.0553674779398097,-0.527676734824432
0.20528706908226,0.107508167624474,-0.355713933706284,-0.0286626238780588,-0.0538296569827946,-0.533509187727291
0.135358318686485,0.138553708791733,-0.280311316251755,-0.0261368033546013,-0.0515835897063224,-0.538033504948239
0.0550179332494736,0.164090216159821,-0.23274938762188,-0.0249029632722778,-0.0490106419179375,-0.541743028841279
0.0441192127764225,0.168617606163025,-0.205048248171806,-0.0242432452586529,-0.0462789544200636,-0.544956020000603
0.0780580043792725,0.129574060440063,-0.185642331838608,-0.0232504484866429,-0.0439187967415582,-0.547843381048667
0.118289850652218,0.118709951639175,-0.155487895011902,-0.0216566781892576,-0.0419420359094763,-0.550348585986695
0.119158834218979,0.122070863842964,-0.133051291108131,-0.0198149108915905,-0.040025188485964,-0.552459614525387
0.0785781219601631,0.111490659415722,-0.122645772993565,-0.0184305346812543,-0.0381541457418915,-0.554374511288329
0.0410113036632538,0.123741194605827,-0.0919065102934837,-0.0176421164864787,-0.0362714497799034,-0.555947222939797
0.0192167945206165,0.120884694159031,-0.0365159548819065,-0.017270841034587,-0.0343807734523087,-0.556785232680693
0.0126656834036112,0.0809505879878998,-0.0173742175102234,-0.0170624525848425,-0.0329161249516648,-0.557076712747046
0.00530204270035028,0.0733501985669136,-0.0281094200909138,-0.0169261961963185,-0.0317810433705213,-0.557459153032059
-0.00334710534662008,0.088623158633709,-0.0142668411135674,-0.0169317433667298,-0.0305302747727474,-0.557732739886604
-0.0203939992934465,0.0822070688009262,-0.0143840201199055,-0.0171409220078793,-0.0292036363145481,-0.557929265267589
-0.0544853881001472,0.0596293248236179,-0.0146279651671648,-0.0178012883191555,-0.028208022561923,-0.558148812520989
-0.0504219383001328,0.071637786924839,0.00783792790025473,-0.0186154841503759,-0.0271828312768535,-0.558129799012555
-0.0442159734666348,0.0749678015708923,0.0292412210255861,-0.0193047115244712,-0.0260641298398012,-0.557740155698095
-0.0496618747711182,0.063154548406601,0.0430779419839382,-0.0200262525739551,-0.0251394018322494,-0.557123931452077
-0.0378001555800438,0.0586836338043213,0.0271309316158295,-0.0206828972477396,-0.0242161104021587,-0.556614243551185
-0.0035761371254921,0.0346265025436878,0.0134460125118494,-0.0209100741174639,-0.0235994723257088,-0.55634213601982
0.0253449939191341,-0.0143218655139208,-0.00243388419039547,-0.0206382247429681,-0.0235578222015743,-0.556319192372274
0.0350050777196884,-0.0349805392324924,-0.00986729934811592,-0.0201047757516584,-0.0240161135395089,-0.556430608900566
0.00841581076383591,-0.0446275733411312,-0.0153896305710077,-0.0198345429631569,-0.0246397254444934,-0.556634891370549
-0.0140436924993992,-0.046636663377285,-0.00592582114040852,-0.0199624167273349,-0.0253727351927643,-0.556812246448482
-0.00370396859943867,0.0238763857632875,0.0283863469958305,-0.0201198704087836,-0.0254262825251641,-0.556552964784307
0.0237207300961018,0.0217469222843647,0.0606020726263523,-0.0198831717885344,-0.0250167290770269,-0.555826984107338
0.0351709946990013,-0.0149575620889664,0.092679850757122,-0.0193832599669334,-0.0251688713280151,-0.554579124299792
0.0640734806656837,-0.0638947412371635,0.0789358094334602,-0.0185755701358951,-0.0258964035754057,-0.553313985292633
0.0898411646485329,-0.0987789556384087,0.0577093474566936,-0.0172644561734492,-0.0273524596863619,-0.552376960393854
0.0503909587860107,-0.0704266801476479,0.0596167035400867,-0.0162570749934258,-0.0287051759773723,-0.551542425375579
0.000112873502075672,-0.0224319901317358,0.0806966871023178,-0.0160252339441154,-0.0293110866719595,-0.55044142987581
-0.014193095266819,0.00497326906770468,0.131893828511238,-0.0161708730461261,-0.0294852371753823,-0.548745744538365
0.0183142479509115,0.0137923266738653,0.191920936107635,-0.0160721296213484,-0.0294734895800247,-0.546166943495519
0.0965906754136086,0.0689783468842506,0.256563305854797,-0.0149718631425495,-0.0290134183390609,-0.542629874402892
0.15116523206234,0.121183767914772,0.3509521484375,-0.0128099760873159,-0.0277532475578058,-0.537878592994687
0.131415769457817,0.164924055337906,0.414945751428604,-0.0105412150271202,-0.0259081343350911,-0.531906719101584
0.073814257979393,0.155490875244141,0.422037750482559,-0.00899954790489196,-0.0238618198137785,-0.525557182415326
-0.0061833718791604,0.113695487380028,0.432156175374985,-0.00850758607833647,-0.0223830518771332,-0.519156257344147
-0.104201547801495,0.108741208910942,0.430445909500122,-0.00941395408291751,-0.021182244658858,-0.512615348780669
-0.167948842048645,0.154406696557999,0.407648712396622,-0.011538464229212,-0.0196141631015831,-0.506282317228072
-0.174426704645157,0.157735913991928,0.417221695184708,-0.0139714824471561,-0.0175312815319005,-0.500037118371634
-0.150429502129555,0.109204865992069,0.477136969566345,-0.0161622867163924,-0.0160568166025714,-0.493121357232145
-0.178775385022163,0.029603248462081,0.552700996398926,-0.0183976635049416,-0.0155247821718605,-0.485038039173406
-0.207877069711685,-0.0209467448294163,0.591977298259735,-0.0211756225118694,-0.0163113946028476,-0.476215872610562
-0.161296784877777,0.0363945737481117,0.625444173812866,-0.023674143546149,-0.0166768912038154,-0.46689792192569
-0.0315861999988556,0.0922471880912781,0.657314240932465,-0.0245689779869014,-0.0159139772117437,-0.457100819816524
0.0673675388097763,0.0193213149905205,0.676041603088379,-0.0236619078635735,-0.0157509796073882,-0.447012555867699
0.0395558848977089,-0.0346164852380753,0.689691364765167,-0.0224747208753239,-0.0166610862217465,-0.436694148963512
-0.0423352494835854,0.0187316909432411,0.669987678527832,-0.0224095401278794,-0.0171667336611772,-0.426451375154949
-0.0270843915641308,0.153347551822662,0.750318229198456,-0.0228051674033843,-0.0163481617588908,-0.4159080081614
0.0656202733516693,0.39498233795166,0.866503477096558,-0.0218892184731596,-0.0122747822799395,-0.403341444238141
0.13711017370224,0.420119643211365,0.976995348930359,-0.019660823094121,-0.00657264416597719,-0.389416756935449
0.140759229660034,0.398999452590942,1.29205310344696,-0.0167428802980216,-0.00176666908330098,-0.371722140120878
0.0717322304844856,0.578017175197601,1.50430917739868,-0.0142618892753816,0.00457964783955594,-0.350004545513403
-0.00741585064679384,0.694417774677277,1.53488063812256,-0.0127758697124372,0.013164645283564,-0.326863385740881
-0.0670536160469055,0.628004133701324,1.41054141521454,-0.0121007383844902,0.0217142049576442,-0.304856526155017
-0.113626979291439,0.41628360748291,1.25837635993958,-0.0122233301304979,0.0277958279209339,-0.285098847848614
-0.14247353374958,0.149492666125298,1.15219557285309,-0.0128793185967337,0.0303179080118402,-0.267132329207813
-0.191479966044426,-0.122666671872139,1.03626656532288,-0.0142468308163164,0.0287111349617203,-0.250745727367906
-0.263130187988281,-0.253810584545135,0.947028934955597,-0.016798264650102,0.0244023904490332,-0.235866233513585
-0.288835823535919,-0.243865266442299,0.961823344230652,-0.0200903697146075,0.019582270385532,-0.221294550139073
-0.3115573823452,-0.127704843878746,0.998101472854614,-0.0237131912856483,0.0162254481808851,-0.206179243603
-0.252935081720352,-0.113284885883331,1.11811089515686,-0.0269640824712196,0.0137193057901652,-0.189788147695435
-0.148701876401901,-0.217604905366898,1.14324951171875,-0.0286832621044094,0.0103304313623441,-0.172340026878295
-0.152514189481735,-0.41706794500351,1.09710490703583,-0.0299163372180549,0.00415871491026274,-0.155505502499811
-0.247974932193756,-0.412544041872025,1.04629337787628,-0.0324381046852254,-0.0030822593112767,-0.139414525312651
-0.280614644289017,-0.135904178023338,1.11577260494232,-0.0359539878488027,-0.00761922094935433,-0.122993448157343
-0.168762400746346,0.219335407018661,1.23219215869904,-0.03860271090491,-0.00654076531886769,-0.104816949662379
0.0534829199314117,0.231540411710739,1.28491270542145,-0.0381672543789953,-0.00354200894238417,-0.0856939228566491
0.22316275537014,0.0811695456504822,1.26023638248444,-0.0347326736439605,-0.00232121460136452,-0.0666145726799509
0.27818101644516,-0.0537467263638973,1.18677031993866,-0.0299349965938735,-0.00341764890516665,-0.0485379695146517
0.210995316505432,-0.0479801818728447,1.19274699687958,-0.0255320494835208,-0.00516126768808214,-0.0308768791657042
0.0818660855293274,0.121650397777557,1.21023011207581,-0.0229991089508455,-0.00533138116789629,-0.0128179547525619
0.0248946845531464,0.329009711742401,1.26132714748383,-0.0216898844031945,-0.00244167095090022,0.00585481943625407
0.0619192831218243,0.475155979394913,1.28841149806976,-0.0201283991570872,0.00301778734264155,0.0251792029203056
0.114889815449715,0.342365175485611,1.20532250404358,-0.0176114880335251,0.00801551097224853,0.043809994351109
0.0427274778485298,0.158925592899323,1.05408692359924,-0.0155439282884198,0.0102282867427997,0.0603706601919318
-0.0629816427826881,0.0246727149933577,0.960352718830109,-0.0152008325992219,0.0103260858620844,0.0752293372051464
-0.0745512172579765,0.0159761626273394,0.943181216716766,-0.0155832453026159,0.00943578886064352,0.0895048497281311
0.00312360841780901,0.193231895565987,0.951336860656738,-0.0151786147921598,0.0105674030743306,0.103812821807616
0.101026199758053,0.289200782775879,0.963815927505493,-0.013306087739414,0.0136617510924367,0.118167886153232
0.140245780348778,0.213348880410194,0.989627778530121,-0.0104400118762964,0.0165628192891831,0.132829234559497
0.0789275541901588,0.032545018941164,0.938855707645416,-0.00793065080973587,0.0168801922976263,0.147264368474118
-0.0362232625484467,-0.0216327328234911,0.825915277004242,-0.00715519897485534,0.0157229249036908,0.160230934911701
-0.0559461005032063,0.0528550855815411,0.763917446136475,-0.00739526298759249,0.0151848189859342,0.171988952848402
0.0747354775667191,0.227854326367378,0.803387105464935,-0.00631009518860502,0.0168499429599241,0.183812357708557
0.208769977092743,0.33561834692955,0.826792538166046,-0.00297415711231512,0.0207112117457113,0.196013341934194
0.209038689732552,0.266165494918823,0.797890305519104,0.00117417390930183,0.0242560814636683,0.207997310189038
0.0867564529180527,0.106358259916306,0.772374033927917,0.0039615732574604,0.0257533997355412,0.219610784452029
-0.0192932821810246,-0.00711930356919765,0.717105448246002,0.00485981613265039,0.0251153025402222,0.230702981744996
-0.049224816262722,-0.0307386107742786,0.728635370731354,0.00498260498998571,0.0238101969414358,0.241552806803338
-0.0217527113854885,0.0775370001792908,0.75241631269455,0.00522456969431082,0.0233410093642534,0.252825940774363
0.0175214558839798,0.196535021066666,0.766672730445862,0.00612570313019814,0.0247561700262099,0.264355799806571
-0.0289546996355057,0.246316686272621,0.718360364437103,0.00676792157654836,0.0274129205792228,0.275414618151733
-0.0742263123393059,0.261364072561264,0.655069768428802,0.00656102586249072,0.0304499271683797,0.285692925245732
-0.0843002498149872,0.209097146987915,0.589805841445923,0.00601232266894011,0.0331435255369287,0.295037657927557
-0.0765539109706879,0.1385148614645,0.558815181255341,0.00551452538214925,0.0349597016696014,0.303678845117885
-0.0657792985439301,0.0322898887097836,0.548100709915161,0.00516088680314691,0.0352814722486598,0.31206043477382
-0.0985529571771622,-0.0305034555494785,0.520058155059814,0.00452790120330508,0.0343652042971142,0.320121519588477
-0.1961689889431,-0.0790062695741653,0.47345232963562,0.00271404494205801,0.0327701371998315,0.327726112166803
-0.311975479125977,-0.0819045901298523,0.434248983860016,-0.000923542009168069,0.030923213762019,0.334703867262246
-0.336362570524216,-0.0775295495986938,0.420210927724838,-0.0054899754256367,0.0292316288641851,0.341483877413712
-0.295648992061615,-0.114667072892189,0.395875513553619,-0.00966909859334537,0.0273607697543431,0.347942152562344
-0.218916922807693,-0.133445292711258,0.395288020372391,-0.0130097408709135,0.0249550992369541,0.354101992416719
-0.0781832337379456,-0.0951868444681168,0.38556107878685,-0.014504685131355,0.0229004999396583,0.360202239871593
0.0309043750166893,-0.106771856546402,0.340335816144943,-0.0141051154226052,0.0210954344203326,0.36547253943446
0.0417168065905571,-0.101503327488899,0.322255611419678,-0.01309701697377,0.019166354407859,0.370352226832759
0.0114696891978383,-0.0671027451753616,0.246266022324562,-0.0124938048912978,0.0178590720241367,0.374503450338188
-0.0166178718209267,-0.148576304316521,0.170176327228546,-0.0124491769718764,0.015922660528338,0.3773679551548
-0.0138063719496131,-0.14899468421936,0.092231459915638,-0.0125973842185503,0.0135930537428301,0.379178948965935
-0.0124846464022994,-0.167559042572975,0.0633862316608429,-0.0127198863345581,0.0110373794130265,0.380143340952211
0.00524774566292763,-0.131687596440315,0.106256201863289,-0.012640124954562,0.00868115900428466,0.381544578847263
0.00816523842513561,-0.0579129718244076,0.136251375079155,-0.0124259875809142,0.00729482654311567,0.38344698700575
0.00992026180028915,0.0689762681722641,0.175903186202049,-0.0121918136723841,0.00748461258950051,0.385859631871084
-0.00174092128872871,0.0917324423789978,0.1683738976717,-0.0119549633553021,0.00879046030260026,0.388542771256677
-0.0636788606643677,-0.0828377604484558,0.0663407444953918,-0.0124825456211427,0.00837896771677475,0.390169328470986
-0.114849165081978,-0.174167916178703,-0.0515639185905457,-0.0140352889831985,0.00598930862526714,0.389900203373469
-0.0549370981752872,-0.0862652361392975,0.0407588221132755,-0.0152171419348444,0.00417481148757096,0.39003958192188
-0.00497752521187067,-0.0138911698013544,0.0529028363525867,-0.0154395205111966,0.00368473291167829,0.390904618651985
-0.00159824080765247,-0.0746461302042007,0.0336412563920021,-0.0154164839199084,0.00290654183270986,0.391523710453914
0.00899341702461243,-0.0811546295881271,0.0411796011030674,-0.0153612600295702,0.00164984356440961,0.392076822665973
0.0295229256153107,-0.063015840947628,0.0082235150039196,-0.0149716736540537,0.000603171624703705,0.392445823843318
0.0226927176117897,-0.0795977488160133,-0.0633920878171921,-0.0146469702449316,-0.000443081376567414,0.391829936384054
0.0378485023975372,-0.0635713785886765,-0.0910452827811241,-0.0142351652662911,-0.00154768500595193,0.390490005628101
0.0642300397157669,-0.00507903611287475,-0.0630485340952873,-0.0134498465776245,-0.00175819097243492,0.389378638043141
0.0460997745394707,-0.0526212565600872,-0.0600093342363834,-0.0126345514985336,-0.00217852156961251,0.388491905280617
0.0111596323549747,-0.0850681439042091,-0.0848321318626404,-0.0123266840690238,-0.00322861194314009,0.387322749729457
-0.0141886016353965,-0.126223295927048,-0.109601125121117,-0.0124337815763868,-0.0048250579608466,0.385787926377008
-0.0808110386133194,-0.137034937739372,-0.167716085910797,-0.0133459976040439,-0.0066686852885505,0.383618025620709
-0.190361231565475,-0.240122437477112,-0.310571789741516,-0.0157653133638243,-0.00944258557780976,0.379885809896564
-0.200704157352448,-0.259747534990311,-0.345901817083359,-0.0190942510243437,-0.0131201223079448,0.374714344139643
-0.063337504863739,-0.17265097796917,-0.337446808815002,-0.0209841304166897,-0.0159082027417998,0.369731709049017
0.082871101796627,-0.126927435398102,-0.364218503236771,-0.0205772948998536,-0.0177224077262464,0.36437347081682
0.186197489500046,-0.00505719846114516,-0.363426476716995,-0.0184216023311663,-0.0181831695532721,0.358728102655918
0.27606213092804,0.0967080444097519,-0.284779071807861,-0.0147899073864524,-0.0168511908209577,0.353990468446108
0.265610575675964,0.139943674206734,-0.309368044137955,-0.0107470182096194,-0.0145516407804725,0.349441926106149
0.146024242043495,0.0328387841582298,-0.401029795408249,-0.00803025550197285,-0.013079166319082,0.343843170536974
-0.048728734254837,-0.0796118602156639,-0.548720717430115,-0.007992200111533,-0.0132570993503482,0.336346929425638
-0.205853372812271,-0.176648661494255,-0.612849116325378,-0.0106913940961897,-0.0148392985671545,0.32733973752406
-0.218219235539436,-0.168627217411995,-0.539230823516846,-0.0143547638570522,-0.0171163061635876,0.318768254010246
-0.072154700756073,-0.0550567172467709,-0.429234802722931,-0.0164905802789032,-0.0180634848933382,0.311815954121084
0.100872740149498,-0.0489929653704166,-0.353344827890396,-0.0159115934919493,-0.0183727103992983,0.306181366351144
0.183842986822128,-0.0438895486295223,-0.336780488491058,-0.0135961408905036,-0.0188448050019736,0.300962153569115
0.159439638257027,0.0265388116240501,-0.350753575563431,-0.0111348393758629,-0.0184594627812651,0.295740461002714
0.0716671869158745,0.0449644215404987,-0.428200960159302,-0.00980700618810137,-0.017388902653167,0.289636632441077
-0.0501090511679649,-0.0122916754335165,-0.51448792219162,-0.01011896139095,-0.0167421104771365,0.282304210741325
-0.183428764343262,-0.0706812143325806,-0.621142685413361,-0.0125149069586076,-0.0168763676831474,0.273540329160146
-0.254613965749741,-0.147335767745972,-0.643040835857391,-0.0163346877732648,-0.0181173338043039,0.263915910322553
-0.203234419226646,-0.139506086707115,-0.54764848947525,-0.0199945233945793,-0.0199229349084549,0.255197949392566
-0.0597611479461193,-0.0620120912790298,-0.506055772304535,-0.0218413882967517,-0.020871401464482,0.247469166381833
0.0668929368257523,-0.00731103168800473,-0.49022650718689,-0.0215361612746384,-0.0207222755295214,0.239981150702395
0.090563639998436,-0.0292134005576372,-0.51572573184967,-0.0202755416759554,-0.02056988092411,0.232404470892254
-0.0119408937171102,-0.0822851434350014,-0.612563073635101,-0.0200852702875143,-0.0209923543371275,0.223692252601399
-0.166617557406425,-0.179522201418877,-0.712987124919891,-0.0220814853637529,-0.0225677686841419,0.213498299546826
-0.290579169988632,-0.205337822437286,-0.793917417526245,-0.0261458386435694,-0.0249967000931446,0.201969339607802
-0.349942088127136,-0.201990500092506,-0.829543590545654,-0.0314416125612088,-0.0273911904342354,0.189687643814866
-0.299706101417542,-0.230471670627594,-0.846332669258118,-0.036466004215043,-0.0301286934786172,0.177119536957965
-0.226142138242722,-0.289311021566391,-0.849116206169128,-0.0403631175471596,-0.0336283930291073,0.164358638182619
-0.200458079576492,-0.363121598958969,-0.859701752662659,-0.04352988846278,-0.0382202095655654,0.151558659052659
-0.23185008764267,-0.460755467414856,-0.923013091087341,-0.0468487479375157,-0.0441452635842706,0.138028644666968
-0.304992467164993,-0.524512112140656,-0.965202867984772,-0.0510373344255217,-0.0514899771670636,0.123600356018413
-0.291634321212769,-0.373788893222809,-0.912636339664459,-0.0554930365589293,-0.0576416045323831,0.10946798997081
-0.162397518754005,-0.210466533899307,-0.829400300979614,-0.0584567573558153,-0.0612661323541428,0.0965744344042002
0.00462476816028357,-0.114742681384087,-0.800452291965485,-0.0590029859919727,-0.0631264625416906,0.084471979963973
0.151030451059341,-0.112444639205933,-0.848625123500824,-0.0571732233026345,-0.0645107452577814,0.071950861252146
0.193900421261787,-0.138780638575554,-0.87613981962204,-0.0540662564090752,-0.0661242757627882,0.0589452421158085
0.0935799404978752,-0.167441040277481,-0.857596814632416,-0.0517614734148761,-0.0681271473869788,0.0459247265741743
-0.0506289005279541,-0.134060189127922,-0.817918360233307,-0.051502506115147,-0.070125015217266,0.0334147690284547
-0.134228989481926,-0.0413443669676781,-0.764971494674683,-0.0529251378177932,-0.0708493465039525,0.0215870738304267
-0.12066949903965,0.0107340151444077,-0.732792556285858,-0.0546140307160239,-0.0706814571520776,0.0103943699530777
-0.0266287587583065,0.0328606218099594,-0.764198660850525,-0.0552820061299622,-0.0699577183078089,-0.00089207952000063
0.0915431529283524,0.0555448941886425,-0.874478042125702,-0.0541635189527722,-0.0689052044947347,-0.0133879057381546
0.146824777126312,-0.01348583586514,-0.979916870594025,-0.0517844821945323,-0.0682948892601481,-0.0276498557163916
0.121320225298405,-0.138996347784996,-0.984478294849396,-0.0493787391111246,-0.0693934221964928,-0.0425237011926221
0.018376000225544,-0.134870588779449,-0.910384893417358,-0.0481857164590416,-0.0712109012153957,-0.0565813949992254
-0.106791511178017,-0.0322062633931637,-0.856630623340607,-0.0488493650509795,-0.0719573081184368,-0.0696795433612517
-0.193048894405365,0.103508427739143,-0.866669654846191,-0.0510816849401182,-0.0707027057485743,-0.0826869876453116
-0.171693801879883,0.149935856461525,-0.872892916202545,-0.053585797982064,-0.0682279973305139,-0.0958719511976527
-0.0756911113858223,0.101779498159885,-0.882995903491974,-0.0549697375911909,-0.0660395719184632,-0.109125258335219
0.0548258870840073,0.0239784475415945,-0.93989485502243,-0.0544806670787869,-0.0650246974409037,-0.122933176051592
0.126030296087265,-0.0277691688388586,-1.03880524635315,-0.0525074606828605,-0.0647408651213732,-0.13802875840675
0.0930787324905396,-0.0114200226962566,-1.04861521720886,-0.0505207426826787,-0.0646781118707827,-0.153911123606212
0.024079691618681,0.0413555726408958,-0.95823335647583,-0.0495144697010078,-0.0638705193918217,-0.16884798937033
-0.0246433354914188,0.0268851071596146,-0.869924247264862,-0.0494208973776187,-0.0629846867865528,-0.182302395794645
-0.091744601726532,0.0304356347769499,-0.873561024665833,-0.0502821146777244,-0.0622020299718392,-0.195367193973066
-0.104187957942486,0.0378693118691444,-0.913150012493134,-0.0516734451423849,-0.0613157775504588,-0.208940827246225
-0.0494219176471233,-0.0189425684511662,-0.959841072559357,-0.0525176305582022,-0.0608143474827781,-0.2231814969364
0.0257612504065037,-0.131170570850372,-1.02460968494415,-0.0522596158151678,-0.0619089803882141,-0.238285132496209
0.0782409757375717,-0.125083640217781,-1.0552339553833,-0.0510745812950305,-0.0634394893997983,-0.25410072652192
0.160702288150787,-0.0211508609354496,-0.983040392398834,-0.0488271808516255,-0.0639761583364019,-0.269336211186249
0.273396074771881,0.0321499109268188,-0.832737445831299,-0.0450118378804077,-0.06328044409872,-0.282586391410571
0.315146714448929,0.0476274043321609,-0.733128309249878,-0.0401955812424893,-0.0622131644012526,-0.29394083954433
0.259587317705154,0.0588084161281586,-0.71639084815979,-0.0357637158187929,-0.0609641190576781,-0.304693249592924
0.158413037657738,0.0787467062473297,-0.723437070846558,-0.032729314512878,-0.0594275271534766,-0.315515493965697
0.0698429569602013,0.0814106687903404,-0.70905864238739,-0.0312150226304232,-0.0577255490787575,-0.326260902103257
0.0620785094797611,0.149838462471962,-0.675934255123138,-0.0302453480118694,-0.055416057136917,-0.336617981359244
0.131179288029671,0.226475194096565,-0.659389615058899,-0.0285989774527878,-0.051850682777447,-0.346597236706256
0.241854935884476,0.22495000064373,-0.642651677131653,-0.0254557269735564,-0.0478697242234629,-0.356334915938931
0.292790293693542,0.207510277628899,-0.61777400970459,-0.0211889731373222,-0.044210996225333,-0.365771652176323
0.232894465327263,0.217673435807228,-0.592521905899048,-0.0173055400727153,-0.0404910328099617,-0.374829119512901
0.137858495116234,0.212832614779472,-0.56964910030365,-0.0148010874861228,-0.0366854369506545,-0.38351056674477
0.0451988615095615,0.195924997329712,-0.574540257453918,-0.0137945160991124,-0.0331115725060858,-0.392106755031418
0.0304928906261921,0.207778468728065,-0.599187791347504,-0.0135112670689855,-0.029528212547003,-0.400997517003254
0.0698392316699028,0.184901908040047,-0.589342653751373,-0.0128172446207627,-0.0259985087411997,-0.410033835296071
0.101909019052982,0.153924286365509,-0.478094398975372,-0.0116597391588782,-0.0230081293612828,-0.417968312867085
0.136053934693336,0.160863950848579,-0.361455410718918,-0.00989928703205274,-0.0202033802220368,-0.423984743162892
0.176104947924614,0.127372041344643,-0.309964776039124,-0.00749355860202054,-0.0177799870934176,-0.428821576973518
0.170873433351517,0.0775362998247147,-0.319659739732742,-0.00497003181806881,-0.0160740913933036,-0.433673300753221
0.11002766340971,-0.0033100787550211,-0.305183351039886,-0.00316888140611829,-0.0153957167667868,-0.438436873049641
0.0641408637166023,-0.0636812821030617,-0.295929402112961,-0.00219831196214786,-0.0156797202577774,-0.442992663319705
0.075701117515564,-0.0549791306257248,-0.277689933776855,-0.00127674960304128,-0.0162919193281259,-0.447319993754996
0.108154132962227,-0.0147297140210867,-0.212292283773422,7.94382153227191e-05,-0.0163615267725303,-0.45096589484391
0.144715338945389,-0.0307076144963503,-0.127699643373489,0.00202957697405937,-0.0165122562630877,-0.453318716179337
0.108142413198948,-0.0303286481648684,-0.0884217396378517,0.00382203737438384,-0.016841374575041,-0.454913893601853
0.0367662310600281,-0.0505692064762115,-0.0899738296866417,0.00471808354449371,-0.017463410066077,-0.456166778082187
-0.0415807738900185,-0.00827154796570539,-0.149180695414543,0.00433015023863671,-0.0176421688385274,-0.458155703047117
-0.0627225413918495,0.0252914726734161,-0.169576779007912,0.00333043325036217,-0.0171976281701328,-0.460653885428073
-0.055426549166441,0.0805704370141029,-0.152387142181396,0.00235370958746269,-0.0160872501787965,-0.463005483778001
-0.0140095977112651,0.114019475877285,-0.137133091688156,0.00186614482867949,-0.0142751442089324,-0.465141176561018
0.0304809063673019,0.117212072014809,-0.106937102973461,0.00209954523964327,-0.0123551333364214,-0.466926166589153
0.0293155051767826,0.106450237333775,-0.0952074751257896,0.00256517822408209,-0.0105947674703116,-0.468409873330728
0.0028492771089077,0.089150607585907,-0.114620320498943,0.00271386870046594,-0.0090606922806148,-0.469993407147845
-0.0575157962739468,0.06214988976717,-0.156690806150436,0.00215012686961727,-0.0078466992182885,-0.47214666355711
-0.108562998473644,0.0796567052602768,-0.168753325939178,0.000645582243116782,-0.00662904929646148,-0.474642321219455
-0.086537592113018,0.141473740339279,-0.130101799964905,-0.000953930597700159,-0.00460967032041509,-0.476787389585749
0.000228193588554859,0.149002239108086,-0.0601112730801105,-0.00143692241304502,-0.00228780483162623,-0.478075740908362
0.0636473819613457,0.149006232619286,-0.000959803815931082,-0.000753368805488028,-4.30779461205802e-05,-0.478383076154114
0.0826445072889328,0.132784381508827,0.0205074045807123,0.000444247598685749,0.00201696407437061,-0.478180652418687
0.0636314004659653,0.100295141339302,0.0021960420999676,0.00151475736097248,0.00363681233570374,-0.478139986793177
0.0156444348394871,0.0658998861908913,0.00719000212848186,0.00200462722716176,0.00477267562861697,-0.478068704512445
-0.0204483233392239,0.046502485871315,-0.0080155823379755,0.00185024171962191,0.00555824204465928,-0.478100461154875
-0.0427890494465828,0.0162724107503891,-0.0113946013152599,0.00130853950188459,0.00600969448808093,-0.478239732822591
-0.0481832809746265,-0.016142787411809,-0.00291775981895626,0.000565945434423759,0.00584884601336204,-0.478304992172001
-0.0441246256232262,-0.0225370358675718,0.0205979514867067,-0.000125655759833213,0.0055476891560738,-0.478114472869256
-0.0455741845071316,-0.0147227887064219,0.0643835142254829,-0.000771137284414733,0.00514730442574138,-0.477306967788678
-0.0138902878388762,-0.00496123917400837,0.0966386646032333,-0.00112776432091934,0.00494722480916288,-0.475985690643105
0.0105133214965463,-0.0385785847902298,0.109580025076866,-0.000926698070814053,0.00446397370191633,-0.474344461784346
0.00324235949665308,-0.0819630771875381,0.0891983211040497,-0.000744259945417408,0.00335396446526786,-0.472864958368223
-0.0178219117224216,-0.0982499122619629,0.0612777359783649,-0.000825111277603985,0.00183813746353852,-0.471811039417499
-0.0453576669096947,-0.0993018597364426,0.0418739467859268,-0.00134778136652017,0.000318852896336951,-0.471030173337876
-0.0494884960353374,-0.102608434855938,0.0268920660018921,-0.00207274712001963,-0.00121184502183116,-0.47054412028633
-0.0366587191820145,-0.0897030234336853,0.0216483026742935,-0.00269478592704939,-0.00267300029015485,-0.47018053357756
-0.0250723697245121,-0.0734377726912498,0.0366914346814156,-0.00313604177554587,-0.00389444432613784,-0.46970095411962
-0.0166682302951813,-0.0777369141578674,0.0506256259977818,-0.0034306940038977,-0.0050948413154572,-0.468978650146558
-0.0112596182152629,-0.0659012869000435,0.0410606153309345,-0.0035808479084897,-0.00620747380353041,-0.468276604626205
-0.0145411649718881,-0.0236105564981699,0.0496248081326485,-0.00374930844486078,-0.00683674767551239,-0.467590196215151
-0.00806915108114481,-0.00311726611107588,0.040075246244669,-0.00387932159355639,-0.00697264311557837,-0.466893710273616
0.0145437493920326,-0.0185231193900108,0.0135075524449348,-0.00376206592691035,-0.00719339497244783,-0.466560516347982
0.0231476239860058,-0.00128847314044833,0.00396864209324121,-0.00339706101212865,-0.00735158312787919,-0.466467219537522
0.0176865458488464,0.0107263773679733,0.0188967250287533,-0.0030893154402455,-0.007185606533937,-0.466290489664725
0.00896817818284035,-0.00427676551043987,0.0412517264485359,-0.00287833978920779,-0.00721278718995273,-0.465809198415024
0.00988403894007206,-0.00202666083350778,0.0583476237952709,-0.00273260110495849,-0.00736704663553808,-0.46501941262516
0.0182964317500591,-0.00200002919882536,0.0712181478738785,-0.00246593771816768,-0.00747533475794876,-0.464029164965515
0.0298231244087219,-0.00843529123812914,0.0937144085764885,-0.0020367104076469,-0.00763922397091601,-0.462732517447351
0.0314244851469994,-0.0146236792206764,0.154593721032143,-0.00144304485554676,-0.00802347865805007,-0.460774601792084
0.00856843777000904,0.00417610770091414,0.208930730819702,-0.00106287861352636,-0.00820373040843421,-0.45784790289927
-0.00755513925105333,0.00758442096412182,0.224848985671997,-0.000994449067338685,-0.00832617901256402,-0.454524981752755
-0.0102316150441766,0.0653039067983627,0.285763472318649,-0.0010096461850385,-0.00798194866659491,-0.45052575704159
0.0176133308559656,0.110111862421036,0.390651017427444,-0.000757741170398771,-0.00695282405151264,-0.445303880152199
0.0603626593947411,0.132120490074158,0.497748970985413,0.00024843273931803,-0.00552238672442021,-0.438239709105633
0.0654343813657761,0.0737839490175247,0.528695940971375,0.00149128699482934,-0.0047080598043316,-0.430478824161175
0.149448052048683,-0.0081673776730895,0.672271192073822,0.00358596539384941,-0.00520081798792623,-0.421279227994379
0.161260768771172,0.0475728511810303,0.782405197620392,0.0064581634790111,-0.00586114510140098,-0.410097260807569
0.164068549871445,0.163189455866814,0.94593870639801,0.0094285478193056,-0.00504201111015226,-0.396698287272484
0.141970172524452,0.221145436167717,1.03449475765228,0.0123324287312723,-0.00327228286550267,-0.381581604696219
0.0917946174740791,0.269078612327576,1.04382753372192,0.0146661079854732,-0.00088556343086918,-0.365828062567593
0.0333922952413559,0.282227963209152,1.01996505260468,0.0161712960489239,0.00201830403244525,-0.35038688521398
-0.0198885053396225,0.224018722772598,1.02169716358185,0.0168795269656434,0.00424824285296403,-0.334995758680584
-0.0821228474378586,0.206166759133339,1.07147002220154,0.0168188129100155,0.00591307792338333,-0.319086042256103
-0.132202535867691,0.28110945224762,1.06908226013184,0.0158726904961872,0.00820697491796669,-0.302712775301019
-0.111926019191742,0.229025736451149,1.0670268535614,0.0149045658773651,0.0104477796095714,-0.286606861600752
-0.0539428777992725,0.25293904542923,1.1379142999649,0.0147314128761468,0.012515887372679,-0.269756855224826
-0.000397094525396824,0.307292848825455,1.22802662849426,0.0155776498565234,0.015245930539745,-0.251642550790366
-0.0577751658856869,0.336702138185501,1.20845878124237,0.0162980805702535,0.0185602679219901,-0.23313866645469
-0.190319359302521,0.207024559378624,1.13698220252991,0.015235937945348,0.0207500626901269,-0.215507246628917
-0.252515882253647,0.136546924710274,1.06174957752228,0.012712455219902,0.0215437569014479,-0.198862332267245
-0.198663577437401,-0.00696549285203218,1.00001525878906,0.0103660276339792,0.0209385599562144,-0.183304035588444
-0.0614990629255772,-0.0832325667142868,1.03607559204102,0.00971804797218602,0.0184410813307525,-0.167844938661701
0.0519420094788074,0.0389114506542683,1.09887659549713,0.0109955182764951,0.0168782045302107,-0.15157545986923
0.122256919741631,0.168056920170784,1.21907520294189,0.0136237913459146,0.0173169602104576,-0.133997288050325
0.11112304776907,0.219280689954758,1.27245247364044,0.0166572232106433,0.0186686054555384,-0.114976160789223
0.0415514186024666,0.301446408033371,1.18343842029572,0.0188201608370842,0.0212428581021004,-0.0966521521898079
0.00737640634179115,0.265292406082153,1.07104229927063,0.0201371914263688,0.0239330500517304,-0.0800017735535963
0.0501901805400848,0.164285078644753,1.05199754238129,0.0216848888838803,0.0253311376282737,-0.0641913469282124
0.164965227246284,0.0664786249399185,1.09002697467804,0.0246892205995378,0.0251935612387273,-0.0480294172245778
0.223588868975639,0.0250467676669359,1.08929944038391,0.028958888978044,0.0239609113085715,-0.0318937618481644
0.22608371078968,0.112067155539989,1.1673641204834,0.033571239123179,0.0231911543752348,-0.0148062583445674
0.200939208269119,0.227778568863869,1.1149834394455,0.0379126182934567,0.0242565799725609,0.00220010907920547
0.146340414881706,0.160430163145065,1.02378344535828,0.0415577488338493,0.0253124579009598,0.0178882986187255
0.114921241998672,0.0595645308494568,0.963672697544098,0.0444044375015618,0.0248458249788384,0.0326191835536103
0.0990333557128906,-0.0237830895930529,0.954943418502808,0.0470178253260456,0.0230172341530806,0.0469595182654629
0.0227127522230148,0.0272286962717772,0.907506108283997,0.0487123496064827,0.0213238841745863,0.0608928623120703
-0.0676680058240891,0.0914233922958374,0.883485972881317,0.0490348763823841,0.0206744952699376,0.074437376398825
-0.0843987837433815,0.125959530472755,0.846031844615936,0.048516857172338,0.0208346222292779,0.0874043809354515
-0.00481714308261871,0.116035796701908,0.884986937046051,0.0488865985647793,0.0210307552419047,0.100635478634089
0.0307507030665874,0.0214323252439499,0.841337740421295,0.0500957903702103,0.0203350254732778,0.113661145112879
-0.00685659144073725,-0.155313685536385,0.759752333164215,0.0510279643670316,0.0173071189064645,0.125540132854629
-0.101547412574291,-0.123550429940224,0.742080092430115,0.0506742694562751,0.013541506629213,0.136808222900376
-0.148020640015602,0.00265144789591432,0.813457071781158,0.0492368556706532,0.0114863795077495,0.148801232328731
-0.1559898853302,0.108013287186623,0.869044184684753,0.0476628489791913,0.0109137668145385,0.161959468163869
-0.192828327417374,0.114413395524025,0.816479802131653,0.0456518124437236,0.0109802715818819,0.174854507079596
-0.172185108065605,0.0870113372802734,0.771731734275818,0.0435036256033099,0.0110365577750061,0.186835116230743
-0.11164265871048,0.0370352528989315,0.795571863651276,0.0421622322925573,0.0103803237481912,0.198782380121617
-0.0923387333750725,0.0238773748278618,0.781800627708435,0.0414252981473885,0.00932264350889358,0.210891907633779
-0.104595132172108,0.0669273734092712,0.719820380210876,0.0405402744346735,0.00876229978730438,0.222188343568678
-0.102093622088432,0.0385452657938004,0.678157329559326,0.0395572533738418,0.00833969722980842,0.232695670273626
-0.122084371745586,0.0276619922369719,0.649181067943573,0.0383793870750404,0.00754476892320979,0.24275171092145
-0.126513227820396,0.0992392376065254,0.666310548782349,0.0369481276437861,0.00746713156171265,0.252807108524579
-0.111606702208519,0.181458741426468,0.665420472621918,0.0357487242001703,0.00870140241863646,0.263012285275127
-0.118577264249325,0.129232555627823,0.610856592655182,0.0345036951994457,0.00993923371573759,0.272670376343472
-0.109388552606106,0.0421788841485977,0.537139773368835,0.0332428145875221,0.0100328485367358,0.281282107675445
-0.0461326241493225,0.0113314893096685,0.493733465671539,0.032601145186033,0.00938476958598301,0.288948908145039
0.0385268703103065,0.0571975149214268,0.437726110219955,0.0331770024962769,0.00930308041249633,0.295935388978746
0.0213382951915264,0.0459014512598515,0.331872910261154,0.034002433003493,0.00944538981200455,0.301508348921837
-0.064729206264019,0.00330818351358175,0.18282163143158,0.0337363798688207,0.00936999286626491,0.305083782200557
-0.184920877218246,-0.0423549078404903,0.0367493852972984,0.031542780385511,0.00876303549452271,0.306430177078417
-0.176200270652771,-0.0338484272360802,0.0143883442506194,0.0286868016338854,0.00805758102904621,0.306864054775073
-0.0683654099702835,-0.0041741537861526,-0.0105127450078726,0.0271201144832569,0.00780816316944233,0.306906133836016
0.0188272781670094,0.0485708154737949,0.00932993646711111,0.0270326542669302,0.00820697036833311,0.306996476460982
0.0371301174163818,0.0386273711919785,-0.0119204912334681,0.0275992546256137,0.00889427111263282,0.306907188080482
-0.00748075917363167,0.0322589538991451,-0.0282366126775742,0.0276922017732944,0.00938289818446925,0.306562259141659
-0.0509794987738132,-0.0120363384485245,-0.0488548092544079,0.0270793189342328,0.00951465366711005,0.305961729083705
-0.0516660623252392,-0.0750541836023331,-0.0905726924538612,0.0261985830995609,0.008820090959533,0.304866483168009
0.0047801686450839,-0.0796369537711143,-0.0870061814785004,0.0258303137904837,0.00761274042638777,0.303388426295329
0.0650163441896439,0.0167327262461185,-0.032052394002676,0.0265274884167202,0.00746363178653302,0.302637986981847
0.0372848473489285,0.0536920726299286,-0.0300603453069925,0.0272584401684372,0.00817383050659404,0.302162000290143
-0.00861766189336777,0.0572085119783878,-0.0207435432821512,0.0272486619411241,0.00905031619896089,0.301759185755181
-0.0333107598125935,0.0552710629999638,0.000453620217740536,0.0268890516251699,0.00992527112145503,0.301716248229918
-0.0673313140869141,0.00991450063884258,-0.00728818960487843,0.0259809792561269,0.0103055027316313,0.301666217858874
-0.0555420257151127,-0.00317440321668983,-0.0147003000602126,0.0249920409588742,0.0103661778089719,0.301539084706817
-0.015891021117568,-0.0143242590129375,-0.0400850176811218,0.0245386045859222,0.0103618908399171,0.301139711806214
0.00245309853926301,-0.0405326969921589,-0.0656231343746185,0.0244568018049158,0.00997662706422272,0.300234841677005
-0.0103788115084171,-0.044775377959013,-0.0603708513081074,0.024331037169634,0.00938116158818429,0.299262930955114
-0.0390514694154263,-0.0208777654916048,-0.0722815692424774,0.0238328112877341,0.00907887876541745,0.298271940891139
-0.0464329533278942,-0.0317155010998249,-0.0808841064572334,0.02309625186201,0.0087979338731143,0.297114022390704
-0.0695854127407074,-0.0328603945672512,-0.114143259823322,0.0221077076260115,0.00840255984108062,0.295617089344757
-0.0895026624202728,-0.0394570454955101,-0.151658684015274,0.0206957271994121,0.00810085615377367,0.293633479527852
-0.0311477370560169,-0.0997675210237503,-0.243185147643089,0.0196986403516735,0.00731604608603032,0.290476501816913
0.0102550946176052,-0.210940912365913,-0.34448379278183,0.0195014514963313,0.00512116182447663,0.285815752279666
0.0146335978060961,-0.229436561465263,-0.35728931427002,0.0193919567252015,0.00209302098487123,0.280250392906357
0.0894234180450439,-0.0939429253339767,-0.261619001626968,0.0200909928611716,0.000332553094847726,0.275758441402002
0.141503393650055,-0.0161591768264771,-0.248387888073921,0.0218690190997881,0.000242499210612923,0.271980166313185
0.174726322293282,0.0387858301401138,-0.271613299846649,0.0241019744305889,0.000995612312790391,0.267849031334715
0.236735373735428,0.101162917912006,-0.296780169010162,0.0271093330837233,0.00266867407205266,0.263435658270446
0.207466423511505,0.111791864037514,-0.36210697889328,0.0303262956660413,0.00503739271779687,0.258146425462174
-0.0696692913770676,-0.0325474739074707,-0.470849722623825,0.0304799753748728,0.00596712253009582,0.251647447518015
-0.259748160839081,-0.190738171339035,-0.664478540420532,0.026794492190724,0.00497414567874688,0.242650279526463
-0.243218183517456,-0.330808192491531,-0.72324812412262,0.0223954496288668,0.00158220081940704,0.232120869279294
-0.129861265420914,-0.283318728208542,-0.648773372173309,0.0192593739708592,-0.00215447102537388,0.221807496177997
0.0467103086411953,-0.0862924605607986,-0.495777428150177,0.018753066348674,-0.00379431207628697,0.213620059036128
0.13768096268177,0.0403451099991798,-0.422438234090805,0.0203023558227221,-0.00293652105785001,0.206887636753756
0.0642365664243698,0.0298210978507996,-0.431470096111298,0.0215305693862921,-0.00172482081200197,0.200415982275169
-0.135387867689133,-0.0302749965339899,-0.510790228843689,0.0202105249532018,-0.0011182061779982,0.193244911201591
-0.315506488084793,-0.0906579121947289,-0.62736314535141,0.0158160575918798,-0.00143834859078817,0.184551426808059
-0.269061237573624,-0.141055300831795,-0.697597622871399,0.0108723384121645,-0.00223134607315023,0.174486100272538
-0.0749442279338837,-0.196224540472031,-0.716681301593781,0.00823171056717244,-0.00415137055549406,0.163836127696581
0.174007013440132,-0.156036913394928,-0.672303438186646,0.00914968052047981,-0.00589782994690707,0.153321768697084
0.405246883630753,0.00264167413115501,-0.555301189422607,0.0138879236973617,-0.00578224242636429,0.144107392210455
0.50145149230957,0.0556878447532654,-0.469184696674347,0.0208751378911074,-0.00429716633943215,0.136317837609878
0.446855843067169,-0.0500047616660595,-0.437604397535324,0.0277697154462954,-0.00369477883325843,0.129263878775417
0.188038662075996,-0.179843708872795,-0.447959303855896,0.0317382685565745,-0.00504611830929981,0.122409692082419
-0.150241911411285,-0.212132677435875,-0.513201951980591,0.0307978723119786,-0.00736193912681139,0.115027353931587
-0.340390264987946,-0.226733446121216,-0.580667793750763,0.0260240995034848,-0.00974169388831606,0.106684128640019
-0.355948984622955,-0.284294217824936,-0.62781697511673,0.0202502368874522,-0.0128903269452183,0.0976309351033409
-0.242707937955856,-0.308826476335526,-0.660212159156799,0.0156117883202623,-0.0165328175530966,0.0878867380541611
-0.0690442472696304,-0.274994730949402,-0.657981514930725,0.0134395955961055,-0.0199235507452121,0.0779175399089126
0.0623404011130333,-0.217795357108116,-0.573768079280853,0.013629640465533,-0.0227361065142111,0.0687635511048609
0.0596487447619438,-0.136247768998146,-0.511762261390686,0.0145297225847731,-0.0244563196713598,0.0607340449167153
-0.033347774296999,-0.109645985066891,-0.479233354330063,0.0143540010281682,-0.0254081247105412,0.0533434382103828
-0.115325197577477,-0.122289605438709,-0.487254798412323,0.0128135494874836,-0.0265312469041377,0.0460953194170756
-0.111850306391716,-0.154952213168144,-0.518235862255096,0.0108797697616499,-0.0279927471300851,0.0384865335125572
-0.0541510619223118,-0.163983255624771,-0.53602522611618,0.009636603535077,-0.0297112896341208,0.0304925546517449
0.0333968997001648,-0.115782178938389,-0.55676805973053,0.00956419286766196,-0.0310741811052581,0.0222074195387189
0.122965127229691,0.00393224228173494,-0.566747486591339,0.0108734741911888,-0.0308590855673348,0.0136050098725885
0.143796637654305,0.0192760452628136,-0.512129783630371,0.0129248779898563,-0.0296957709008088,0.00552661779231646
0.0876542776823044,-0.0623037740588188,-0.426068663597107,0.0144588588145879,-0.0296170481022883,-0.00141889592313195
0.0110844038426876,-0.0841305032372475,-0.32085782289505,0.0148896873618658,-0.0303833556583138,-0.00676700237127821
-0.0523805879056454,-0.0369174554944038,-0.253941088914871,0.0143516905940917,-0.0308253651748119,-0.0108932199924051
-0.107297897338867,0.028646644204855,-0.190154686570168,0.0129505860394011,-0.0303953331528034,-0.0140708303728124
-0.146196827292442,0.0637985020875931,-0.129497990012169,0.0108718262459839,-0.0293483795090209,-0.0162704690006643
-0.165738314390182,0.0576106496155262,-0.0879798382520676,0.00844207754766731,-0.0282638076222841,-0.0177669969402688
-0.175588011741638,0.0534814186394215,-0.0581444464623928,0.00583387720975677,-0.0273465532958516,-0.0187511493185797
-0.138569802045822,0.0361466370522976,-0.0258813127875328,0.00355012724255357,-0.0265827878485791,-0.0192694268768236
-0.0747762471437454,0.0142677761614323,-0.00947035755962133,0.00209318831201061,-0.0262970910279532,-0.0194733652883946
-0.0163595378398895,0.0184326954185963,0.0122732874006033,0.00161078903168464,-0.0260206621252457,-0.0193849726224077
0.00719186197966337,0.0269169919192791,-0.000380988931283355,0.00167278223608378,-0.025635979046132,-0.019318439735741
-0.00664299260824919,0.033468633890152,-0.00260046729817986,0.00171652191346044,-0.025119847595447,-0.0193392961205807
-0.03647705540061,0.0303617920726538,-0.00279754120856524,0.0013210391273655,-0.0245989317691559,-0.0193573707016285
-0.0759565532207489,0.0262512024492025,0.00334956706501544,0.000389371694539439,-0.024144000589775,-0.019282324122304
-0.0991697311401367,0.00673715583980083,-0.0224522016942501,-0.00103261198826418,-0.023934954618523,-0.019429968057914
-0.0873077511787415,0.00118339993059635,-0.0384002774953842,-0.00244268165106168,-0.0238243129236488,-0.0199332579058218
-0.0381138324737549,0.028992660343647,-0.0594126172363758,-0.00335770727682104,-0.0234991055215455,-0.0206792063990969
0.0173393040895462,0.0330329425632954,-0.0643879324197769,-0.00335015659811581,-0.0229482137699678,-0.0216595498870999
0.0300183482468128,0.0525248870253563,-0.0525384657084942,-0.00290501223272235,-0.0221639337937436,-0.0224842688627303
0.00773701118305326,0.0460781678557396,-0.0633695423603058,-0.00267465624486676,-0.021410509749245,-0.0234019498313571
-0.0264728888869286,0.0506385639309883,-0.0507717244327068,-0.00292079509740997,-0.020574297676075,-0.0242630452747209
-0.0564342476427555,0.0346159264445305,-0.0360305979847908,-0.00364994350923147,-0.0199083848500791,-0.0248678542287463
-0.0544493980705738,0.0227840337902308,-0.0189416222274303,-0.00452655680884023,-0.019475684259834,-0.0252275872738517
-0.0182967185974121,0.0259052570909262,-0.0101595837622881,-0.00499216624057082,-0.0191150224150526,-0.0254013589235235
0.00821238569915295,0.0204428471624851,0.00495918188244104,-0.00498436567856031,-0.0186746889989277,-0.0254343775313013
0.00284025724977255,0.011833380907774,0.0102556757628918,-0.00488680017713859,-0.0185008041973331,-0.0252642773984647
-0.015101726166904,-0.00550672691315413,-0.00910177640616894,-0.00503695708389233,-0.01854041613437,-0.0253211578753401
-0.0363694615662098,0.00972628779709339,-0.0145649844780564,-0.0055099075118681,-0.0184988640190958,-0.025564325137665
-0.0555796436965466,0.020662559196353,-0.0114751849323511,-0.00627691717371461,-0.0182293435750926,-0.0257324631264207
-0.0278308354318142,0.0270000826567411,-0.0166284032166004,-0.00687729090712583,-0.017836984455685,-0.0259417623879539
0.00518357241526246,0.0203573610633612,-0.0142842875793576,-0.00696514593399668,-0.0174053252197599,-0.0262047178874152
0.0102824606001377,-0.0347474366426468,0.0134621225297451,-0.00676518036569237,-0.0176556028605983,-0.0261892154924269
-0.0269975326955318,-0.0519013926386833,0.0121348025277257,-0.00696265555069114,-0.018415953014744,-0.025929170194032
-0.0630697831511497,-0.0409960150718689,-0.00624473672360182,-0.00776701207007514,-0.0191189877565216,-0.0259695012576651
-0.059032429009676,0.00134318973869085,0.0183868408203125,-0.00872204843533068,-0.0193772161030969,-0.025792316017811
-0.0282332375645638,0.0337376147508621,0.0292988754808903,-0.00932017813419798,-0.0189971902231007,-0.0253804639000695
-0.00270790606737137,0.0368926599621773,0.0348078906536102,-0.00944554704072975,-0.0184574978414384,-0.0248368173058723
-0.00670584384351969,0.0237622112035751,0.00486543821170926,-0.00951024762426733,-0.0180499147378208,-0.024631833515372
-0.0161520764231682,-0.0293297674506903,-0.0102000636979938,-0.00971008550830528,-0.0181818182776585,-0.0246988634686499
-0.0233998671174049,-0.0532398968935013,-0.0337663777172565,-0.0100395878541597,-0.0189072517124255,-0.0251139922054146
-0.033134788274765,-0.0314536392688751,-0.0177884735167027,-0.0104885298721232,-0.01948132792265,-0.0254785641270493
-0.0364775881171227,-0.00536637846380472,-0.00176476733759046,-0.0110246181960684,-0.0196578424880548,-0.025572904270177
-0.0397050715982914,0.00657683378085494,0.00142996048089117,-0.0116157843221306,-0.0195825759942919,-0.0255416913745346
-0.0407250635325909,-0.0270085576921701,-0.00288169737905264,-0.0122167851128284,-0.0197628859141281,-0.0255259188357211
-0.0354450792074203,-0.0226745288819075,0.00249682273715734,-0.012794581294402,-0.0201773792830523,-0.0255489945710536
-0.0281141959130764,0.0044337878935039,0.0164549835026264,-0.0132544619890312,-0.0203157885720933,-0.0253479923005122
-0.0163664594292641,0.00869271531701088,0.0133316274732351,-0.0135648838473881,-0.0201376703588328,-0.025128403988788
0.00268792407587171,0.0249169580638409,0.0273553021252155,-0.0136186448789166,-0.0199559998589093,-0.0247956470243431
0.0133040826767683,0.0703624710440636,0.0306730680167675,-0.0134610582987474,-0.0191426413790366,-0.0243161642826751
0.0124995419755578,0.0702109336853027,0.000764170195907354,-0.0132430666110825,-0.0181118912462592,-0.0241651056041252
-0.00127006601542234,0.038829579949379,-0.00790015794336796,-0.0131939914205091,-0.0172782651147911,-0.0242527727461074
-0.0066025136038661,0.0204521678388119,-0.00688496138900518,-0.0132540409639336,-0.0169147839711622,-0.0243651170449951
-0.0225979909300804,-0.00436609517782927,-0.00487746996805072,-0.0134970534973344,-0.0167916303786825,-0.0244310462616073
-0.0236302316188812,0.0118592139333487,-0.00914012547582388,-0.0139178628136924,-0.0167601772446419,-0.0245470397625039
0.00923264212906361,0.0529453977942467,0.00926977396011353,-0.0139712840747224,-0.016257602173134,-0.0245200704026989
0.111783519387245,0.220753580331802,0.0976765975356102,-0.0128151339201305,-0.0139162293935202,-0.0235692071248862
0.136053711175919,0.274913460016251,0.123519383370876,-0.0107243962849592,-0.0099426093932496,-0.0218550956692229
0.0989987477660179,0.176423400640488,0.0986177623271942,-0.00892475512074221,-0.00686232495319346,-0.0202518002026606
0.0056442990899086,0.0542783066630363,0.0541030243039131,-0.00829398693684574,-0.0055907728023326,-0.0191806858823305
-0.083581455051899,-0.018003610894084,0.0235480442643166,-0.00915924903957194,-0.0055358622419963,-0.0186738241472141
-0.117475770413876,-0.0461130067706108,0.000872294651344419,-0.0108265420304061,-0.00621987441819771,-0.0185083061648341
-0.0940026715397835,0.0154696609824896,-0.00425429036840796,-0.0123962322477771,-0.00637671255299067,-0.0185016733959877
-0.0240329019725323,0.133361145853996,0.033696286380291,-0.0131262974441156,-0.00497081950557921,-0.0182092290374843
0.0510362833738327,0.193982154130936,0.0993911400437355,-0.012672680917068,-0.0024248833231892,-0.0170685312826768
0.0901666358113289,0.215625122189522,0.132774397730827,-0.0113948150926906,0.000758002180010819,-0.0151963775760347
0.0734869912266731,0.118043437600136,0.0930544212460518,-0.0100364523816033,0.00295913286713657,-0.0135937990231468
0.0133104752749205,0.00648042745888233,0.0316781438887119,-0.00949762009044441,0.0034860654493476,-0.0128485317061066
-0.0257631577551365,-0.0563384816050529,-0.00708523113280535,-0.00972948801466492,0.00294303677731404,-0.0127992645906693
-0.020483173429966,-0.0520044565200806,-0.00170671055093408,-0.0101131146824198,0.00207914153977647,-0.0128401601674024
-0.000504673458635807,0.0086895190179348,0.0273185484111309,-0.0102082303580131,0.00190516536949976,-0.0125744077281847
0.0130460225045681,0.020713958889246,0.0615939646959305,-0.0100103892370675,0.00211661785559376,-0.0118142591902288
-0.00961161870509386,0.02856788598001,0.0934938415884972,-0.00996546347259825,0.00237980608395045,-0.0105517724882251
-0.0212754644453526,0.0242586247622967,0.0870058462023735,-0.0102077491696492,0.00270850942693565,-0.00915562242661114
0.00770984683185816,0.0174963269382715,0.0626240745186806,-0.0102469858119566,0.00284786794866085,-0.00808546293577671
0.0747163072228432,0.0204987749457359,0.0769465565681458,-0.00942656534440579,0.00310092630598166,-0.0070620892035433
0.107727244496346,0.0160199236124754,0.0792911574244499,-0.00785607293575291,0.00326815540161113,-0.00587750256847769
0.0600745007395744,-0.013162462040782,0.045845054090023,-0.00664334910343756,0.00322907319255057,-0.00507610579888003
0.00790450815111399,-0.0280966702848673,0.0412191413342953,-0.00624561405050336,0.00281612132728001,-0.0044888020483282
-0.0410097725689411,-0.0560737140476704,0.0301936585456133,-0.00660719123878202,0.00204907139285816,-0.00392811083351252
-0.0483971126377583,-0.0430889390408993,0.0216145496815443,-0.00737830204093383,0.00126419474298442,-0.00352904995354786
-0.00150257628411055,-0.0130032058805227,0.0198131892830133,-0.00768997509128233,0.000880828463564569,-0.00319120682318141
0.0666282773017883,0.0159432236105204,0.0266926661133766,-0.00704766571433069,0.00102509627791648,-0.00286948009479468
0.107163451611996,0.0222200285643339,0.0216225404292345,-0.00555170803301522,0.0012908440264989,-0.00258628229745195
0.0839100629091263,0.0146396066993475,0.000104198465123773,-0.00408087548314764,0.0015007467680007,-0.00251880600424037
-0.0139789525419474,0.015021238476038,-0.0165517441928387,-0.00377363541000793,0.00182527674428041,-0.00271604218428206
-0.0970330908894539,0.00996815599501133,-0.0235047247260809,-0.0049088604294589,0.0020067870709266,-0.00298516208309971
-0.100334614515305,0.0197904277592897,-0.0117687061429024,-0.00652931590220959,0.00228074048316059,-0.00313046675728255
-0.0269205830991268,0.0400767885148525,0.000476508401334286,-0.00737084045932608,0.00280885568408823,-0.0031783344778841
0.0635264962911606,0.0472992807626724,0.0149555830284953,-0.00683526117044818,0.00352646705428819,-0.0030786483816035
0.089977003633976,0.052698839455843,0.0364925637841225,-0.005549455838467,0.0042989952950782,-0.00266172985504105
0.0570116005837917,0.0116741769015789,0.0298298690468073,-0.00442205456269741,0.00467971565318809,-0.00224366969223599
-0.0218392722308636,-0.0193481873720884,0.0303545128554106,-0.00432449328256308,0.00447829748923844,-0.00176517512144646
-0.0707681998610497,-0.0256628077477217,0.0204182583838701,-0.00519161981736214,0.00403263390948289,-0.00135856624817242
-0.0514344498515129,-0.0464173555374146,0.00343581289052963,-0.00609836285485932,0.00341043221546675,-0.00114933865421309
-0.00348929408937693,-0.03148527815938,0.00376231642439961,-0.00640465001445721,0.00280694229993551,-0.00110053363697117
0.0272822007536888,-0.0380507707595825,0.0189077127724886,-0.00608123800601326,0.00230946403350222,-0.00088957152672213
0.020926034078002,-0.0369599387049675,0.0145955234766006,-0.00566123884251733,0.00168023201302067,-0.000650561636439839
-0.00884757377207279,-0.0206147860735655,0.00694213062524796,-0.0056638318441478,0.00126959614337235,-0.000523396744859156
-0.0206299312412739,0.00221409648656845,0.0132959010079503,-0.00593486253239192,0.00113880872929659,-0.000363682805565313
-0.0185611881315708,0.0282257236540318,0.0197428818792105,-0.00622481614594707,0.00142915544437941,-9.79130492378966e-06
0.0135003421455622,0.0182724259793758,0.00926174409687519,-0.00616149788537032,0.00181881505250731,0.000217317361674227
0.0305706709623337,0.00518618430942297,0.00722389295697212,-0.0057577238034872,0.00193116268444023,0.000322992609524606
0.0348469093441963,0.0235630609095097,0.00513384444639087,-0.00528169635852292,0.0021632404653314,0.000350658177095065
0.0421373136341572,0.0257939919829369,0.0244071409106255,-0.00468792297311321,0.00254268533815625,0.000582939231025092
0.0165384765714407,0.0183523204177618,0.0274372864514589,-0.00425830999913956,0.00282946108054296,0.00100491897424181
-0.0206461772322655,0.0303735639899969,0.0143915247172117,-0.00436240388775712,0.00318027884990722,0.00128327002385445
-0.0472708642482758,0.0131690092384815,0.0131334476172924,-0.00496981789356084,0.00345978125322233,0.00151810264834709
-0.0440822616219521,0.00774521566927433,0.0142168216407299,-0.00570085898391356,0.00349425318905709,0.00173130827916335
-0.0195942278951406,0.009805703535676,0.0165140647441149,-0.00613677781983873,0.00361631730590886,0.0020013761692028
0.00922836549580097,-0.0174299124628305,0.0113347489386797,-0.0061022914570238,0.00348153593301155,0.00220255272167179
0.00694896560162306,0.0173150189220905,0.0273739024996758,-0.00592466348063753,0.00353810092210065,0.00248892081983515
0.0109975030645728,0.0520687364041805,0.050930093973875,-0.0057445957395957,0.0041519268003744,0.0031359447480145
0.164256826043129,0.127234071493149,0.0701565146446228,-0.00424386596507768,0.00545275208655332,0.00395751910084841
0.118407316505909,0.0668404921889305,0.0751387625932693,-0.00207588838874632,0.00711135789498112,0.00518847067197595
0.0157046392560005,-0.0900497883558273,0.00382942799478769,-0.001223071466812,0.00650384111889114,0.0054863776779962
-0.11811600625515,-0.119989052414894,-0.046197522431612,-0.00239343804731466,0.00451813313785538,0.00511491640266723
